[ Info: Oceananigans will use 8 threads
[ Info: Oceananigans architecture: GPU{CUDABackend}(CUDABackend(false, false))  (set OCEAN_ARCH=GPU|CPU to change)
[ Info: Run 1/10: wind 5.38 m/s from 329°, 28 sources, grid 128×128×64
[ Info: Run 1 warmup (winter, GPU{CUDABackend}(CUDABackend(false, false))): 30 minutes with no output...
[ Info: Initializing simulation...
[ Info: i: 0000, t: 0 seconds, Δt: 500 ms, umax = (1.8e-03, 4.8e-04, 4.6e-04) m/s, wall: 0 seconds
[ Info:     ... simulation initialization complete (13.901 seconds)
[ Info: Executing initial time step...
[ Info:     ... initial time step complete (3.556 seconds).
[ Info: i: 0050, t: 33.578 seconds, Δt: 805.255 ms, umax = (3.2e-02, 4.3e-03, 1.4e-02) m/s, wall: 18.529 seconds
[ Info: i: 0100, t: 1.461 minutes, Δt: 1.297 seconds, umax = (1.7e-01, 2.2e-02, 9.0e-02) m/s, wall: 19.714 seconds
[ Info: i: 0150, t: 2.912 minutes, Δt: 2.089 seconds, umax = (4.9e-01, 7.9e-02, 2.8e-01) m/s, wall: 20.891 seconds
[ Info: i: 0200, t: 4.975 minutes, Δt: 2.309 seconds, umax = (6.7e-01, 2.1e-01, 4.5e-01) m/s, wall: 22.068 seconds
[ Info: i: 0250, t: 6.665 minutes, Δt: 1.876 seconds, umax = (9.6e-01, 3.6e-01, 5.4e-01) m/s, wall: 23.244 seconds
[ Info: i: 0300, t: 8.081 minutes, Δt: 1.524 seconds, umax = (1.2e+00, 5.0e-01, 7.4e-01) m/s, wall: 24.421 seconds
[ Info: i: 0350, t: 8.977 minutes, Δt: 939.905 ms, umax = (1.3e+00, 6.1e-01, 1.1e+00) m/s, wall: 25.600 seconds
[ Info: i: 0400, t: 9.703 minutes, Δt: 864.756 ms, umax = (1.6e+00, 9.3e-01, 1.2e+00) m/s, wall: 26.776 seconds
[ Info: i: 0450, t: 10.405 minutes, Δt: 836.795 ms, umax = (1.6e+00, 1.0e+00, 1.2e+00) m/s, wall: 27.953 seconds
[ Info: i: 0500, t: 11.128 minutes, Δt: 861.845 ms, umax = (1.9e+00, 1.7e+00, 1.2e+00) m/s, wall: 29.136 seconds
[ Info: i: 0550, t: 11.826 minutes, Δt: 841.708 ms, umax = (1.7e+00, 1.5e+00, 1.1e+00) m/s, wall: 30.313 seconds
[ Info: i: 0600, t: 12.562 minutes, Δt: 856.966 ms, umax = (1.9e+00, 1.4e+00, 1.2e+00) m/s, wall: 31.498 seconds
[ Info: i: 0650, t: 13.268 minutes, Δt: 861.892 ms, umax = (1.9e+00, 1.3e+00, 1.1e+00) m/s, wall: 32.675 seconds
[ Info: i: 0700, t: 13.980 minutes, Δt: 820.835 ms, umax = (1.9e+00, 1.4e+00, 1.2e+00) m/s, wall: 33.851 seconds
[ Info: i: 0750, t: 14.670 minutes, Δt: 842.450 ms, umax = (2.0e+00, 1.5e+00, 1.2e+00) m/s, wall: 35.028 seconds
[ Info: i: 0800, t: 15.387 minutes, Δt: 866.595 ms, umax = (1.9e+00, 1.5e+00, 1.1e+00) m/s, wall: 36.205 seconds
[ Info: i: 0850, t: 16.104 minutes, Δt: 861.195 ms, umax = (2.1e+00, 1.6e+00, 1.1e+00) m/s, wall: 37.382 seconds
[ Info: i: 0900, t: 16.785 minutes, Δt: 781.274 ms, umax = (2.0e+00, 1.6e+00, 1.3e+00) m/s, wall: 38.560 seconds
[ Info: i: 0950, t: 17.435 minutes, Δt: 776.186 ms, umax = (2.0e+00, 1.6e+00, 1.2e+00) m/s, wall: 39.737 seconds
[ Info: i: 1000, t: 18.129 minutes, Δt: 865.564 ms, umax = (2.1e+00, 1.7e+00, 1.1e+00) m/s, wall: 40.915 seconds
[ Info: i: 1050, t: 18.871 minutes, Δt: 896.398 ms, umax = (2.0e+00, 1.7e+00, 1.1e+00) m/s, wall: 42.092 seconds
[ Info: i: 1100, t: 19.592 minutes, Δt: 834.535 ms, umax = (2.0e+00, 1.7e+00, 1.2e+00) m/s, wall: 43.271 seconds
[ Info: i: 1150, t: 20.255 minutes, Δt: 765.613 ms, umax = (1.9e+00, 1.7e+00, 1.3e+00) m/s, wall: 44.452 seconds
[ Info: i: 1200, t: 20.877 minutes, Δt: 755.358 ms, umax = (2.2e+00, 1.8e+00, 1.3e+00) m/s, wall: 45.629 seconds
[ Info: i: 1250, t: 21.491 minutes, Δt: 709.236 ms, umax = (2.3e+00, 1.8e+00, 1.4e+00) m/s, wall: 46.805 seconds
[ Info: i: 1300, t: 22.110 minutes, Δt: 750.676 ms, umax = (2.3e+00, 1.9e+00, 1.3e+00) m/s, wall: 47.990 seconds
[ Info: i: 1350, t: 22.754 minutes, Δt: 788.625 ms, umax = (2.2e+00, 2.2e+00, 1.2e+00) m/s, wall: 49.167 seconds
[ Info: i: 1400, t: 23.397 minutes, Δt: 773.845 ms, umax = (2.2e+00, 2.2e+00, 1.2e+00) m/s, wall: 50.344 seconds
[ Info: i: 1450, t: 24.055 minutes, Δt: 813.880 ms, umax = (2.1e+00, 2.1e+00, 1.2e+00) m/s, wall: 51.521 seconds
[ Info: i: 1500, t: 24.742 minutes, Δt: 815.963 ms, umax = (1.9e+00, 2.1e+00, 1.2e+00) m/s, wall: 52.706 seconds
[ Info: i: 1550, t: 25.428 minutes, Δt: 822.506 ms, umax = (2.1e+00, 2.0e+00, 1.3e+00) m/s, wall: 53.874 seconds
[ Info: i: 1600, t: 26.087 minutes, Δt: 722.797 ms, umax = (2.2e+00, 1.9e+00, 1.5e+00) m/s, wall: 55.050 seconds
[ Info: i: 1650, t: 26.658 minutes, Δt: 691.785 ms, umax = (2.1e+00, 2.0e+00, 1.4e+00) m/s, wall: 56.227 seconds
[ Info: i: 1700, t: 27.234 minutes, Δt: 662.315 ms, umax = (2.2e+00, 2.1e+00, 1.5e+00) m/s, wall: 57.405 seconds
[ Info: i: 1750, t: 27.825 minutes, Δt: 718.127 ms, umax = (2.3e+00, 2.0e+00, 1.4e+00) m/s, wall: 58.582 seconds
[ Info: i: 1800, t: 28.424 minutes, Δt: 741.807 ms, umax = (2.5e+00, 2.0e+00, 1.3e+00) m/s, wall: 59.764 seconds
[ Info: i: 1850, t: 29.065 minutes, Δt: 773.775 ms, umax = (2.3e+00, 2.0e+00, 1.3e+00) m/s, wall: 1.016 minutes
[ Info: i: 1900, t: 29.725 minutes, Δt: 773.741 ms, umax = (2.1e+00, 2.3e+00, 1.4e+00) m/s, wall: 1.035 minutes
[ Info: Simulation is stopping after running for 1.045 minutes.
[ Info: Simulation time 30 minutes equals or exceeds stop time 30 minutes.
[ Info: Warmup complete at t = 30 minutes; attaching output writer.
[ Info: Run 1 recording (1 hour) → /leonardo_scratch/large/userexternal/cfaccio1/oceananigans/test/nonhydro_winter_run001.nc
[ Info: Initializing simulation...
[ Info:     ... simulation initialization complete (61.058 ms)
[ Info: Executing initial time step...
[ Info:     ... initial time step complete (1.807 seconds).
[ Info: i: 1950, t: 30.331 minutes, Δt: 666.543 ms, umax = (2.1e+00, 2.1e+00, 1.6e+00) m/s, wall: 2.412 seconds
[ Info: i: 2000, t: 30.879 minutes, Δt: 693.291 ms, umax = (1.9e+00, 2.2e+00, 1.4e+00) m/s, wall: 3.590 seconds
[ Info: i: 2050, t: 31.525 minutes, Δt: 792.085 ms, umax = (2.0e+00, 2.0e+00, 1.3e+00) m/s, wall: 4.770 seconds
[ Info: i: 2100, t: 32.177 minutes, Δt: 827.956 ms, umax = (2.0e+00, 2.0e+00, 1.3e+00) m/s, wall: 6.147 seconds
[ Info: i: 2150, t: 32.866 minutes, Δt: 834.880 ms, umax = (1.9e+00, 2.0e+00, 1.2e+00) m/s, wall: 7.324 seconds
[ Info: i: 2200, t: 33.521 minutes, Δt: 752.213 ms, umax = (1.9e+00, 2.0e+00, 1.4e+00) m/s, wall: 8.500 seconds
[ Info: i: 2250, t: 34.089 minutes, Δt: 671.118 ms, umax = (2.2e+00, 1.9e+00, 1.5e+00) m/s, wall: 9.752 seconds
[ Info: i: 2300, t: 34.617 minutes, Δt: 633.669 ms, umax = (2.4e+00, 2.0e+00, 1.5e+00) m/s, wall: 10.928 seconds
[ Info: i: 2350, t: 35.202 minutes, Δt: 699.812 ms, umax = (1.9e+00, 2.1e+00, 1.4e+00) m/s, wall: 12.105 seconds
[ Info: i: 2400, t: 35.768 minutes, Δt: 654.308 ms, umax = (1.8e+00, 2.0e+00, 1.5e+00) m/s, wall: 13.281 seconds
[ Info: i: 2450, t: 36.355 minutes, Δt: 762.755 ms, umax = (1.8e+00, 2.0e+00, 1.4e+00) m/s, wall: 14.569 seconds
[ Info: i: 2500, t: 36.951 minutes, Δt: 726.125 ms, umax = (1.8e+00, 2.1e+00, 1.3e+00) m/s, wall: 15.746 seconds
[ Info: i: 2550, t: 37.573 minutes, Δt: 766.522 ms, umax = (1.9e+00, 2.2e+00, 1.3e+00) m/s, wall: 16.929 seconds
[ Info: i: 2600, t: 38.251 minutes, Δt: 834.347 ms, umax = (1.7e+00, 2.2e+00, 1.2e+00) m/s, wall: 18.171 seconds
[ Info: i: 2650, t: 38.925 minutes, Δt: 815.063 ms, umax = (1.6e+00, 2.0e+00, 1.3e+00) m/s, wall: 19.347 seconds
[ Info: i: 2700, t: 39.580 minutes, Δt: 798.537 ms, umax = (1.9e+00, 2.0e+00, 1.3e+00) m/s, wall: 20.524 seconds
[ Info: i: 2750, t: 40.224 minutes, Δt: 725.950 ms, umax = (2.2e+00, 2.1e+00, 1.5e+00) m/s, wall: 21.763 seconds
[ Info: i: 2800, t: 40.783 minutes, Δt: 678.084 ms, umax = (1.9e+00, 2.2e+00, 1.5e+00) m/s, wall: 22.939 seconds
[ Info: i: 2850, t: 41.359 minutes, Δt: 708.270 ms, umax = (2.0e+00, 2.1e+00, 1.4e+00) m/s, wall: 24.115 seconds
[ Info: i: 2900, t: 42.014 minutes, Δt: 810.105 ms, umax = (1.9e+00, 2.1e+00, 1.2e+00) m/s, wall: 25.471 seconds
[ Info: i: 2950, t: 42.627 minutes, Δt: 704.600 ms, umax = (1.9e+00, 1.9e+00, 1.4e+00) m/s, wall: 26.565 seconds
[ Info: i: 3000, t: 43.219 minutes, Δt: 677.084 ms, umax = (1.7e+00, 1.9e+00, 1.5e+00) m/s, wall: 27.742 seconds
[ Info: i: 3050, t: 43.804 minutes, Δt: 746.752 ms, umax = (1.8e+00, 2.1e+00, 1.3e+00) m/s, wall: 28.919 seconds
[ Info: i: 3100, t: 44.419 minutes, Δt: 737.481 ms, umax = (2.0e+00, 2.1e+00, 1.4e+00) m/s, wall: 30.173 seconds
[ Info: i: 3150, t: 44.993 minutes, Δt: 639.656 ms, umax = (2.0e+00, 2.0e+00, 1.6e+00) m/s, wall: 31.353 seconds
[ Info: i: 3200, t: 45.554 minutes, Δt: 734.452 ms, umax = (1.8e+00, 1.9e+00, 1.3e+00) m/s, wall: 32.539 seconds
[ Info: i: 3250, t: 46.177 minutes, Δt: 760.638 ms, umax = (1.9e+00, 2.0e+00, 1.4e+00) m/s, wall: 33.780 seconds
[ Info: i: 3300, t: 46.785 minutes, Δt: 694.345 ms, umax = (2.0e+00, 2.0e+00, 1.4e+00) m/s, wall: 34.965 seconds
[ Info: i: 3350, t: 47.324 minutes, Δt: 604.175 ms, umax = (1.7e+00, 2.0e+00, 1.6e+00) m/s, wall: 36.151 seconds
[ Info: i: 3400, t: 47.856 minutes, Δt: 673.588 ms, umax = (1.7e+00, 1.9e+00, 1.4e+00) m/s, wall: 37.327 seconds
[ Info: i: 3450, t: 48.460 minutes, Δt: 735.634 ms, umax = (1.8e+00, 1.9e+00, 1.4e+00) m/s, wall: 38.687 seconds
[ Info: i: 3500, t: 49.108 minutes, Δt: 812.980 ms, umax = (1.9e+00, 1.9e+00, 1.2e+00) m/s, wall: 39.877 seconds
[ Info: i: 3550, t: 49.817 minutes, Δt: 869.094 ms, umax = (2.0e+00, 1.9e+00, 1.3e+00) m/s, wall: 41.054 seconds
[ Info: i: 3600, t: 50.453 minutes, Δt: 752.731 ms, umax = (2.1e+00, 2.3e+00, 1.4e+00) m/s, wall: 42.300 seconds
[ Info: i: 3650, t: 51.152 minutes, Δt: 897.019 ms, umax = (1.8e+00, 2.0e+00, 1.2e+00) m/s, wall: 43.477 seconds
[ Info: i: 3700, t: 51.787 minutes, Δt: 694.935 ms, umax = (1.9e+00, 2.1e+00, 1.5e+00) m/s, wall: 44.653 seconds
[ Info: i: 3750, t: 52.413 minutes, Δt: 848.788 ms, umax = (1.9e+00, 2.3e+00, 1.1e+00) m/s, wall: 45.944 seconds
[ Info: i: 3800, t: 53.163 minutes, Δt: 860.122 ms, umax = (2.1e+00, 2.1e+00, 1.2e+00) m/s, wall: 47.125 seconds
[ Info: i: 3850, t: 53.851 minutes, Δt: 877.583 ms, umax = (2.0e+00, 2.0e+00, 1.2e+00) m/s, wall: 48.302 seconds
[ Info: i: 3900, t: 54.522 minutes, Δt: 793.977 ms, umax = (2.0e+00, 1.9e+00, 1.4e+00) m/s, wall: 49.548 seconds
[ Info: i: 3950, t: 55.169 minutes, Δt: 759.830 ms, umax = (2.0e+00, 1.9e+00, 1.3e+00) m/s, wall: 50.733 seconds
[ Info: i: 4000, t: 55.875 minutes, Δt: 884.194 ms, umax = (2.2e+00, 1.8e+00, 1.0e+00) m/s, wall: 51.910 seconds
[ Info: i: 4050, t: 56.677 minutes, Δt: 1.005 seconds, umax = (2.0e+00, 2.0e+00, 9.8e-01) m/s, wall: 53.185 seconds
[ Info: i: 4100, t: 57.403 minutes, Δt: 818.600 ms, umax = (1.8e+00, 1.9e+00, 1.3e+00) m/s, wall: 54.361 seconds
[ Info: i: 4150, t: 58.048 minutes, Δt: 726.346 ms, umax = (1.9e+00, 1.9e+00, 1.5e+00) m/s, wall: 55.625 seconds
[ Info: i: 4200, t: 58.675 minutes, Δt: 822.946 ms, umax = (2.0e+00, 1.9e+00, 1.3e+00) m/s, wall: 56.778 seconds
[ Info: i: 4250, t: 59.330 minutes, Δt: 835.921 ms, umax = (2.0e+00, 2.0e+00, 1.2e+00) m/s, wall: 57.954 seconds
[ Info: i: 4300, t: 59.988 minutes, Δt: 778.230 ms, umax = (2.0e+00, 1.9e+00, 1.2e+00) m/s, wall: 59.133 seconds
[ Info: i: 4350, t: 1.011 hours, Δt: 773.824 ms, umax = (2.2e+00, 1.9e+00, 1.2e+00) m/s, wall: 1.007 minutes
[ Info: i: 4400, t: 1.023 hours, Δt: 930.945 ms, umax = (2.3e+00, 1.8e+00, 1.1e+00) m/s, wall: 1.027 minutes
[ Info: i: 4450, t: 1.036 hours, Δt: 911.424 ms, umax = (2.2e+00, 1.9e+00, 1.1e+00) m/s, wall: 1.048 minutes
[ Info: i: 4500, t: 1.048 hours, Δt: 938.221 ms, umax = (2.1e+00, 1.8e+00, 1.1e+00) m/s, wall: 1.068 minutes
[ Info: i: 4550, t: 1.060 hours, Δt: 816.689 ms, umax = (1.9e+00, 1.8e+00, 1.3e+00) m/s, wall: 1.087 minutes
[ Info: i: 4600, t: 1.071 hours, Δt: 744.610 ms, umax = (1.9e+00, 1.8e+00, 1.4e+00) m/s, wall: 1.108 minutes
[ Info: i: 4650, t: 1.081 hours, Δt: 717.624 ms, umax = (2.2e+00, 1.8e+00, 1.4e+00) m/s, wall: 1.128 minutes
[ Info: i: 4700, t: 1.091 hours, Δt: 748.588 ms, umax = (1.9e+00, 1.8e+00, 1.3e+00) m/s, wall: 1.147 minutes
[ Info: i: 4750, t: 1.102 hours, Δt: 744.105 ms, umax = (1.8e+00, 1.9e+00, 1.4e+00) m/s, wall: 1.170 minutes
[ Info: i: 4800, t: 1.112 hours, Δt: 746.381 ms, umax = (1.9e+00, 1.9e+00, 1.3e+00) m/s, wall: 1.190 minutes
[ Info: i: 4850, t: 1.123 hours, Δt: 850.495 ms, umax = (1.9e+00, 1.8e+00, 1.2e+00) m/s, wall: 1.209 minutes
[ Info: i: 4900, t: 1.135 hours, Δt: 868.441 ms, umax = (1.8e+00, 1.8e+00, 1.1e+00) m/s, wall: 1.230 minutes
[ Info: i: 4950, t: 1.147 hours, Δt: 854.213 ms, umax = (1.8e+00, 2.0e+00, 1.2e+00) m/s, wall: 1.250 minutes
[ Info: i: 5000, t: 1.158 hours, Δt: 783.672 ms, umax = (1.9e+00, 2.0e+00, 1.2e+00) m/s, wall: 1.269 minutes
[ Info: i: 5050, t: 1.170 hours, Δt: 848.482 ms, umax = (2.0e+00, 1.9e+00, 1.3e+00) m/s, wall: 1.290 minutes
[ Info: i: 5100, t: 1.181 hours, Δt: 854.143 ms, umax = (2.0e+00, 1.9e+00, 1.1e+00) m/s, wall: 1.310 minutes
[ Info: i: 5150, t: 1.193 hours, Δt: 894.015 ms, umax = (2.2e+00, 2.2e+00, 1.1e+00) m/s, wall: 1.329 minutes
[ Info: i: 5200, t: 1.206 hours, Δt: 988.167 ms, umax = (2.2e+00, 2.2e+00, 1.0e+00) m/s, wall: 1.350 minutes
[ Info: i: 5250, t: 1.220 hours, Δt: 945.485 ms, umax = (2.8e+00, 2.1e+00, 1.1e+00) m/s, wall: 1.369 minutes
[ Info: i: 5300, t: 1.233 hours, Δt: 921.705 ms, umax = (2.3e+00, 2.2e+00, 1.1e+00) m/s, wall: 1.389 minutes
[ Info: i: 5350, t: 1.245 hours, Δt: 918.241 ms, umax = (2.5e+00, 2.1e+00, 1.1e+00) m/s, wall: 1.412 minutes
[ Info: i: 5400, t: 1.257 hours, Δt: 816.010 ms, umax = (2.2e+00, 2.0e+00, 1.2e+00) m/s, wall: 1.431 minutes
[ Info: i: 5450, t: 1.268 hours, Δt: 862.540 ms, umax = (1.9e+00, 1.9e+00, 1.2e+00) m/s, wall: 1.452 minutes
[ Info: i: 5500, t: 1.279 hours, Δt: 810.126 ms, umax = (2.1e+00, 1.9e+00, 1.2e+00) m/s, wall: 1.472 minutes
[ Info: i: 5550, t: 1.290 hours, Δt: 727.817 ms, umax = (2.2e+00, 2.0e+00, 1.4e+00) m/s, wall: 1.491 minutes
[ Info: i: 5600, t: 1.300 hours, Δt: 792.895 ms, umax = (1.9e+00, 2.0e+00, 1.1e+00) m/s, wall: 1.513 minutes
[ Info: i: 5650, t: 1.313 hours, Δt: 917.133 ms, umax = (1.9e+00, 2.1e+00, 1.1e+00) m/s, wall: 1.532 minutes
[ Info: i: 5700, t: 1.325 hours, Δt: 862.733 ms, umax = (2.3e+00, 2.0e+00, 1.0e+00) m/s, wall: 1.552 minutes
[ Info: i: 5750, t: 1.337 hours, Δt: 842.233 ms, umax = (1.9e+00, 2.1e+00, 1.2e+00) m/s, wall: 1.573 minutes
[ Info: i: 5800, t: 1.348 hours, Δt: 832.939 ms, umax = (2.0e+00, 2.0e+00, 1.2e+00) m/s, wall: 1.593 minutes
[ Info: i: 5850, t: 1.360 hours, Δt: 862.753 ms, umax = (2.0e+00, 2.0e+00, 1.1e+00) m/s, wall: 1.612 minutes
[ Info: i: 5900, t: 1.372 hours, Δt: 811.569 ms, umax = (1.9e+00, 1.9e+00, 1.1e+00) m/s, wall: 1.633 minutes
[ Info: i: 5950, t: 1.383 hours, Δt: 815.315 ms, umax = (2.0e+00, 1.8e+00, 1.3e+00) m/s, wall: 1.653 minutes
[ Info: i: 6000, t: 1.395 hours, Δt: 819.509 ms, umax = (2.1e+00, 1.8e+00, 1.2e+00) m/s, wall: 1.672 minutes
[ Info: i: 6050, t: 1.406 hours, Δt: 813.406 ms, umax = (2.2e+00, 1.9e+00, 1.2e+00) m/s, wall: 1.695 minutes
[ Info: i: 6100, t: 1.418 hours, Δt: 854.406 ms, umax = (2.4e+00, 2.0e+00, 1.3e+00) m/s, wall: 1.714 minutes
[ Info: i: 6150, t: 1.429 hours, Δt: 840.410 ms, umax = (2.4e+00, 2.0e+00, 1.2e+00) m/s, wall: 1.734 minutes
[ Info: i: 6200, t: 1.441 hours, Δt: 850.235 ms, umax = (2.5e+00, 2.0e+00, 1.1e+00) m/s, wall: 1.755 minutes
[ Info: i: 6250, t: 1.452 hours, Δt: 764.647 ms, umax = (2.4e+00, 1.9e+00, 1.4e+00) m/s, wall: 1.774 minutes
[ Info: i: 6300, t: 1.462 hours, Δt: 737.544 ms, umax = (1.9e+00, 1.9e+00, 1.4e+00) m/s, wall: 1.794 minutes
[ Info: i: 6350, t: 1.473 hours, Δt: 766.636 ms, umax = (2.0e+00, 1.9e+00, 1.3e+00) m/s, wall: 1.817 minutes
[ Info: i: 6400, t: 1.483 hours, Δt: 741.346 ms, umax = (2.0e+00, 2.0e+00, 1.4e+00) m/s, wall: 1.837 minutes
[ Info: i: 6450, t: 1.493 hours, Δt: 733.277 ms, umax = (2.0e+00, 2.0e+00, 1.4e+00) m/s, wall: 1.856 minutes
[ Info: Simulation is stopping after running for 1.870 minutes.
[ Info: Simulation time 1.500 hours equals or exceeds stop time 1.500 hours.
[ Info: Run 2/10: wind 6.99 m/s from 283°, 20 sources, grid 128×128×64
[ Info: Run 2 warmup (winter, GPU{CUDABackend}(CUDABackend(false, false))): 30 minutes with no output...
[ Info: Initializing simulation...
[ Info: i: 0000, t: 0 seconds, Δt: 500 ms, umax = (2.5e-03, 7.5e-04, 6.2e-04) m/s, wall: 0 seconds
[ Info:     ... simulation initialization complete (115.025 ms)
[ Info: Executing initial time step...
[ Info:     ... initial time step complete (203.346 ms).
[ Info: i: 0050, t: 33.578 seconds, Δt: 805.255 ms, umax = (4.1e-02, 4.3e-03, 1.6e-02) m/s, wall: 1.328 seconds
[ Info: i: 0100, t: 1.461 minutes, Δt: 1.297 seconds, umax = (2.1e-01, 2.5e-02, 9.7e-02) m/s, wall: 2.435 seconds
[ Info: i: 0150, t: 2.912 minutes, Δt: 2.089 seconds, umax = (5.8e-01, 9.1e-02, 2.8e-01) m/s, wall: 3.543 seconds
[ Info: i: 0200, t: 5.038 minutes, Δt: 2.513 seconds, umax = (7.4e-01, 2.6e-01, 4.2e-01) m/s, wall: 4.650 seconds
[ Info: i: 0250, t: 6.780 minutes, Δt: 1.856 seconds, umax = (9.8e-01, 4.5e-01, 5.6e-01) m/s, wall: 5.766 seconds
[ Info: i: 0300, t: 8.151 minutes, Δt: 1.529 seconds, umax = (1.2e+00, 6.2e-01, 6.7e-01) m/s, wall: 6.873 seconds
[ Info: i: 0350, t: 9.280 minutes, Δt: 1.207 seconds, umax = (1.3e+00, 7.8e-01, 8.3e-01) m/s, wall: 7.980 seconds
[ Info: i: 0400, t: 10.174 minutes, Δt: 1.022 seconds, umax = (1.5e+00, 9.0e-01, 1.0e+00) m/s, wall: 9.087 seconds
[ Info: i: 0450, t: 10.943 minutes, Δt: 908.035 ms, umax = (1.7e+00, 9.9e-01, 1.1e+00) m/s, wall: 10.197 seconds
[ Info: i: 0500, t: 11.637 minutes, Δt: 790.944 ms, umax = (1.8e+00, 1.1e+00, 1.3e+00) m/s, wall: 11.304 seconds
[ Info: i: 0550, t: 12.274 minutes, Δt: 777.239 ms, umax = (1.7e+00, 2.1e+00, 1.4e+00) m/s, wall: 12.420 seconds
[ Info: i: 0600, t: 12.912 minutes, Δt: 799.397 ms, umax = (1.7e+00, 1.6e+00, 1.3e+00) m/s, wall: 13.527 seconds
[ Info: i: 0650, t: 13.578 minutes, Δt: 813.366 ms, umax = (1.7e+00, 1.5e+00, 1.3e+00) m/s, wall: 14.634 seconds
[ Info: i: 0700, t: 14.232 minutes, Δt: 769.558 ms, umax = (1.7e+00, 1.6e+00, 1.2e+00) m/s, wall: 15.744 seconds
[ Info: i: 0750, t: 14.935 minutes, Δt: 900.284 ms, umax = (1.8e+00, 1.6e+00, 1.1e+00) m/s, wall: 16.851 seconds
[ Info: i: 0800, t: 15.698 minutes, Δt: 923.917 ms, umax = (1.9e+00, 1.6e+00, 1.1e+00) m/s, wall: 17.967 seconds
[ Info: i: 0850, t: 16.413 minutes, Δt: 802.499 ms, umax = (2.0e+00, 1.7e+00, 1.2e+00) m/s, wall: 19.075 seconds
[ Info: i: 0900, t: 17.103 minutes, Δt: 812.554 ms, umax = (2.0e+00, 1.7e+00, 1.2e+00) m/s, wall: 20.182 seconds
[ Info: i: 0950, t: 17.846 minutes, Δt: 856.292 ms, umax = (1.9e+00, 1.8e+00, 1.2e+00) m/s, wall: 21.289 seconds
[ Info: i: 1000, t: 18.516 minutes, Δt: 776.458 ms, umax = (2.0e+00, 1.9e+00, 1.3e+00) m/s, wall: 22.398 seconds
[ Info: i: 1050, t: 19.148 minutes, Δt: 759.996 ms, umax = (1.9e+00, 2.0e+00, 1.3e+00) m/s, wall: 23.505 seconds
[ Info: i: 1100, t: 19.789 minutes, Δt: 748.110 ms, umax = (2.1e+00, 2.1e+00, 1.2e+00) m/s, wall: 24.622 seconds
[ Info: i: 1150, t: 20.423 minutes, Δt: 772.213 ms, umax = (2.0e+00, 2.0e+00, 1.2e+00) m/s, wall: 25.729 seconds
[ Info: i: 1200, t: 21.046 minutes, Δt: 727.135 ms, umax = (2.0e+00, 1.9e+00, 1.4e+00) m/s, wall: 26.836 seconds
[ Info: i: 1250, t: 21.669 minutes, Δt: 732.703 ms, umax = (1.9e+00, 1.9e+00, 1.3e+00) m/s, wall: 27.947 seconds
[ Info: i: 1300, t: 22.273 minutes, Δt: 701.434 ms, umax = (2.0e+00, 1.9e+00, 1.3e+00) m/s, wall: 29.054 seconds
[ Info: i: 1350, t: 22.870 minutes, Δt: 756.012 ms, umax = (2.0e+00, 1.9e+00, 1.3e+00) m/s, wall: 30.161 seconds
[ Info: i: 1400, t: 23.514 minutes, Δt: 769.225 ms, umax = (1.9e+00, 2.0e+00, 1.2e+00) m/s, wall: 31.280 seconds
[ Info: i: 1450, t: 24.154 minutes, Δt: 804.461 ms, umax = (2.0e+00, 2.0e+00, 1.3e+00) m/s, wall: 32.384 seconds
[ Info: i: 1500, t: 24.761 minutes, Δt: 697.192 ms, umax = (2.0e+00, 2.0e+00, 1.4e+00) m/s, wall: 33.491 seconds
[ Info: i: 1550, t: 25.407 minutes, Δt: 809.545 ms, umax = (2.0e+00, 2.1e+00, 1.2e+00) m/s, wall: 34.601 seconds
[ Info: i: 1600, t: 26.077 minutes, Δt: 811.164 ms, umax = (2.0e+00, 2.0e+00, 1.2e+00) m/s, wall: 35.708 seconds
[ Info: i: 1650, t: 26.711 minutes, Δt: 763.514 ms, umax = (2.0e+00, 2.2e+00, 1.2e+00) m/s, wall: 36.815 seconds
[ Info: i: 1700, t: 27.359 minutes, Δt: 765.731 ms, umax = (2.1e+00, 2.1e+00, 1.3e+00) m/s, wall: 37.923 seconds
[ Info: i: 1750, t: 27.998 minutes, Δt: 774.858 ms, umax = (2.1e+00, 2.0e+00, 1.3e+00) m/s, wall: 39.030 seconds
[ Info: i: 1800, t: 28.607 minutes, Δt: 733.827 ms, umax = (2.0e+00, 2.1e+00, 1.3e+00) m/s, wall: 40.137 seconds
[ Info: i: 1850, t: 29.215 minutes, Δt: 756.911 ms, umax = (2.2e+00, 2.0e+00, 1.3e+00) m/s, wall: 41.247 seconds
[ Info: i: 1900, t: 29.864 minutes, Δt: 761.187 ms, umax = (2.0e+00, 2.3e+00, 1.2e+00) m/s, wall: 42.354 seconds
[ Info: Simulation is stopping after running for 42.679 seconds.
[ Info: Simulation time 30 minutes equals or exceeds stop time 30 minutes.
[ Info: Warmup complete at t = 30 minutes; attaching output writer.
[ Info: Run 2 recording (1 hour) → /leonardo_scratch/large/userexternal/cfaccio1/oceananigans/test/nonhydro_winter_run002.nc
[ Info: Initializing simulation...
[ Info:     ... simulation initialization complete (31.150 ms)
[ Info: Executing initial time step...
[ Info:     ... initial time step complete (250.066 ms).
[ Info: i: 1950, t: 30.526 minutes, Δt: 813.922 ms, umax = (2.0e+00, 2.0e+00, 1.2e+00) m/s, wall: 1.020 seconds
[ Info: i: 2000, t: 31.229 minutes, Δt: 855.695 ms, umax = (1.9e+00, 1.9e+00, 1.2e+00) m/s, wall: 2.127 seconds
[ Info: i: 2050, t: 31.939 minutes, Δt: 871.367 ms, umax = (1.9e+00, 2.0e+00, 1.1e+00) m/s, wall: 3.243 seconds
[ Info: i: 2100, t: 32.630 minutes, Δt: 807.053 ms, umax = (1.7e+00, 1.8e+00, 1.2e+00) m/s, wall: 4.497 seconds
[ Info: i: 2150, t: 33.336 minutes, Δt: 878.588 ms, umax = (1.7e+00, 1.8e+00, 1.1e+00) m/s, wall: 5.604 seconds
[ Info: i: 2200, t: 34.074 minutes, Δt: 885.631 ms, umax = (1.7e+00, 1.7e+00, 1.1e+00) m/s, wall: 6.790 seconds
[ Info: i: 2250, t: 34.759 minutes, Δt: 782.365 ms, umax = (1.6e+00, 1.8e+00, 1.1e+00) m/s, wall: 7.891 seconds
[ Info: i: 2300, t: 35.444 minutes, Δt: 844.567 ms, umax = (1.8e+00, 1.8e+00, 1.2e+00) m/s, wall: 8.998 seconds
[ Info: i: 2350, t: 36.075 minutes, Δt: 748.309 ms, umax = (1.8e+00, 1.8e+00, 1.2e+00) m/s, wall: 10.168 seconds
[ Info: i: 2400, t: 36.799 minutes, Δt: 929.984 ms, umax = (1.5e+00, 1.8e+00, 1.1e+00) m/s, wall: 11.277 seconds
[ Info: i: 2450, t: 37.534 minutes, Δt: 887.405 ms, umax = (1.8e+00, 1.9e+00, 1.1e+00) m/s, wall: 12.385 seconds
[ Info: i: 2500, t: 38.234 minutes, Δt: 888.408 ms, umax = (1.6e+00, 2.0e+00, 1.1e+00) m/s, wall: 13.665 seconds
[ Info: i: 2550, t: 38.988 minutes, Δt: 861.845 ms, umax = (1.6e+00, 1.8e+00, 1.2e+00) m/s, wall: 14.773 seconds
[ Info: i: 2600, t: 39.688 minutes, Δt: 866.731 ms, umax = (1.7e+00, 1.8e+00, 1.3e+00) m/s, wall: 15.880 seconds
[ Info: i: 2650, t: 40.307 minutes, Δt: 716.658 ms, umax = (1.8e+00, 1.9e+00, 1.4e+00) m/s, wall: 17.049 seconds
[ Info: i: 2700, t: 40.902 minutes, Δt: 744.406 ms, umax = (1.8e+00, 1.8e+00, 1.4e+00) m/s, wall: 18.165 seconds
[ Info: i: 2750, t: 41.576 minutes, Δt: 826.666 ms, umax = (1.9e+00, 1.8e+00, 1.3e+00) m/s, wall: 19.272 seconds
[ Info: i: 2800, t: 42.201 minutes, Δt: 756.169 ms, umax = (1.9e+00, 1.8e+00, 1.4e+00) m/s, wall: 20.452 seconds
[ Info: i: 2850, t: 42.817 minutes, Δt: 749.687 ms, umax = (1.9e+00, 2.0e+00, 1.4e+00) m/s, wall: 21.559 seconds
[ Info: i: 2900, t: 43.417 minutes, Δt: 721.194 ms, umax = (1.8e+00, 1.9e+00, 1.5e+00) m/s, wall: 22.666 seconds
[ Info: i: 2950, t: 44.039 minutes, Δt: 775.841 ms, umax = (1.7e+00, 1.9e+00, 1.3e+00) m/s, wall: 23.881 seconds
[ Info: i: 3000, t: 44.734 minutes, Δt: 847.957 ms, umax = (1.7e+00, 1.9e+00, 1.2e+00) m/s, wall: 24.943 seconds
[ Info: i: 3050, t: 45.402 minutes, Δt: 739.341 ms, umax = (2.3e+00, 2.1e+00, 1.4e+00) m/s, wall: 26.050 seconds
[ Info: i: 3100, t: 46.025 minutes, Δt: 764.500 ms, umax = (1.9e+00, 2.0e+00, 1.3e+00) m/s, wall: 27.391 seconds
[ Info: i: 3150, t: 46.658 minutes, Δt: 779.847 ms, umax = (1.8e+00, 2.0e+00, 1.2e+00) m/s, wall: 28.436 seconds
[ Info: i: 3200, t: 47.375 minutes, Δt: 846.845 ms, umax = (2.0e+00, 2.1e+00, 1.2e+00) m/s, wall: 29.543 seconds
[ Info: i: 3250, t: 48.053 minutes, Δt: 789.126 ms, umax = (1.9e+00, 1.9e+00, 1.4e+00) m/s, wall: 30.747 seconds
[ Info: i: 3300, t: 48.661 minutes, Δt: 701.511 ms, umax = (2.1e+00, 1.9e+00, 1.5e+00) m/s, wall: 31.829 seconds
[ Info: i: 3350, t: 49.244 minutes, Δt: 710.729 ms, umax = (2.0e+00, 1.9e+00, 1.4e+00) m/s, wall: 32.936 seconds
[ Info: i: 3400, t: 49.862 minutes, Δt: 762.111 ms, umax = (1.8e+00, 1.9e+00, 1.4e+00) m/s, wall: 34.043 seconds
[ Info: i: 3450, t: 50.517 minutes, Δt: 806.559 ms, umax = (1.8e+00, 2.1e+00, 1.4e+00) m/s, wall: 35.269 seconds
[ Info: i: 3500, t: 51.170 minutes, Δt: 800.638 ms, umax = (1.8e+00, 2.2e+00, 1.4e+00) m/s, wall: 36.376 seconds
[ Info: i: 3550, t: 51.828 minutes, Δt: 810.601 ms, umax = (2.0e+00, 2.1e+00, 1.2e+00) m/s, wall: 37.484 seconds
[ Info: i: 3600, t: 52.522 minutes, Δt: 824.958 ms, umax = (1.9e+00, 2.0e+00, 1.1e+00) m/s, wall: 38.654 seconds
[ Info: i: 3650, t: 53.228 minutes, Δt: 851.450 ms, umax = (1.9e+00, 2.0e+00, 1.2e+00) m/s, wall: 39.762 seconds
[ Info: i: 3700, t: 53.915 minutes, Δt: 844.563 ms, umax = (2.0e+00, 2.1e+00, 1.1e+00) m/s, wall: 40.878 seconds
[ Info: i: 3750, t: 54.656 minutes, Δt: 876.760 ms, umax = (2.3e+00, 2.0e+00, 1.2e+00) m/s, wall: 42.161 seconds
[ Info: i: 3800, t: 55.347 minutes, Δt: 801.711 ms, umax = (2.4e+00, 2.0e+00, 1.3e+00) m/s, wall: 43.269 seconds
[ Info: i: 3850, t: 56.014 minutes, Δt: 843.099 ms, umax = (1.9e+00, 2.0e+00, 1.3e+00) m/s, wall: 44.515 seconds
[ Info: i: 3900, t: 56.715 minutes, Δt: 828.434 ms, umax = (1.8e+00, 1.9e+00, 1.2e+00) m/s, wall: 45.542 seconds
[ Info: i: 3950, t: 57.412 minutes, Δt: 791.582 ms, umax = (1.7e+00, 2.0e+00, 1.1e+00) m/s, wall: 46.649 seconds
[ Info: i: 4000, t: 58.085 minutes, Δt: 848.287 ms, umax = (1.7e+00, 1.9e+00, 1.2e+00) m/s, wall: 47.863 seconds
[ Info: i: 4050, t: 58.772 minutes, Δt: 793.864 ms, umax = (1.6e+00, 1.9e+00, 1.3e+00) m/s, wall: 48.988 seconds
[ Info: i: 4100, t: 59.385 minutes, Δt: 723.435 ms, umax = (1.6e+00, 1.8e+00, 1.5e+00) m/s, wall: 50.096 seconds
[ Info: i: 4150, t: 59.962 minutes, Δt: 697.784 ms, umax = (1.8e+00, 1.9e+00, 1.4e+00) m/s, wall: 51.213 seconds
[ Info: i: 4200, t: 1.009 hours, Δt: 747.786 ms, umax = (1.8e+00, 2.0e+00, 1.3e+00) m/s, wall: 52.404 seconds
[ Info: i: 4250, t: 1.021 hours, Δt: 872.130 ms, umax = (1.8e+00, 2.0e+00, 1.2e+00) m/s, wall: 53.525 seconds
[ Info: i: 4300, t: 1.032 hours, Δt: 809.804 ms, umax = (1.6e+00, 1.9e+00, 1.2e+00) m/s, wall: 54.629 seconds
[ Info: i: 4350, t: 1.044 hours, Δt: 835.937 ms, umax = (1.6e+00, 1.9e+00, 1.1e+00) m/s, wall: 55.825 seconds
[ Info: i: 4400, t: 1.056 hours, Δt: 813.703 ms, umax = (1.7e+00, 2.2e+00, 1.2e+00) m/s, wall: 56.940 seconds
[ Info: i: 4450, t: 1.067 hours, Δt: 814.218 ms, umax = (1.8e+00, 2.3e+00, 1.1e+00) m/s, wall: 58.312 seconds
[ Info: i: 4500, t: 1.078 hours, Δt: 832.920 ms, umax = (1.8e+00, 1.9e+00, 1.2e+00) m/s, wall: 59.339 seconds
[ Info: i: 4550, t: 1.090 hours, Δt: 814.543 ms, umax = (1.6e+00, 2.0e+00, 1.2e+00) m/s, wall: 1.007 minutes
[ Info: i: 4600, t: 1.102 hours, Δt: 859.161 ms, umax = (1.6e+00, 2.1e+00, 1.3e+00) m/s, wall: 1.027 minutes
[ Info: i: 4650, t: 1.113 hours, Δt: 831.160 ms, umax = (1.7e+00, 2.2e+00, 1.2e+00) m/s, wall: 1.045 minutes
[ Info: i: 4700, t: 1.126 hours, Δt: 957.948 ms, umax = (1.7e+00, 1.9e+00, 1.0e+00) m/s, wall: 1.064 minutes
[ Info: i: 4750, t: 1.139 hours, Δt: 939.722 ms, umax = (1.8e+00, 1.9e+00, 1.1e+00) m/s, wall: 1.084 minutes
[ Info: i: 4800, t: 1.151 hours, Δt: 897.730 ms, umax = (1.8e+00, 1.9e+00, 1.1e+00) m/s, wall: 1.103 minutes
[ Info: i: 4850, t: 1.164 hours, Δt: 847.974 ms, umax = (1.9e+00, 2.1e+00, 1.1e+00) m/s, wall: 1.121 minutes
[ Info: i: 4900, t: 1.175 hours, Δt: 731.057 ms, umax = (2.0e+00, 2.0e+00, 1.5e+00) m/s, wall: 1.141 minutes
[ Info: i: 4950, t: 1.185 hours, Δt: 770.386 ms, umax = (1.8e+00, 2.0e+00, 1.3e+00) m/s, wall: 1.159 minutes
[ Info: i: 5000, t: 1.196 hours, Δt: 811.426 ms, umax = (1.7e+00, 1.8e+00, 1.2e+00) m/s, wall: 1.178 minutes
[ Info: i: 5050, t: 1.208 hours, Δt: 848.355 ms, umax = (1.7e+00, 1.8e+00, 1.2e+00) m/s, wall: 1.198 minutes
[ Info: i: 5100, t: 1.220 hours, Δt: 869.409 ms, umax = (1.9e+00, 1.8e+00, 1.2e+00) m/s, wall: 1.216 minutes
[ Info: i: 5150, t: 1.231 hours, Δt: 848.306 ms, umax = (2.0e+00, 1.9e+00, 1.3e+00) m/s, wall: 1.235 minutes
[ Info: i: 5200, t: 1.243 hours, Δt: 854.169 ms, umax = (2.1e+00, 1.8e+00, 1.1e+00) m/s, wall: 1.256 minutes
[ Info: i: 5250, t: 1.256 hours, Δt: 909.557 ms, umax = (2.1e+00, 1.8e+00, 1.1e+00) m/s, wall: 1.274 minutes
[ Info: i: 5300, t: 1.268 hours, Δt: 862.049 ms, umax = (2.1e+00, 1.9e+00, 1.2e+00) m/s, wall: 1.294 minutes
[ Info: i: 5350, t: 1.280 hours, Δt: 863.021 ms, umax = (2.0e+00, 2.0e+00, 1.1e+00) m/s, wall: 1.312 minutes
[ Info: i: 5400, t: 1.291 hours, Δt: 744.814 ms, umax = (1.8e+00, 1.8e+00, 1.3e+00) m/s, wall: 1.331 minutes
[ Info: i: 5450, t: 1.301 hours, Δt: 749.733 ms, umax = (2.0e+00, 2.2e+00, 1.3e+00) m/s, wall: 1.350 minutes
[ Info: i: 5500, t: 1.312 hours, Δt: 781.071 ms, umax = (1.8e+00, 1.8e+00, 1.4e+00) m/s, wall: 1.368 minutes
[ Info: i: 5550, t: 1.323 hours, Δt: 734.821 ms, umax = (1.8e+00, 1.9e+00, 1.4e+00) m/s, wall: 1.387 minutes
[ Info: i: 5600, t: 1.333 hours, Δt: 786.908 ms, umax = (2.0e+00, 2.0e+00, 1.1e+00) m/s, wall: 1.405 minutes
[ Info: i: 5650, t: 1.345 hours, Δt: 854.531 ms, umax = (1.9e+00, 1.8e+00, 1.3e+00) m/s, wall: 1.427 minutes
[ Info: i: 5700, t: 1.357 hours, Δt: 890.531 ms, umax = (1.9e+00, 1.8e+00, 1.2e+00) m/s, wall: 1.445 minutes
[ Info: i: 5750, t: 1.369 hours, Δt: 865.672 ms, umax = (1.8e+00, 1.8e+00, 1.1e+00) m/s, wall: 1.465 minutes
[ Info: i: 5800, t: 1.381 hours, Δt: 903.002 ms, umax = (1.8e+00, 1.9e+00, 1.1e+00) m/s, wall: 1.483 minutes
[ Info: i: 5850, t: 1.393 hours, Δt: 814.699 ms, umax = (2.0e+00, 2.0e+00, 1.3e+00) m/s, wall: 1.501 minutes
[ Info: i: 5900, t: 1.405 hours, Δt: 887.680 ms, umax = (2.0e+00, 1.9e+00, 1.2e+00) m/s, wall: 1.522 minutes
[ Info: i: 5950, t: 1.417 hours, Δt: 882.782 ms, umax = (1.8e+00, 2.0e+00, 1.2e+00) m/s, wall: 1.541 minutes
[ Info: i: 6000, t: 1.429 hours, Δt: 840.840 ms, umax = (1.8e+00, 2.0e+00, 1.2e+00) m/s, wall: 1.559 minutes
[ Info: i: 6050, t: 1.441 hours, Δt: 825.421 ms, umax = (1.8e+00, 1.9e+00, 1.2e+00) m/s, wall: 1.579 minutes
[ Info: i: 6100, t: 1.452 hours, Δt: 792.556 ms, umax = (1.8e+00, 1.8e+00, 1.2e+00) m/s, wall: 1.597 minutes
[ Info: i: 6150, t: 1.464 hours, Δt: 897.738 ms, umax = (2.1e+00, 1.9e+00, 1.2e+00) m/s, wall: 1.616 minutes
[ Info: i: 6200, t: 1.475 hours, Δt: 773.843 ms, umax = (1.9e+00, 1.8e+00, 1.3e+00) m/s, wall: 1.636 minutes
[ Info: i: 6250, t: 1.486 hours, Δt: 781.996 ms, umax = (2.4e+00, 2.0e+00, 1.4e+00) m/s, wall: 1.654 minutes
[ Info: i: 6300, t: 1.496 hours, Δt: 693.394 ms, umax = (2.3e+00, 1.9e+00, 1.4e+00) m/s, wall: 1.673 minutes
[ Info: Simulation is stopping after running for 1.682 minutes.
[ Info: Simulation time 1.500 hours equals or exceeds stop time 1.500 hours.
[ Info: Run 3/10: wind 2.98 m/s from 297°, 28 sources, grid 128×128×64
[ Info: Run 3 warmup (winter, GPU{CUDABackend}(CUDABackend(false, false))): 30 minutes with no output...
[ Info: Initializing simulation...
[ Info: i: 0000, t: 0 seconds, Δt: 500 ms, umax = (1.1e-03, 2.7e-04, 2.5e-04) m/s, wall: 0 seconds
[ Info:     ... simulation initialization complete (115.161 ms)
[ Info: Executing initial time step...
[ Info:     ... initial time step complete (203.725 ms).
[ Info: i: 0050, t: 33.578 seconds, Δt: 805.255 ms, umax = (4.4e-02, 3.1e-03, 2.0e-02) m/s, wall: 1.390 seconds
[ Info: i: 0100, t: 1.461 minutes, Δt: 1.297 seconds, umax = (2.3e-01, 1.9e-02, 1.2e-01) m/s, wall: 2.566 seconds
[ Info: i: 0150, t: 2.912 minutes, Δt: 2.089 seconds, umax = (6.2e-01, 6.7e-02, 3.4e-01) m/s, wall: 3.742 seconds
[ Info: i: 0200, t: 4.904 minutes, Δt: 2.287 seconds, umax = (7.6e-01, 1.8e-01, 4.4e-01) m/s, wall: 4.918 seconds
[ Info: i: 0250, t: 6.694 minutes, Δt: 2.064 seconds, umax = (1.0e+00, 3.4e-01, 4.8e-01) m/s, wall: 6.094 seconds
[ Info: i: 0300, t: 8.169 minutes, Δt: 1.387 seconds, umax = (1.2e+00, 5.3e-01, 8.2e-01) m/s, wall: 7.270 seconds
[ Info: i: 0350, t: 9.066 minutes, Δt: 980.428 ms, umax = (1.3e+00, 6.8e-01, 1.0e+00) m/s, wall: 8.450 seconds
[ Info: i: 0400, t: 9.859 minutes, Δt: 943.887 ms, umax = (1.4e+00, 8.2e-01, 1.1e+00) m/s, wall: 9.626 seconds
[ Info: i: 0450, t: 10.618 minutes, Δt: 879.287 ms, umax = (1.7e+00, 1.2e+00, 1.2e+00) m/s, wall: 10.801 seconds
[ Info: i: 0500, t: 11.330 minutes, Δt: 846.380 ms, umax = (1.7e+00, 1.3e+00, 1.2e+00) m/s, wall: 11.977 seconds
[ Info: i: 0550, t: 12.028 minutes, Δt: 848.570 ms, umax = (1.8e+00, 1.3e+00, 1.1e+00) m/s, wall: 13.153 seconds
[ Info: i: 0600, t: 12.750 minutes, Δt: 863.419 ms, umax = (1.8e+00, 1.4e+00, 1.0e+00) m/s, wall: 14.329 seconds
[ Info: i: 0650, t: 13.531 minutes, Δt: 1.008 seconds, umax = (1.9e+00, 1.3e+00, 1.0e+00) m/s, wall: 15.512 seconds
[ Info: i: 0700, t: 14.355 minutes, Δt: 968.937 ms, umax = (2.1e+00, 1.4e+00, 1.1e+00) m/s, wall: 16.688 seconds
[ Info: i: 0750, t: 15.142 minutes, Δt: 920.936 ms, umax = (2.2e+00, 1.4e+00, 1.1e+00) m/s, wall: 17.864 seconds
[ Info: i: 0800, t: 15.848 minutes, Δt: 842.299 ms, umax = (2.1e+00, 1.4e+00, 1.2e+00) m/s, wall: 19.040 seconds
[ Info: i: 0850, t: 16.538 minutes, Δt: 824.401 ms, umax = (1.9e+00, 1.4e+00, 1.3e+00) m/s, wall: 20.216 seconds
[ Info: i: 0900, t: 17.226 minutes, Δt: 866.838 ms, umax = (2.1e+00, 1.3e+00, 1.2e+00) m/s, wall: 21.392 seconds
[ Info: i: 0950, t: 17.924 minutes, Δt: 796.407 ms, umax = (2.0e+00, 1.5e+00, 1.3e+00) m/s, wall: 22.576 seconds
[ Info: i: 1000, t: 18.570 minutes, Δt: 771.265 ms, umax = (1.9e+00, 1.6e+00, 1.4e+00) m/s, wall: 23.752 seconds
[ Info: i: 1050, t: 19.181 minutes, Δt: 754.579 ms, umax = (2.0e+00, 1.5e+00, 1.4e+00) m/s, wall: 24.927 seconds
[ Info: i: 1100, t: 19.753 minutes, Δt: 669.076 ms, umax = (1.9e+00, 1.4e+00, 1.5e+00) m/s, wall: 26.103 seconds
[ Info: i: 1150, t: 20.333 minutes, Δt: 732.329 ms, umax = (2.0e+00, 1.6e+00, 1.4e+00) m/s, wall: 27.279 seconds
[ Info: i: 1200, t: 20.972 minutes, Δt: 774.684 ms, umax = (2.1e+00, 1.7e+00, 1.3e+00) m/s, wall: 28.464 seconds
[ Info: i: 1250, t: 21.648 minutes, Δt: 801.416 ms, umax = (2.0e+00, 1.6e+00, 1.3e+00) m/s, wall: 29.639 seconds
[ Info: i: 1300, t: 22.260 minutes, Δt: 694.438 ms, umax = (2.2e+00, 1.4e+00, 1.4e+00) m/s, wall: 30.821 seconds
[ Info: i: 1350, t: 22.895 minutes, Δt: 834.576 ms, umax = (1.9e+00, 1.3e+00, 1.2e+00) m/s, wall: 31.994 seconds
[ Info: i: 1400, t: 23.596 minutes, Δt: 813.416 ms, umax = (1.8e+00, 1.3e+00, 1.3e+00) m/s, wall: 33.169 seconds
[ Info: i: 1450, t: 24.265 minutes, Δt: 850.475 ms, umax = (2.3e+00, 1.3e+00, 1.2e+00) m/s, wall: 34.345 seconds
[ Info: i: 1500, t: 24.925 minutes, Δt: 764.809 ms, umax = (2.1e+00, 1.4e+00, 1.4e+00) m/s, wall: 35.530 seconds
[ Info: i: 1550, t: 25.527 minutes, Δt: 720.798 ms, umax = (2.1e+00, 1.4e+00, 1.4e+00) m/s, wall: 36.708 seconds
[ Info: i: 1600, t: 26.151 minutes, Δt: 733.282 ms, umax = (2.0e+00, 1.4e+00, 1.4e+00) m/s, wall: 37.884 seconds
[ Info: i: 1650, t: 26.808 minutes, Δt: 834.376 ms, umax = (1.7e+00, 1.5e+00, 1.2e+00) m/s, wall: 39.060 seconds
[ Info: i: 1700, t: 27.556 minutes, Δt: 912.566 ms, umax = (1.6e+00, 1.7e+00, 1.1e+00) m/s, wall: 40.236 seconds
[ Info: i: 1750, t: 28.295 minutes, Δt: 867.271 ms, umax = (1.7e+00, 1.9e+00, 1.1e+00) m/s, wall: 41.412 seconds
[ Info: i: 1800, t: 29.047 minutes, Δt: 881.982 ms, umax = (1.7e+00, 1.5e+00, 1.1e+00) m/s, wall: 42.596 seconds
[ Info: i: 1850, t: 29.752 minutes, Δt: 850.471 ms, umax = (1.6e+00, 1.5e+00, 1.1e+00) m/s, wall: 43.775 seconds
[ Info: Simulation is stopping after running for 44.200 seconds.
[ Info: Simulation time 30 minutes equals or exceeds stop time 30 minutes.
[ Info: Warmup complete at t = 30 minutes; attaching output writer.
[ Info: Run 3 recording (1 hour) → /leonardo_scratch/large/userexternal/cfaccio1/oceananigans/test/nonhydro_winter_run003.nc
[ Info: Initializing simulation...
[ Info:     ... simulation initialization complete (31.268 ms)
[ Info: Executing initial time step...
[ Info:     ... initial time step complete (237.032 ms).
[ Info: i: 1900, t: 30.482 minutes, Δt: 948.166 ms, umax = (1.6e+00, 1.6e+00, 1.0e+00) m/s, wall: 888.568 ms
[ Info: i: 1950, t: 31.185 minutes, Δt: 765.427 ms, umax = (1.5e+00, 1.6e+00, 1.3e+00) m/s, wall: 2.064 seconds
[ Info: i: 2000, t: 31.822 minutes, Δt: 794.469 ms, umax = (1.7e+00, 1.7e+00, 1.2e+00) m/s, wall: 3.240 seconds
[ Info: i: 2050, t: 32.476 minutes, Δt: 793.115 ms, umax = (1.6e+00, 1.5e+00, 1.1e+00) m/s, wall: 4.595 seconds
[ Info: i: 2100, t: 33.168 minutes, Δt: 816.065 ms, umax = (1.7e+00, 1.3e+00, 1.2e+00) m/s, wall: 5.771 seconds
[ Info: i: 2150, t: 33.775 minutes, Δt: 691.493 ms, umax = (2.0e+00, 1.3e+00, 1.4e+00) m/s, wall: 6.947 seconds
[ Info: i: 2200, t: 34.377 minutes, Δt: 768.931 ms, umax = (1.8e+00, 1.3e+00, 1.2e+00) m/s, wall: 8.190 seconds
[ Info: i: 2250, t: 35.076 minutes, Δt: 876.503 ms, umax = (1.7e+00, 1.4e+00, 1.1e+00) m/s, wall: 9.369 seconds
[ Info: i: 2300, t: 35.829 minutes, Δt: 940.587 ms, umax = (1.7e+00, 1.4e+00, 1.1e+00) m/s, wall: 10.553 seconds
[ Info: i: 2350, t: 36.615 minutes, Δt: 886.193 ms, umax = (1.8e+00, 1.5e+00, 1.2e+00) m/s, wall: 11.869 seconds
[ Info: i: 2400, t: 37.335 minutes, Δt: 842.504 ms, umax = (1.7e+00, 1.6e+00, 1.2e+00) m/s, wall: 13.045 seconds
[ Info: i: 2450, t: 38.028 minutes, Δt: 826.811 ms, umax = (2.1e+00, 1.6e+00, 1.1e+00) m/s, wall: 14.343 seconds
[ Info: i: 2500, t: 38.769 minutes, Δt: 874.361 ms, umax = (2.0e+00, 1.6e+00, 1.2e+00) m/s, wall: 15.452 seconds
[ Info: i: 2550, t: 39.535 minutes, Δt: 938.759 ms, umax = (1.7e+00, 1.6e+00, 1.1e+00) m/s, wall: 16.631 seconds
[ Info: i: 2600, t: 40.299 minutes, Δt: 958.052 ms, umax = (2.0e+00, 1.6e+00, 1.1e+00) m/s, wall: 17.985 seconds
[ Info: i: 2650, t: 41.100 minutes, Δt: 970.052 ms, umax = (1.9e+00, 1.4e+00, 1.0e+00) m/s, wall: 19.162 seconds
[ Info: i: 2700, t: 41.949 minutes, Δt: 1.043 seconds, umax = (1.6e+00, 1.4e+00, 8.4e-01) m/s, wall: 20.338 seconds
[ Info: i: 2750, t: 42.809 minutes, Δt: 984.333 ms, umax = (1.7e+00, 1.4e+00, 9.2e-01) m/s, wall: 21.576 seconds
[ Info: i: 2800, t: 43.615 minutes, Δt: 949.807 ms, umax = (1.7e+00, 1.5e+00, 9.7e-01) m/s, wall: 22.755 seconds
[ Info: i: 2850, t: 44.444 minutes, Δt: 1.015 seconds, umax = (1.8e+00, 1.5e+00, 9.1e-01) m/s, wall: 24.039 seconds
[ Info: i: 2900, t: 45.281 minutes, Δt: 1.008 seconds, umax = (1.7e+00, 1.5e+00, 9.9e-01) m/s, wall: 25.201 seconds
[ Info: i: 2950, t: 46.062 minutes, Δt: 926.743 ms, umax = (1.8e+00, 1.5e+00, 1.0e+00) m/s, wall: 26.463 seconds
[ Info: i: 3000, t: 46.827 minutes, Δt: 897.506 ms, umax = (2.4e+00, 1.5e+00, 1.0e+00) m/s, wall: 27.612 seconds
[ Info: i: 3050, t: 47.600 minutes, Δt: 938.049 ms, umax = (1.9e+00, 1.6e+00, 1.0e+00) m/s, wall: 28.788 seconds
[ Info: i: 3100, t: 48.344 minutes, Δt: 832.914 ms, umax = (1.8e+00, 1.6e+00, 1.2e+00) m/s, wall: 30.045 seconds
[ Info: i: 3150, t: 49.043 minutes, Δt: 887.649 ms, umax = (1.9e+00, 1.6e+00, 1.0e+00) m/s, wall: 31.221 seconds
[ Info: i: 3200, t: 49.746 minutes, Δt: 817.908 ms, umax = (2.0e+00, 1.7e+00, 1.1e+00) m/s, wall: 32.397 seconds
[ Info: i: 3250, t: 50.406 minutes, Δt: 774.188 ms, umax = (1.9e+00, 1.5e+00, 1.3e+00) m/s, wall: 33.754 seconds
[ Info: i: 3300, t: 51.035 minutes, Δt: 745.258 ms, umax = (2.1e+00, 1.5e+00, 1.4e+00) m/s, wall: 34.930 seconds
[ Info: i: 3350, t: 51.688 minutes, Δt: 790.266 ms, umax = (2.0e+00, 1.5e+00, 1.4e+00) m/s, wall: 36.106 seconds
[ Info: i: 3400, t: 52.318 minutes, Δt: 769.713 ms, umax = (1.8e+00, 1.4e+00, 1.3e+00) m/s, wall: 37.348 seconds
[ Info: i: 3450, t: 52.985 minutes, Δt: 810.542 ms, umax = (1.7e+00, 1.7e+00, 1.2e+00) m/s, wall: 38.526 seconds
[ Info: i: 3500, t: 53.674 minutes, Δt: 834.851 ms, umax = (2.0e+00, 1.8e+00, 1.2e+00) m/s, wall: 39.711 seconds
[ Info: i: 3550, t: 54.322 minutes, Δt: 778.699 ms, umax = (1.7e+00, 1.7e+00, 1.2e+00) m/s, wall: 41.042 seconds
[ Info: i: 3600, t: 54.992 minutes, Δt: 834.293 ms, umax = (1.7e+00, 1.6e+00, 1.1e+00) m/s, wall: 42.218 seconds
[ Info: i: 3650, t: 55.712 minutes, Δt: 865.820 ms, umax = (1.8e+00, 1.6e+00, 1.1e+00) m/s, wall: 43.398 seconds
[ Info: i: 3700, t: 56.434 minutes, Δt: 919.865 ms, umax = (1.7e+00, 1.8e+00, 1.0e+00) m/s, wall: 44.629 seconds
[ Info: i: 3750, t: 57.218 minutes, Δt: 920.468 ms, umax = (1.9e+00, 2.1e+00, 1.0e+00) m/s, wall: 45.805 seconds
[ Info: i: 3800, t: 57.957 minutes, Δt: 855.885 ms, umax = (1.9e+00, 1.9e+00, 1.1e+00) m/s, wall: 46.981 seconds
[ Info: i: 3850, t: 58.703 minutes, Δt: 902.529 ms, umax = (1.8e+00, 1.6e+00, 1.1e+00) m/s, wall: 48.211 seconds
[ Info: i: 3900, t: 59.457 minutes, Δt: 898.188 ms, umax = (1.7e+00, 1.5e+00, 1.2e+00) m/s, wall: 49.387 seconds
[ Info: i: 3950, t: 1.002 hours, Δt: 797.862 ms, umax = (1.6e+00, 1.4e+00, 1.4e+00) m/s, wall: 50.665 seconds
[ Info: i: 4000, t: 1.013 hours, Δt: 825.488 ms, umax = (1.9e+00, 1.5e+00, 1.3e+00) m/s, wall: 51.902 seconds
[ Info: i: 4050, t: 1.026 hours, Δt: 903.768 ms, umax = (2.0e+00, 1.5e+00, 1.1e+00) m/s, wall: 53.078 seconds
[ Info: i: 4100, t: 1.039 hours, Δt: 989.640 ms, umax = (1.9e+00, 1.5e+00, 9.7e-01) m/s, wall: 54.322 seconds
[ Info: i: 4150, t: 1.053 hours, Δt: 1.019 seconds, umax = (1.9e+00, 1.6e+00, 9.8e-01) m/s, wall: 55.499 seconds
[ Info: i: 4200, t: 1.067 hours, Δt: 945.135 ms, umax = (1.7e+00, 1.7e+00, 1.1e+00) m/s, wall: 56.683 seconds
[ Info: i: 4250, t: 1.080 hours, Δt: 980.147 ms, umax = (2.2e+00, 1.6e+00, 9.7e-01) m/s, wall: 57.923 seconds
[ Info: i: 4300, t: 1.093 hours, Δt: 935.747 ms, umax = (1.7e+00, 1.5e+00, 1.0e+00) m/s, wall: 59.098 seconds
[ Info: i: 4350, t: 1.106 hours, Δt: 936.704 ms, umax = (1.6e+00, 1.7e+00, 1.0e+00) m/s, wall: 1.006 minutes
[ Info: i: 4400, t: 1.119 hours, Δt: 972.186 ms, umax = (1.7e+00, 1.7e+00, 1.1e+00) m/s, wall: 1.025 minutes
[ Info: i: 4450, t: 1.131 hours, Δt: 839.320 ms, umax = (1.7e+00, 1.7e+00, 1.2e+00) m/s, wall: 1.045 minutes
[ Info: i: 4500, t: 1.144 hours, Δt: 1.003 seconds, umax = (1.7e+00, 1.7e+00, 9.5e-01) m/s, wall: 1.066 minutes
[ Info: i: 4550, t: 1.158 hours, Δt: 1.005 seconds, umax = (1.7e+00, 1.7e+00, 9.7e-01) m/s, wall: 1.085 minutes
[ Info: i: 4600, t: 1.172 hours, Δt: 995.954 ms, umax = (1.6e+00, 1.7e+00, 9.1e-01) m/s, wall: 1.106 minutes
[ Info: i: 4650, t: 1.186 hours, Δt: 972.683 ms, umax = (1.7e+00, 1.7e+00, 1.1e+00) m/s, wall: 1.125 minutes
[ Info: i: 4700, t: 1.198 hours, Δt: 885.981 ms, umax = (1.6e+00, 1.8e+00, 1.0e+00) m/s, wall: 1.145 minutes
[ Info: i: 4750, t: 1.211 hours, Δt: 960.563 ms, umax = (1.6e+00, 1.6e+00, 1.1e+00) m/s, wall: 1.166 minutes
[ Info: i: 4800, t: 1.223 hours, Δt: 818.516 ms, umax = (1.8e+00, 1.6e+00, 1.2e+00) m/s, wall: 1.185 minutes
[ Info: i: 4850, t: 1.235 hours, Δt: 868.299 ms, umax = (1.9e+00, 1.6e+00, 1.1e+00) m/s, wall: 1.207 minutes
[ Info: i: 4900, t: 1.247 hours, Δt: 860.364 ms, umax = (1.7e+00, 1.8e+00, 1.2e+00) m/s, wall: 1.226 minutes
[ Info: i: 4950, t: 1.259 hours, Δt: 924.338 ms, umax = (1.8e+00, 1.8e+00, 1.0e+00) m/s, wall: 1.246 minutes
[ Info: i: 5000, t: 1.273 hours, Δt: 1.007 seconds, umax = (1.9e+00, 1.9e+00, 9.5e-01) m/s, wall: 1.266 minutes
[ Info: i: 5050, t: 1.286 hours, Δt: 904.863 ms, umax = (1.8e+00, 1.5e+00, 1.0e+00) m/s, wall: 1.286 minutes
[ Info: i: 5100, t: 1.298 hours, Δt: 887.191 ms, umax = (1.7e+00, 1.5e+00, 1.1e+00) m/s, wall: 1.306 minutes
[ Info: i: 5150, t: 1.311 hours, Δt: 1.007 seconds, umax = (1.8e+00, 1.6e+00, 1.0e+00) m/s, wall: 1.326 minutes
[ Info: i: 5200, t: 1.324 hours, Δt: 821.664 ms, umax = (1.8e+00, 1.8e+00, 1.1e+00) m/s, wall: 1.346 minutes
[ Info: i: 5250, t: 1.335 hours, Δt: 798.982 ms, umax = (2.0e+00, 1.6e+00, 1.2e+00) m/s, wall: 1.368 minutes
[ Info: i: 5300, t: 1.347 hours, Δt: 877.125 ms, umax = (2.1e+00, 1.7e+00, 1.1e+00) m/s, wall: 1.388 minutes
[ Info: i: 5350, t: 1.359 hours, Δt: 910.253 ms, umax = (2.0e+00, 1.6e+00, 1.1e+00) m/s, wall: 1.408 minutes
[ Info: i: 5400, t: 1.371 hours, Δt: 802.017 ms, umax = (2.0e+00, 1.6e+00, 1.2e+00) m/s, wall: 1.428 minutes
[ Info: i: 5450, t: 1.382 hours, Δt: 866.948 ms, umax = (2.0e+00, 1.6e+00, 1.1e+00) m/s, wall: 1.448 minutes
[ Info: i: 5500, t: 1.395 hours, Δt: 920.733 ms, umax = (2.1e+00, 1.6e+00, 1.1e+00) m/s, wall: 1.468 minutes
[ Info: i: 5550, t: 1.407 hours, Δt: 892.205 ms, umax = (1.8e+00, 1.6e+00, 1.1e+00) m/s, wall: 1.490 minutes
[ Info: i: 5600, t: 1.420 hours, Δt: 922.532 ms, umax = (1.7e+00, 1.6e+00, 1.0e+00) m/s, wall: 1.510 minutes
[ Info: i: 5650, t: 1.433 hours, Δt: 937.367 ms, umax = (1.8e+00, 1.6e+00, 1.0e+00) m/s, wall: 1.529 minutes
[ Info: i: 5700, t: 1.445 hours, Δt: 826.203 ms, umax = (1.9e+00, 1.6e+00, 1.2e+00) m/s, wall: 1.550 minutes
[ Info: i: 5750, t: 1.457 hours, Δt: 849.519 ms, umax = (1.8e+00, 1.6e+00, 1.1e+00) m/s, wall: 1.570 minutes
[ Info: i: 5800, t: 1.469 hours, Δt: 887.529 ms, umax = (1.9e+00, 1.5e+00, 1.2e+00) m/s, wall: 1.591 minutes
[ Info: i: 5850, t: 1.481 hours, Δt: 903.036 ms, umax = (1.9e+00, 1.6e+00, 1.1e+00) m/s, wall: 1.610 minutes
[ Info: i: 5900, t: 1.494 hours, Δt: 994.123 ms, umax = (1.7e+00, 1.6e+00, 9.3e-01) m/s, wall: 1.630 minutes
[ Info: Simulation is stopping after running for 1.639 minutes.
[ Info: Simulation time 1.500 hours equals or exceeds stop time 1.500 hours.
[ Info: Run 4/10: wind 3.05 m/s from 308°, 21 sources, grid 128×128×64
[ Info: Run 4 warmup (winter, GPU{CUDABackend}(CUDABackend(false, false))): 30 minutes with no output...
[ Info: Initializing simulation...
[ Info: i: 0000, t: 0 seconds, Δt: 500 ms, umax = (1.1e-03, 2.6e-04, 2.8e-04) m/s, wall: 0 seconds
[ Info:     ... simulation initialization complete (115.026 ms)
[ Info: Executing initial time step...
[ Info:     ... initial time step complete (204.118 ms).
[ Info: i: 0050, t: 33.578 seconds, Δt: 805.255 ms, umax = (2.2e-02, 3.9e-03, 1.3e-02) m/s, wall: 1.341 seconds
[ Info: i: 0100, t: 1.461 minutes, Δt: 1.297 seconds, umax = (1.3e-01, 2.2e-02, 8.0e-02) m/s, wall: 2.459 seconds
[ Info: i: 0150, t: 2.912 minutes, Δt: 2.089 seconds, umax = (4.1e-01, 8.3e-02, 2.5e-01) m/s, wall: 3.576 seconds
[ Info: i: 0200, t: 5.031 minutes, Δt: 2.439 seconds, umax = (6.0e-01, 2.3e-01, 4.4e-01) m/s, wall: 4.693 seconds
[ Info: i: 0250, t: 6.762 minutes, Δt: 1.911 seconds, umax = (8.6e-01, 3.9e-01, 5.3e-01) m/s, wall: 5.814 seconds
[ Info: i: 0300, t: 8.181 minutes, Δt: 1.460 seconds, umax = (1.1e+00, 5.3e-01, 7.3e-01) m/s, wall: 6.934 seconds
[ Info: i: 0350, t: 9.111 minutes, Δt: 993.668 ms, umax = (1.3e+00, 6.6e-01, 1.0e+00) m/s, wall: 8.061 seconds
[ Info: i: 0400, t: 9.929 minutes, Δt: 985.365 ms, umax = (1.6e+00, 8.5e-01, 1.0e+00) m/s, wall: 9.188 seconds
[ Info: i: 0450, t: 10.752 minutes, Δt: 945.241 ms, umax = (1.5e+00, 1.1e+00, 1.1e+00) m/s, wall: 10.305 seconds
[ Info: i: 0500, t: 11.519 minutes, Δt: 886.721 ms, umax = (1.8e+00, 1.7e+00, 1.2e+00) m/s, wall: 11.422 seconds
[ Info: i: 0550, t: 12.252 minutes, Δt: 882.243 ms, umax = (1.7e+00, 1.5e+00, 1.1e+00) m/s, wall: 12.539 seconds
[ Info: i: 0600, t: 12.998 minutes, Δt: 875.936 ms, umax = (1.8e+00, 1.4e+00, 1.1e+00) m/s, wall: 13.656 seconds
[ Info: i: 0650, t: 13.739 minutes, Δt: 912.975 ms, umax = (1.8e+00, 1.5e+00, 1.1e+00) m/s, wall: 14.773 seconds
[ Info: i: 0700, t: 14.469 minutes, Δt: 863.768 ms, umax = (1.8e+00, 1.6e+00, 1.1e+00) m/s, wall: 15.890 seconds
[ Info: i: 0750, t: 15.204 minutes, Δt: 911.404 ms, umax = (1.9e+00, 1.6e+00, 1.0e+00) m/s, wall: 17.012 seconds
[ Info: i: 0800, t: 15.972 minutes, Δt: 922.286 ms, umax = (2.1e+00, 1.6e+00, 9.7e-01) m/s, wall: 18.128 seconds
[ Info: i: 0850, t: 16.738 minutes, Δt: 926.278 ms, umax = (2.0e+00, 1.7e+00, 9.4e-01) m/s, wall: 19.242 seconds
[ Info: i: 0900, t: 17.513 minutes, Δt: 890.307 ms, umax = (2.2e+00, 1.7e+00, 1.1e+00) m/s, wall: 20.359 seconds
[ Info: i: 0950, t: 18.238 minutes, Δt: 857.262 ms, umax = (1.9e+00, 1.7e+00, 1.2e+00) m/s, wall: 21.477 seconds
[ Info: i: 1000, t: 18.932 minutes, Δt: 820.472 ms, umax = (2.0e+00, 1.8e+00, 1.2e+00) m/s, wall: 22.594 seconds
[ Info: i: 1050, t: 19.622 minutes, Δt: 779.931 ms, umax = (2.0e+00, 1.8e+00, 1.3e+00) m/s, wall: 23.714 seconds
[ Info: i: 1100, t: 20.265 minutes, Δt: 747.470 ms, umax = (2.0e+00, 1.8e+00, 1.4e+00) m/s, wall: 24.837 seconds
[ Info: i: 1150, t: 20.889 minutes, Δt: 725.003 ms, umax = (1.9e+00, 1.9e+00, 1.3e+00) m/s, wall: 25.964 seconds
[ Info: i: 1200, t: 21.508 minutes, Δt: 760.425 ms, umax = (1.6e+00, 1.9e+00, 1.3e+00) m/s, wall: 27.081 seconds
[ Info: i: 1250, t: 22.136 minutes, Δt: 762.585 ms, umax = (1.5e+00, 2.0e+00, 1.1e+00) m/s, wall: 28.198 seconds
[ Info: i: 1300, t: 22.770 minutes, Δt: 783.494 ms, umax = (1.5e+00, 2.0e+00, 1.1e+00) m/s, wall: 29.315 seconds
[ Info: i: 1350, t: 23.384 minutes, Δt: 693.419 ms, umax = (1.7e+00, 2.1e+00, 1.4e+00) m/s, wall: 30.433 seconds
[ Info: i: 1400, t: 23.976 minutes, Δt: 680.146 ms, umax = (1.7e+00, 2.2e+00, 1.4e+00) m/s, wall: 31.550 seconds
[ Info: i: 1450, t: 24.612 minutes, Δt: 820.485 ms, umax = (1.7e+00, 2.1e+00, 1.3e+00) m/s, wall: 32.667 seconds
[ Info: i: 1500, t: 25.261 minutes, Δt: 754.978 ms, umax = (1.6e+00, 2.3e+00, 1.4e+00) m/s, wall: 33.784 seconds
[ Info: i: 1550, t: 25.857 minutes, Δt: 665.152 ms, umax = (1.8e+00, 2.2e+00, 1.4e+00) m/s, wall: 34.901 seconds
[ Info: i: 1600, t: 26.406 minutes, Δt: 608.623 ms, umax = (1.8e+00, 2.0e+00, 1.7e+00) m/s, wall: 36.018 seconds
[ Info: i: 1650, t: 26.967 minutes, Δt: 712.834 ms, umax = (1.7e+00, 2.0e+00, 1.4e+00) m/s, wall: 37.136 seconds
[ Info: i: 1700, t: 27.593 minutes, Δt: 754.627 ms, umax = (1.9e+00, 2.0e+00, 1.4e+00) m/s, wall: 38.253 seconds
[ Info: i: 1750, t: 28.257 minutes, Δt: 807.551 ms, umax = (1.8e+00, 2.0e+00, 1.2e+00) m/s, wall: 39.370 seconds
[ Info: i: 1800, t: 28.889 minutes, Δt: 722.201 ms, umax = (1.6e+00, 1.9e+00, 1.4e+00) m/s, wall: 40.487 seconds
[ Info: i: 1850, t: 29.538 minutes, Δt: 817.235 ms, umax = (1.7e+00, 1.9e+00, 1.2e+00) m/s, wall: 41.608 seconds
[ Info: Simulation is stopping after running for 42.411 seconds.
[ Info: Simulation time 30 minutes equals or exceeds stop time 30 minutes.
[ Info: Warmup complete at t = 30 minutes; attaching output writer.
[ Info: Run 4 recording (1 hour) → /leonardo_scratch/large/userexternal/cfaccio1/oceananigans/test/nonhydro_winter_run004.nc
[ Info: Initializing simulation...
[ Info:     ... simulation initialization complete (31.297 ms)
[ Info: Executing initial time step...
[ Info:     ... initial time step complete (250.404 ms).
[ Info: i: 1900, t: 30.192 minutes, Δt: 768.875 ms, umax = (1.9e+00, 2.0e+00, 1.2e+00) m/s, wall: 491.369 ms
[ Info: i: 1950, t: 30.805 minutes, Δt: 714.481 ms, umax = (1.8e+00, 2.1e+00, 1.5e+00) m/s, wall: 1.619 seconds
[ Info: i: 2000, t: 31.417 minutes, Δt: 707.957 ms, umax = (1.6e+00, 2.0e+00, 1.5e+00) m/s, wall: 2.738 seconds
[ Info: i: 2050, t: 32.026 minutes, Δt: 770.805 ms, umax = (1.5e+00, 1.9e+00, 1.3e+00) m/s, wall: 4.102 seconds
[ Info: i: 2100, t: 32.679 minutes, Δt: 774.555 ms, umax = (1.4e+00, 1.9e+00, 1.2e+00) m/s, wall: 5.156 seconds
[ Info: i: 2150, t: 33.320 minutes, Δt: 725.447 ms, umax = (1.4e+00, 2.0e+00, 1.4e+00) m/s, wall: 6.273 seconds
[ Info: i: 2200, t: 33.937 minutes, Δt: 778.281 ms, umax = (1.4e+00, 2.0e+00, 1.3e+00) m/s, wall: 7.399 seconds
[ Info: i: 2250, t: 34.605 minutes, Δt: 795.950 ms, umax = (1.4e+00, 2.0e+00, 1.3e+00) m/s, wall: 8.580 seconds
[ Info: i: 2300, t: 35.228 minutes, Δt: 703.996 ms, umax = (1.5e+00, 2.0e+00, 1.5e+00) m/s, wall: 9.707 seconds
[ Info: i: 2350, t: 35.864 minutes, Δt: 785.778 ms, umax = (1.5e+00, 2.0e+00, 1.3e+00) m/s, wall: 10.824 seconds
[ Info: i: 2400, t: 36.488 minutes, Δt: 753.487 ms, umax = (1.4e+00, 1.9e+00, 1.3e+00) m/s, wall: 12.070 seconds
[ Info: i: 2450, t: 37.117 minutes, Δt: 753.856 ms, umax = (1.4e+00, 1.9e+00, 1.3e+00) m/s, wall: 13.187 seconds
[ Info: i: 2500, t: 37.741 minutes, Δt: 727.846 ms, umax = (1.5e+00, 1.9e+00, 1.4e+00) m/s, wall: 14.310 seconds
[ Info: i: 2550, t: 38.363 minutes, Δt: 728.833 ms, umax = (1.7e+00, 1.9e+00, 1.4e+00) m/s, wall: 15.485 seconds
[ Info: i: 2600, t: 38.945 minutes, Δt: 705.087 ms, umax = (1.5e+00, 1.9e+00, 1.4e+00) m/s, wall: 16.602 seconds
[ Info: i: 2650, t: 39.597 minutes, Δt: 830.383 ms, umax = (1.6e+00, 1.8e+00, 1.2e+00) m/s, wall: 17.727 seconds
[ Info: i: 2700, t: 40.308 minutes, Δt: 892.143 ms, umax = (1.5e+00, 1.8e+00, 1.1e+00) m/s, wall: 19.016 seconds
[ Info: i: 2750, t: 41.006 minutes, Δt: 751.569 ms, umax = (1.7e+00, 1.8e+00, 1.4e+00) m/s, wall: 20.133 seconds
[ Info: i: 2800, t: 41.586 minutes, Δt: 707.834 ms, umax = (1.6e+00, 1.8e+00, 1.4e+00) m/s, wall: 21.251 seconds
[ Info: i: 2850, t: 42.247 minutes, Δt: 892.001 ms, umax = (1.8e+00, 1.8e+00, 1.3e+00) m/s, wall: 22.435 seconds
[ Info: i: 2900, t: 42.869 minutes, Δt: 657.914 ms, umax = (1.9e+00, 1.9e+00, 1.5e+00) m/s, wall: 23.552 seconds
[ Info: i: 2950, t: 43.446 minutes, Δt: 709.319 ms, umax = (2.0e+00, 1.9e+00, 1.5e+00) m/s, wall: 24.670 seconds
[ Info: i: 3000, t: 44.024 minutes, Δt: 713.150 ms, umax = (2.1e+00, 1.9e+00, 1.3e+00) m/s, wall: 25.939 seconds
[ Info: i: 3050, t: 44.699 minutes, Δt: 842.062 ms, umax = (1.9e+00, 1.9e+00, 1.2e+00) m/s, wall: 27.067 seconds
[ Info: i: 3100, t: 45.396 minutes, Δt: 821.088 ms, umax = (1.9e+00, 1.8e+00, 1.2e+00) m/s, wall: 28.184 seconds
[ Info: i: 3150, t: 46.115 minutes, Δt: 861.650 ms, umax = (1.8e+00, 1.7e+00, 1.2e+00) m/s, wall: 29.361 seconds
[ Info: i: 3200, t: 46.797 minutes, Δt: 801.070 ms, umax = (1.9e+00, 1.8e+00, 1.3e+00) m/s, wall: 30.478 seconds
[ Info: i: 3250, t: 47.502 minutes, Δt: 884.499 ms, umax = (1.8e+00, 2.1e+00, 1.1e+00) m/s, wall: 31.611 seconds
[ Info: i: 3300, t: 48.198 minutes, Δt: 847.400 ms, umax = (1.8e+00, 1.9e+00, 1.1e+00) m/s, wall: 32.889 seconds
[ Info: i: 3350, t: 48.938 minutes, Δt: 882.035 ms, umax = (1.9e+00, 2.0e+00, 1.3e+00) m/s, wall: 34.006 seconds
[ Info: i: 3400, t: 49.595 minutes, Δt: 848.916 ms, umax = (1.8e+00, 2.0e+00, 1.3e+00) m/s, wall: 35.124 seconds
[ Info: i: 3450, t: 50.304 minutes, Δt: 843.411 ms, umax = (1.9e+00, 2.2e+00, 1.1e+00) m/s, wall: 36.303 seconds
[ Info: i: 3500, t: 51.025 minutes, Δt: 875.348 ms, umax = (1.8e+00, 1.9e+00, 1.2e+00) m/s, wall: 37.420 seconds
[ Info: i: 3550, t: 51.697 minutes, Δt: 787.726 ms, umax = (1.9e+00, 1.8e+00, 1.2e+00) m/s, wall: 38.538 seconds
[ Info: i: 3600, t: 52.360 minutes, Δt: 846.562 ms, umax = (2.1e+00, 1.8e+00, 1.1e+00) m/s, wall: 39.839 seconds
[ Info: i: 3650, t: 53.095 minutes, Δt: 860.376 ms, umax = (1.8e+00, 1.9e+00, 1.1e+00) m/s, wall: 40.956 seconds
[ Info: i: 3700, t: 53.787 minutes, Δt: 839.095 ms, umax = (1.8e+00, 1.8e+00, 1.1e+00) m/s, wall: 42.073 seconds
[ Info: i: 3750, t: 54.496 minutes, Δt: 834.408 ms, umax = (2.0e+00, 1.9e+00, 1.2e+00) m/s, wall: 43.250 seconds
[ Info: i: 3800, t: 55.162 minutes, Δt: 793.013 ms, umax = (1.8e+00, 2.0e+00, 1.2e+00) m/s, wall: 44.367 seconds
[ Info: i: 3850, t: 55.832 minutes, Δt: 787.172 ms, umax = (2.0e+00, 2.1e+00, 1.2e+00) m/s, wall: 45.485 seconds
[ Info: i: 3900, t: 56.473 minutes, Δt: 753.241 ms, umax = (1.9e+00, 1.9e+00, 1.3e+00) m/s, wall: 46.665 seconds
[ Info: i: 3950, t: 57.110 minutes, Δt: 748.903 ms, umax = (1.8e+00, 2.0e+00, 1.3e+00) m/s, wall: 47.792 seconds
[ Info: i: 4000, t: 57.709 minutes, Δt: 717.039 ms, umax = (1.8e+00, 2.0e+00, 1.2e+00) m/s, wall: 48.909 seconds
[ Info: i: 4050, t: 58.303 minutes, Δt: 738.833 ms, umax = (1.7e+00, 1.9e+00, 1.2e+00) m/s, wall: 50.195 seconds
[ Info: i: 4100, t: 58.946 minutes, Δt: 803.984 ms, umax = (2.0e+00, 1.9e+00, 1.1e+00) m/s, wall: 51.312 seconds
[ Info: i: 4150, t: 59.697 minutes, Δt: 955.431 ms, umax = (2.1e+00, 1.8e+00, 1.0e+00) m/s, wall: 52.430 seconds
[ Info: i: 4200, t: 1.007 hours, Δt: 849.508 ms, umax = (1.8e+00, 1.9e+00, 1.1e+00) m/s, wall: 53.615 seconds
[ Info: i: 4250, t: 1.019 hours, Δt: 899.676 ms, umax = (1.7e+00, 1.9e+00, 1.1e+00) m/s, wall: 54.734 seconds
[ Info: i: 4300, t: 1.030 hours, Δt: 793.359 ms, umax = (1.7e+00, 2.1e+00, 1.2e+00) m/s, wall: 55.851 seconds
[ Info: i: 4350, t: 1.042 hours, Δt: 849.406 ms, umax = (1.9e+00, 2.1e+00, 1.1e+00) m/s, wall: 57.118 seconds
[ Info: i: 4400, t: 1.053 hours, Δt: 826.426 ms, umax = (1.8e+00, 1.9e+00, 1.2e+00) m/s, wall: 58.235 seconds
[ Info: i: 4450, t: 1.065 hours, Δt: 856.074 ms, umax = (1.6e+00, 2.0e+00, 1.2e+00) m/s, wall: 59.352 seconds
[ Info: i: 4500, t: 1.077 hours, Δt: 879.925 ms, umax = (1.6e+00, 1.9e+00, 1.1e+00) m/s, wall: 1.010 minutes
[ Info: i: 4550, t: 1.089 hours, Δt: 823.509 ms, umax = (1.7e+00, 1.8e+00, 1.1e+00) m/s, wall: 1.028 minutes
[ Info: i: 4600, t: 1.102 hours, Δt: 987.359 ms, umax = (1.8e+00, 1.9e+00, 9.6e-01) m/s, wall: 1.048 minutes
[ Info: i: 4650, t: 1.115 hours, Δt: 953.350 ms, umax = (1.6e+00, 1.9e+00, 1.1e+00) m/s, wall: 1.067 minutes
[ Info: i: 4700, t: 1.128 hours, Δt: 869.436 ms, umax = (1.8e+00, 1.9e+00, 1.2e+00) m/s, wall: 1.085 minutes
[ Info: i: 4750, t: 1.140 hours, Δt: 882.401 ms, umax = (1.8e+00, 2.0e+00, 1.1e+00) m/s, wall: 1.107 minutes
[ Info: i: 4800, t: 1.151 hours, Δt: 801.139 ms, umax = (1.9e+00, 2.1e+00, 1.1e+00) m/s, wall: 1.125 minutes
[ Info: i: 4850, t: 1.162 hours, Δt: 760.586 ms, umax = (1.8e+00, 2.3e+00, 1.3e+00) m/s, wall: 1.144 minutes
[ Info: i: 4900, t: 1.172 hours, Δt: 683.926 ms, umax = (1.9e+00, 2.2e+00, 1.3e+00) m/s, wall: 1.164 minutes
[ Info: i: 4950, t: 1.183 hours, Δt: 789.971 ms, umax = (1.6e+00, 2.1e+00, 1.2e+00) m/s, wall: 1.182 minutes
[ Info: i: 5000, t: 1.194 hours, Δt: 809.564 ms, umax = (1.8e+00, 2.1e+00, 1.2e+00) m/s, wall: 1.201 minutes
[ Info: i: 5050, t: 1.205 hours, Δt: 792.301 ms, umax = (1.8e+00, 2.1e+00, 1.2e+00) m/s, wall: 1.221 minutes
[ Info: i: 5100, t: 1.217 hours, Δt: 840.947 ms, umax = (1.7e+00, 2.1e+00, 1.3e+00) m/s, wall: 1.239 minutes
[ Info: i: 5150, t: 1.228 hours, Δt: 826.368 ms, umax = (2.2e+00, 2.1e+00, 1.2e+00) m/s, wall: 1.258 minutes
[ Info: i: 5200, t: 1.239 hours, Δt: 743.365 ms, umax = (1.8e+00, 2.0e+00, 1.2e+00) m/s, wall: 1.278 minutes
[ Info: i: 5250, t: 1.250 hours, Δt: 869.239 ms, umax = (1.7e+00, 1.9e+00, 1.1e+00) m/s, wall: 1.297 minutes
[ Info: i: 5300, t: 1.263 hours, Δt: 823.464 ms, umax = (1.5e+00, 1.9e+00, 1.1e+00) m/s, wall: 1.315 minutes
[ Info: i: 5350, t: 1.273 hours, Δt: 763.656 ms, umax = (1.6e+00, 2.0e+00, 1.3e+00) m/s, wall: 1.335 minutes
[ Info: i: 5400, t: 1.284 hours, Δt: 761.008 ms, umax = (1.6e+00, 1.9e+00, 1.2e+00) m/s, wall: 1.354 minutes
[ Info: i: 5450, t: 1.296 hours, Δt: 957.834 ms, umax = (1.7e+00, 2.0e+00, 1.0e+00) m/s, wall: 1.372 minutes
[ Info: i: 5500, t: 1.308 hours, Δt: 892.689 ms, umax = (1.6e+00, 1.9e+00, 1.2e+00) m/s, wall: 1.392 minutes
[ Info: i: 5550, t: 1.320 hours, Δt: 838.821 ms, umax = (1.7e+00, 2.1e+00, 1.1e+00) m/s, wall: 1.410 minutes
[ Info: i: 5600, t: 1.332 hours, Δt: 892.005 ms, umax = (2.0e+00, 2.1e+00, 1.1e+00) m/s, wall: 1.429 minutes
[ Info: i: 5650, t: 1.345 hours, Δt: 906.154 ms, umax = (1.8e+00, 2.1e+00, 1.2e+00) m/s, wall: 1.451 minutes
[ Info: i: 5700, t: 1.358 hours, Δt: 948.933 ms, umax = (1.7e+00, 2.0e+00, 1.1e+00) m/s, wall: 1.469 minutes
[ Info: i: 5750, t: 1.370 hours, Δt: 888.461 ms, umax = (1.9e+00, 2.0e+00, 1.0e+00) m/s, wall: 1.489 minutes
[ Info: i: 5800, t: 1.382 hours, Δt: 901.764 ms, umax = (2.2e+00, 2.0e+00, 1.2e+00) m/s, wall: 1.508 minutes
[ Info: i: 5850, t: 1.394 hours, Δt: 822.370 ms, umax = (2.0e+00, 2.0e+00, 1.3e+00) m/s, wall: 1.526 minutes
[ Info: i: 5900, t: 1.405 hours, Δt: 820.252 ms, umax = (1.7e+00, 1.9e+00, 1.3e+00) m/s, wall: 1.546 minutes
[ Info: i: 5950, t: 1.418 hours, Δt: 937.594 ms, umax = (1.7e+00, 1.9e+00, 1.0e+00) m/s, wall: 1.564 minutes
[ Info: i: 6000, t: 1.430 hours, Δt: 738.888 ms, umax = (2.0e+00, 1.9e+00, 1.5e+00) m/s, wall: 1.583 minutes
[ Info: i: 6050, t: 1.440 hours, Δt: 804.897 ms, umax = (2.2e+00, 1.9e+00, 1.3e+00) m/s, wall: 1.605 minutes
[ Info: i: 6100, t: 1.453 hours, Δt: 897.429 ms, umax = (2.1e+00, 2.0e+00, 1.1e+00) m/s, wall: 1.623 minutes
[ Info: i: 6150, t: 1.465 hours, Δt: 899.243 ms, umax = (2.3e+00, 2.0e+00, 1.1e+00) m/s, wall: 1.642 minutes
[ Info: i: 6200, t: 1.478 hours, Δt: 913.257 ms, umax = (2.0e+00, 2.0e+00, 1.1e+00) m/s, wall: 1.662 minutes
[ Info: i: 6250, t: 1.491 hours, Δt: 940.070 ms, umax = (1.9e+00, 1.9e+00, 1.1e+00) m/s, wall: 1.681 minutes
[ Info: Simulation is stopping after running for 1.695 minutes.
[ Info: Simulation time 1.500 hours equals or exceeds stop time 1.500 hours.
[ Info: Run 5/10: wind 6.04 m/s from 316°, 21 sources, grid 128×128×64
[ Info: Run 5 warmup (winter, GPU{CUDABackend}(CUDABackend(false, false))): 30 minutes with no output...
[ Info: Initializing simulation...
[ Info: i: 0000, t: 0 seconds, Δt: 500 ms, umax = (2.2e-03, 5.9e-04, 5.0e-04) m/s, wall: 0 seconds
[ Info:     ... simulation initialization complete (115.425 ms)
[ Info: Executing initial time step...
[ Info:     ... initial time step complete (204.207 ms).
[ Info: i: 0050, t: 33.578 seconds, Δt: 805.255 ms, umax = (4.3e-02, 4.0e-03, 2.0e-02) m/s, wall: 1.343 seconds
[ Info: i: 0100, t: 1.461 minutes, Δt: 1.297 seconds, umax = (2.2e-01, 2.0e-02, 1.2e-01) m/s, wall: 2.477 seconds
[ Info: i: 0150, t: 2.912 minutes, Δt: 2.089 seconds, umax = (6.1e-01, 6.9e-02, 3.3e-01) m/s, wall: 3.594 seconds
[ Info: i: 0200, t: 4.894 minutes, Δt: 2.254 seconds, umax = (7.6e-01, 1.7e-01, 4.6e-01) m/s, wall: 4.711 seconds
[ Info: i: 0250, t: 6.642 minutes, Δt: 1.999 seconds, umax = (1.0e+00, 3.0e-01, 5.1e-01) m/s, wall: 5.828 seconds
[ Info: i: 0300, t: 8.004 minutes, Δt: 1.262 seconds, umax = (1.3e+00, 4.5e-01, 8.8e-01) m/s, wall: 6.945 seconds
[ Info: i: 0350, t: 8.826 minutes, Δt: 889.799 ms, umax = (1.4e+00, 6.3e-01, 1.2e+00) m/s, wall: 8.065 seconds
[ Info: i: 0400, t: 9.543 minutes, Δt: 843.179 ms, umax = (1.5e+00, 8.6e-01, 1.2e+00) m/s, wall: 9.183 seconds
[ Info: i: 0450, t: 10.243 minutes, Δt: 834.336 ms, umax = (1.6e+00, 1.2e+00, 1.2e+00) m/s, wall: 10.300 seconds
[ Info: i: 0500, t: 10.928 minutes, Δt: 833.667 ms, umax = (1.8e+00, 1.4e+00, 1.2e+00) m/s, wall: 11.419 seconds
[ Info: i: 0550, t: 11.668 minutes, Δt: 936.904 ms, umax = (1.6e+00, 1.4e+00, 1.1e+00) m/s, wall: 12.536 seconds
[ Info: i: 0600, t: 12.467 minutes, Δt: 946.430 ms, umax = (1.6e+00, 1.4e+00, 1.1e+00) m/s, wall: 13.653 seconds
[ Info: i: 0650, t: 13.239 minutes, Δt: 922.432 ms, umax = (1.8e+00, 1.3e+00, 1.1e+00) m/s, wall: 14.770 seconds
[ Info: i: 0700, t: 14.051 minutes, Δt: 1.021 seconds, umax = (1.9e+00, 1.2e+00, 1.0e+00) m/s, wall: 15.896 seconds
[ Info: i: 0750, t: 14.850 minutes, Δt: 932.418 ms, umax = (2.0e+00, 1.2e+00, 1.1e+00) m/s, wall: 17.017 seconds
[ Info: i: 0800, t: 15.623 minutes, Δt: 916.283 ms, umax = (2.0e+00, 1.2e+00, 1.1e+00) m/s, wall: 18.131 seconds
[ Info: i: 0850, t: 16.360 minutes, Δt: 867.329 ms, umax = (1.9e+00, 1.2e+00, 1.1e+00) m/s, wall: 19.256 seconds
[ Info: i: 0900, t: 17.073 minutes, Δt: 826.775 ms, umax = (1.9e+00, 1.2e+00, 1.2e+00) m/s, wall: 20.373 seconds
[ Info: i: 0950, t: 17.759 minutes, Δt: 817.170 ms, umax = (1.9e+00, 1.2e+00, 1.2e+00) m/s, wall: 21.491 seconds
[ Info: i: 1000, t: 18.400 minutes, Δt: 760.391 ms, umax = (1.9e+00, 1.2e+00, 1.4e+00) m/s, wall: 22.619 seconds
[ Info: i: 1050, t: 19.002 minutes, Δt: 738.206 ms, umax = (1.9e+00, 1.2e+00, 1.3e+00) m/s, wall: 23.736 seconds
[ Info: i: 1100, t: 19.639 minutes, Δt: 761.347 ms, umax = (2.0e+00, 1.2e+00, 1.2e+00) m/s, wall: 24.853 seconds
[ Info: i: 1150, t: 20.271 minutes, Δt: 781.067 ms, umax = (1.9e+00, 1.4e+00, 1.2e+00) m/s, wall: 25.970 seconds
[ Info: i: 1200, t: 20.962 minutes, Δt: 855.384 ms, umax = (2.0e+00, 1.3e+00, 1.1e+00) m/s, wall: 27.087 seconds
[ Info: i: 1250, t: 21.664 minutes, Δt: 839.380 ms, umax = (2.3e+00, 1.5e+00, 1.2e+00) m/s, wall: 28.207 seconds
[ Info: i: 1300, t: 22.381 minutes, Δt: 887.871 ms, umax = (2.0e+00, 1.5e+00, 1.2e+00) m/s, wall: 29.325 seconds
[ Info: i: 1350, t: 23.066 minutes, Δt: 779.511 ms, umax = (1.7e+00, 1.5e+00, 1.1e+00) m/s, wall: 30.442 seconds
[ Info: i: 1400, t: 23.769 minutes, Δt: 871.405 ms, umax = (1.7e+00, 1.5e+00, 1.1e+00) m/s, wall: 31.559 seconds
[ Info: i: 1450, t: 24.503 minutes, Δt: 876.451 ms, umax = (1.7e+00, 1.7e+00, 1.1e+00) m/s, wall: 32.678 seconds
[ Info: i: 1500, t: 25.227 minutes, Δt: 869.301 ms, umax = (1.8e+00, 1.6e+00, 1.1e+00) m/s, wall: 33.797 seconds
[ Info: i: 1550, t: 25.916 minutes, Δt: 802.096 ms, umax = (1.7e+00, 1.5e+00, 1.2e+00) m/s, wall: 34.912 seconds
[ Info: i: 1600, t: 26.601 minutes, Δt: 777.501 ms, umax = (1.7e+00, 1.5e+00, 1.3e+00) m/s, wall: 36.038 seconds
[ Info: i: 1650, t: 27.230 minutes, Δt: 787.959 ms, umax = (1.8e+00, 1.5e+00, 1.2e+00) m/s, wall: 37.156 seconds
[ Info: i: 1700, t: 27.935 minutes, Δt: 878.237 ms, umax = (1.9e+00, 1.5e+00, 1.1e+00) m/s, wall: 38.273 seconds
[ Info: i: 1750, t: 28.676 minutes, Δt: 907.063 ms, umax = (1.8e+00, 1.5e+00, 1.1e+00) m/s, wall: 39.399 seconds
[ Info: i: 1800, t: 29.393 minutes, Δt: 829.450 ms, umax = (1.7e+00, 1.6e+00, 1.1e+00) m/s, wall: 40.515 seconds
[ Info: Simulation is stopping after running for 41.513 seconds.
[ Info: Simulation time 30 minutes equals or exceeds stop time 30 minutes.
[ Info: Warmup complete at t = 30 minutes; attaching output writer.
[ Info: Run 5 recording (1 hour) → /leonardo_scratch/large/userexternal/cfaccio1/oceananigans/test/nonhydro_winter_run005.nc
[ Info: Initializing simulation...
[ Info:     ... simulation initialization complete (31.339 ms)
[ Info: Executing initial time step...
[ Info:     ... initial time step complete (257.897 ms).
[ Info: i: 1850, t: 30.134 minutes, Δt: 893.250 ms, umax = (1.7e+00, 1.5e+00, 1.1e+00) m/s, wall: 364.641 ms
[ Info: i: 1900, t: 30.899 minutes, Δt: 917.198 ms, umax = (1.8e+00, 1.5e+00, 1.2e+00) m/s, wall: 1.482 seconds
[ Info: i: 1950, t: 31.645 minutes, Δt: 861.965 ms, umax = (1.7e+00, 1.6e+00, 1.2e+00) m/s, wall: 2.599 seconds
[ Info: i: 2000, t: 32.354 minutes, Δt: 827.034 ms, umax = (1.7e+00, 1.7e+00, 1.2e+00) m/s, wall: 3.781 seconds
[ Info: i: 2050, t: 33.016 minutes, Δt: 790.947 ms, umax = (1.7e+00, 1.7e+00, 1.2e+00) m/s, wall: 4.898 seconds
[ Info: i: 2100, t: 33.668 minutes, Δt: 781.365 ms, umax = (1.7e+00, 1.8e+00, 1.1e+00) m/s, wall: 6.021 seconds
[ Info: i: 2150, t: 34.356 minutes, Δt: 868.820 ms, umax = (1.8e+00, 2.0e+00, 1.1e+00) m/s, wall: 7.200 seconds
[ Info: i: 2200, t: 35.023 minutes, Δt: 771.145 ms, umax = (1.8e+00, 1.9e+00, 1.3e+00) m/s, wall: 8.317 seconds
[ Info: i: 2250, t: 35.714 minutes, Δt: 866.663 ms, umax = (1.6e+00, 1.7e+00, 1.2e+00) m/s, wall: 9.441 seconds
[ Info: i: 2300, t: 36.404 minutes, Δt: 842.717 ms, umax = (1.8e+00, 1.8e+00, 1.2e+00) m/s, wall: 10.735 seconds
[ Info: i: 2350, t: 37.065 minutes, Δt: 758.920 ms, umax = (1.8e+00, 1.7e+00, 1.3e+00) m/s, wall: 11.852 seconds
[ Info: i: 2400, t: 37.727 minutes, Δt: 851.065 ms, umax = (1.8e+00, 1.8e+00, 1.2e+00) m/s, wall: 12.969 seconds
[ Info: i: 2450, t: 38.454 minutes, Δt: 872.712 ms, umax = (1.9e+00, 1.8e+00, 1.1e+00) m/s, wall: 14.144 seconds
[ Info: i: 2500, t: 39.211 minutes, Δt: 970.774 ms, umax = (1.8e+00, 1.9e+00, 1.0e+00) m/s, wall: 15.261 seconds
[ Info: i: 2550, t: 40 minutes, Δt: 871.426 ms, umax = (1.7e+00, 1.5e+00, 1.2e+00) m/s, wall: 16.378 seconds
[ Info: i: 2600, t: 40.729 minutes, Δt: 907.792 ms, umax = (1.8e+00, 1.5e+00, 1.2e+00) m/s, wall: 17.675 seconds
[ Info: i: 2650, t: 41.508 minutes, Δt: 980.364 ms, umax = (1.7e+00, 1.6e+00, 1.0e+00) m/s, wall: 18.793 seconds
[ Info: i: 2700, t: 42.325 minutes, Δt: 993.043 ms, umax = (1.9e+00, 1.6e+00, 9.5e-01) m/s, wall: 19.979 seconds
[ Info: i: 2750, t: 43.117 minutes, Δt: 917.766 ms, umax = (2.0e+00, 1.6e+00, 1.0e+00) m/s, wall: 21.097 seconds
[ Info: i: 2800, t: 43.903 minutes, Δt: 980.853 ms, umax = (2.0e+00, 1.8e+00, 1.0e+00) m/s, wall: 22.217 seconds
[ Info: i: 2850, t: 44.741 minutes, Δt: 1.003 seconds, umax = (1.8e+00, 1.8e+00, 1.0e+00) m/s, wall: 23.403 seconds
[ Info: i: 2900, t: 45.595 minutes, Δt: 1.027 seconds, umax = (2.0e+00, 1.7e+00, 1.0e+00) m/s, wall: 24.520 seconds
[ Info: i: 2950, t: 46.359 minutes, Δt: 890.282 ms, umax = (2.0e+00, 1.7e+00, 1.1e+00) m/s, wall: 25.689 seconds
[ Info: i: 3000, t: 47.125 minutes, Δt: 889.434 ms, umax = (1.9e+00, 1.8e+00, 1.2e+00) m/s, wall: 26.809 seconds
[ Info: i: 3050, t: 47.835 minutes, Δt: 811.844 ms, umax = (1.8e+00, 1.7e+00, 1.3e+00) m/s, wall: 27.926 seconds
[ Info: i: 3100, t: 48.516 minutes, Δt: 895.007 ms, umax = (2.0e+00, 1.8e+00, 1.1e+00) m/s, wall: 29.134 seconds
[ Info: i: 3150, t: 49.299 minutes, Δt: 921.444 ms, umax = (1.9e+00, 1.7e+00, 1.2e+00) m/s, wall: 30.257 seconds
[ Info: i: 3200, t: 50.046 minutes, Δt: 925.787 ms, umax = (1.8e+00, 1.7e+00, 1.1e+00) m/s, wall: 31.483 seconds
[ Info: i: 3250, t: 50.721 minutes, Δt: 782.152 ms, umax = (1.9e+00, 1.6e+00, 1.3e+00) m/s, wall: 32.556 seconds
[ Info: i: 3300, t: 51.335 minutes, Δt: 730.043 ms, umax = (2.1e+00, 1.8e+00, 1.3e+00) m/s, wall: 33.673 seconds
[ Info: i: 3350, t: 51.942 minutes, Δt: 740.554 ms, umax = (2.1e+00, 1.8e+00, 1.3e+00) m/s, wall: 34.791 seconds
[ Info: i: 3400, t: 52.602 minutes, Δt: 856.335 ms, umax = (2.1e+00, 1.6e+00, 1.1e+00) m/s, wall: 35.972 seconds
[ Info: i: 3450, t: 53.303 minutes, Δt: 835.097 ms, umax = (1.9e+00, 1.8e+00, 1.2e+00) m/s, wall: 37.097 seconds
[ Info: i: 3500, t: 54.030 minutes, Δt: 886.761 ms, umax = (2.1e+00, 1.6e+00, 1.2e+00) m/s, wall: 38.443 seconds
[ Info: i: 3550, t: 54.771 minutes, Δt: 914.947 ms, umax = (2.0e+00, 1.7e+00, 1.1e+00) m/s, wall: 39.497 seconds
[ Info: i: 3600, t: 55.510 minutes, Δt: 844.618 ms, umax = (1.8e+00, 1.6e+00, 1.1e+00) m/s, wall: 40.614 seconds
[ Info: i: 3650, t: 56.187 minutes, Δt: 799.513 ms, umax = (1.8e+00, 1.6e+00, 1.3e+00) m/s, wall: 41.793 seconds
[ Info: i: 3700, t: 56.840 minutes, Δt: 792.117 ms, umax = (2.0e+00, 1.7e+00, 1.3e+00) m/s, wall: 42.911 seconds
[ Info: i: 3750, t: 57.517 minutes, Δt: 838.558 ms, umax = (1.9e+00, 1.7e+00, 1.1e+00) m/s, wall: 44.028 seconds
[ Info: i: 3800, t: 58.247 minutes, Δt: 805.374 ms, umax = (1.8e+00, 1.7e+00, 1.2e+00) m/s, wall: 45.208 seconds
[ Info: i: 3850, t: 59.012 minutes, Δt: 964.284 ms, umax = (1.9e+00, 1.6e+00, 1.1e+00) m/s, wall: 46.326 seconds
[ Info: i: 3900, t: 59.774 minutes, Δt: 890.213 ms, umax = (1.8e+00, 1.7e+00, 9.8e-01) m/s, wall: 47.443 seconds
[ Info: i: 3950, t: 1.010 hours, Δt: 996.491 ms, umax = (2.1e+00, 1.7e+00, 1.1e+00) m/s, wall: 48.767 seconds
[ Info: i: 4000, t: 1.023 hours, Δt: 978.774 ms, umax = (2.2e+00, 1.7e+00, 1.1e+00) m/s, wall: 49.884 seconds
[ Info: i: 4050, t: 1.036 hours, Δt: 908.413 ms, umax = (2.1e+00, 1.7e+00, 1.1e+00) m/s, wall: 51.098 seconds
[ Info: i: 4100, t: 1.048 hours, Δt: 821.768 ms, umax = (1.9e+00, 1.7e+00, 1.2e+00) m/s, wall: 52.215 seconds
[ Info: i: 4150, t: 1.060 hours, Δt: 854.263 ms, umax = (2.0e+00, 1.6e+00, 1.1e+00) m/s, wall: 53.332 seconds
[ Info: i: 4200, t: 1.072 hours, Δt: 821.038 ms, umax = (2.2e+00, 1.6e+00, 1.2e+00) m/s, wall: 54.516 seconds
[ Info: i: 4250, t: 1.084 hours, Δt: 907.720 ms, umax = (1.8e+00, 1.6e+00, 1.1e+00) m/s, wall: 55.633 seconds
[ Info: i: 4300, t: 1.097 hours, Δt: 939.453 ms, umax = (1.9e+00, 1.7e+00, 1.0e+00) m/s, wall: 56.750 seconds
[ Info: i: 4350, t: 1.110 hours, Δt: 896.620 ms, umax = (2.0e+00, 1.6e+00, 1.0e+00) m/s, wall: 58.048 seconds
[ Info: i: 4400, t: 1.122 hours, Δt: 836.633 ms, umax = (1.9e+00, 1.6e+00, 1.3e+00) m/s, wall: 59.165 seconds
[ Info: i: 4450, t: 1.133 hours, Δt: 802.446 ms, umax = (2.1e+00, 1.6e+00, 1.3e+00) m/s, wall: 1.005 minutes
[ Info: i: 4500, t: 1.144 hours, Δt: 837.078 ms, umax = (1.9e+00, 1.6e+00, 1.2e+00) m/s, wall: 1.024 minutes
[ Info: i: 4550, t: 1.156 hours, Δt: 855.508 ms, umax = (1.9e+00, 1.6e+00, 1.2e+00) m/s, wall: 1.043 minutes
[ Info: i: 4600, t: 1.168 hours, Δt: 837.446 ms, umax = (1.9e+00, 1.6e+00, 1.2e+00) m/s, wall: 1.063 minutes
[ Info: i: 4650, t: 1.179 hours, Δt: 786.406 ms, umax = (1.9e+00, 1.7e+00, 1.2e+00) m/s, wall: 1.081 minutes
[ Info: i: 4700, t: 1.190 hours, Δt: 818.152 ms, umax = (2.0e+00, 1.6e+00, 1.3e+00) m/s, wall: 1.100 minutes
[ Info: i: 4750, t: 1.201 hours, Δt: 731.941 ms, umax = (2.2e+00, 1.6e+00, 1.3e+00) m/s, wall: 1.122 minutes
[ Info: i: 4800, t: 1.211 hours, Δt: 737.209 ms, umax = (2.6e+00, 1.9e+00, 1.2e+00) m/s, wall: 1.140 minutes
[ Info: i: 4850, t: 1.221 hours, Δt: 647.494 ms, umax = (2.4e+00, 1.9e+00, 1.4e+00) m/s, wall: 1.159 minutes
[ Info: i: 4900, t: 1.230 hours, Δt: 646.374 ms, umax = (2.2e+00, 1.8e+00, 1.6e+00) m/s, wall: 1.177 minutes
[ Info: i: 4950, t: 1.239 hours, Δt: 711.094 ms, umax = (2.0e+00, 1.8e+00, 1.3e+00) m/s, wall: 1.197 minutes
[ Info: i: 5000, t: 1.250 hours, Δt: 743.875 ms, umax = (2.1e+00, 1.9e+00, 1.2e+00) m/s, wall: 1.216 minutes
[ Info: i: 5050, t: 1.260 hours, Δt: 759.228 ms, umax = (2.0e+00, 1.9e+00, 1.3e+00) m/s, wall: 1.235 minutes
[ Info: i: 5100, t: 1.270 hours, Δt: 714.548 ms, umax = (2.0e+00, 1.8e+00, 1.4e+00) m/s, wall: 1.254 minutes
[ Info: i: 5150, t: 1.280 hours, Δt: 654.707 ms, umax = (2.0e+00, 1.7e+00, 1.5e+00) m/s, wall: 1.273 minutes
[ Info: i: 5200, t: 1.289 hours, Δt: 706.492 ms, umax = (1.8e+00, 1.7e+00, 1.4e+00) m/s, wall: 1.291 minutes
[ Info: i: 5250, t: 1.299 hours, Δt: 760.198 ms, umax = (2.2e+00, 1.6e+00, 1.3e+00) m/s, wall: 1.310 minutes
[ Info: i: 5300, t: 1.310 hours, Δt: 757.070 ms, umax = (2.1e+00, 1.6e+00, 1.2e+00) m/s, wall: 1.330 minutes
[ Info: i: 5350, t: 1.321 hours, Δt: 798.609 ms, umax = (2.0e+00, 1.6e+00, 1.2e+00) m/s, wall: 1.348 minutes
[ Info: i: 5400, t: 1.333 hours, Δt: 847.871 ms, umax = (1.7e+00, 1.6e+00, 1.1e+00) m/s, wall: 1.367 minutes
[ Info: i: 5450, t: 1.344 hours, Δt: 849.748 ms, umax = (1.7e+00, 1.7e+00, 1.2e+00) m/s, wall: 1.387 minutes
[ Info: i: 5500, t: 1.356 hours, Δt: 824.875 ms, umax = (1.8e+00, 1.7e+00, 1.3e+00) m/s, wall: 1.405 minutes
[ Info: i: 5550, t: 1.367 hours, Δt: 781.919 ms, umax = (1.7e+00, 1.6e+00, 1.3e+00) m/s, wall: 1.424 minutes
[ Info: i: 5600, t: 1.378 hours, Δt: 852.207 ms, umax = (2.0e+00, 1.6e+00, 1.1e+00) m/s, wall: 1.443 minutes
[ Info: i: 5650, t: 1.390 hours, Δt: 890.681 ms, umax = (2.1e+00, 1.6e+00, 1.2e+00) m/s, wall: 1.462 minutes
[ Info: i: 5700, t: 1.402 hours, Δt: 918.154 ms, umax = (1.8e+00, 1.5e+00, 1.1e+00) m/s, wall: 1.484 minutes
[ Info: i: 5750, t: 1.415 hours, Δt: 951.158 ms, umax = (1.9e+00, 1.6e+00, 1.1e+00) m/s, wall: 1.502 minutes
[ Info: i: 5800, t: 1.429 hours, Δt: 950.103 ms, umax = (1.9e+00, 1.6e+00, 1.2e+00) m/s, wall: 1.521 minutes
[ Info: i: 5850, t: 1.440 hours, Δt: 912.907 ms, umax = (1.8e+00, 1.6e+00, 1.1e+00) m/s, wall: 1.541 minutes
[ Info: i: 5900, t: 1.453 hours, Δt: 862.972 ms, umax = (1.8e+00, 1.7e+00, 1.2e+00) m/s, wall: 1.559 minutes
[ Info: i: 5950, t: 1.465 hours, Δt: 802.047 ms, umax = (1.7e+00, 1.6e+00, 1.2e+00) m/s, wall: 1.578 minutes
[ Info: i: 6000, t: 1.476 hours, Δt: 918.931 ms, umax = (1.8e+00, 1.5e+00, 1.1e+00) m/s, wall: 1.598 minutes
[ Info: i: 6050, t: 1.489 hours, Δt: 838.406 ms, umax = (2.0e+00, 1.6e+00, 1.2e+00) m/s, wall: 1.617 minutes
[ Info: Simulation is stopping after running for 1.635 minutes.
[ Info: Simulation time 1.500 hours equals or exceeds stop time 1.500 hours.
[ Info: Run 6/10: wind 5.90 m/s from 279°, 30 sources, grid 128×128×64
[ Info: Run 6 warmup (winter, GPU{CUDABackend}(CUDABackend(false, false))): 30 minutes with no output...
[ Info: Initializing simulation...
[ Info: i: 0000, t: 0 seconds, Δt: 500 ms, umax = (2.1e-03, 6.3e-04, 5.3e-04) m/s, wall: 0 seconds
[ Info:     ... simulation initialization complete (115.284 ms)
[ Info: Executing initial time step...
[ Info:     ... initial time step complete (203.670 ms).
[ Info: i: 0050, t: 33.578 seconds, Δt: 805.255 ms, umax = (4.3e-02, 3.4e-03, 1.8e-02) m/s, wall: 1.407 seconds
[ Info: i: 0100, t: 1.461 minutes, Δt: 1.297 seconds, umax = (2.2e-01, 1.8e-02, 1.1e-01) m/s, wall: 2.601 seconds
[ Info: i: 0150, t: 2.912 minutes, Δt: 2.089 seconds, umax = (6.1e-01, 6.7e-02, 3.1e-01) m/s, wall: 3.803 seconds
[ Info: i: 0200, t: 4.924 minutes, Δt: 2.286 seconds, umax = (7.6e-01, 1.8e-01, 4.5e-01) m/s, wall: 4.997 seconds
[ Info: i: 0250, t: 6.648 minutes, Δt: 1.947 seconds, umax = (1.0e+00, 3.2e-01, 5.1e-01) m/s, wall: 6.190 seconds
[ Info: i: 0300, t: 8.096 minutes, Δt: 1.495 seconds, umax = (1.2e+00, 4.6e-01, 7.1e-01) m/s, wall: 7.384 seconds
[ Info: i: 0350, t: 9.016 minutes, Δt: 969.424 ms, umax = (1.4e+00, 6.3e-01, 1.1e+00) m/s, wall: 8.578 seconds
[ Info: i: 0400, t: 9.772 minutes, Δt: 892.760 ms, umax = (1.6e+00, 9.0e-01, 1.1e+00) m/s, wall: 9.771 seconds
[ Info: i: 0450, t: 10.517 minutes, Δt: 856.645 ms, umax = (1.8e+00, 1.3e+00, 1.2e+00) m/s, wall: 10.965 seconds
[ Info: i: 0500, t: 11.200 minutes, Δt: 782.440 ms, umax = (1.8e+00, 1.5e+00, 1.2e+00) m/s, wall: 12.158 seconds
[ Info: i: 0550, t: 11.833 minutes, Δt: 744.416 ms, umax = (1.8e+00, 1.4e+00, 1.2e+00) m/s, wall: 13.352 seconds
[ Info: i: 0600, t: 12.484 minutes, Δt: 793.459 ms, umax = (1.7e+00, 1.5e+00, 1.2e+00) m/s, wall: 14.546 seconds
[ Info: i: 0650, t: 13.214 minutes, Δt: 982.670 ms, umax = (1.7e+00, 1.4e+00, 1.0e+00) m/s, wall: 15.739 seconds
[ Info: i: 0700, t: 14.018 minutes, Δt: 930.127 ms, umax = (1.8e+00, 1.4e+00, 1.0e+00) m/s, wall: 16.933 seconds
[ Info: i: 0750, t: 14.820 minutes, Δt: 1.020 seconds, umax = (1.8e+00, 1.2e+00, 9.6e-01) m/s, wall: 18.127 seconds
[ Info: i: 0800, t: 15.625 minutes, Δt: 915.323 ms, umax = (1.9e+00, 1.3e+00, 1.0e+00) m/s, wall: 19.328 seconds
[ Info: i: 0850, t: 16.338 minutes, Δt: 813.999 ms, umax = (2.0e+00, 1.4e+00, 1.2e+00) m/s, wall: 20.531 seconds
[ Info: i: 0900, t: 17.019 minutes, Δt: 869.094 ms, umax = (1.9e+00, 1.4e+00, 1.2e+00) m/s, wall: 21.725 seconds
[ Info: i: 0950, t: 17.794 minutes, Δt: 907.771 ms, umax = (1.7e+00, 1.4e+00, 1.1e+00) m/s, wall: 22.926 seconds
[ Info: i: 1000, t: 18.527 minutes, Δt: 829.250 ms, umax = (1.8e+00, 1.3e+00, 1.3e+00) m/s, wall: 24.122 seconds
[ Info: i: 1050, t: 19.168 minutes, Δt: 760.759 ms, umax = (2.0e+00, 1.2e+00, 1.4e+00) m/s, wall: 25.317 seconds
[ Info: i: 1100, t: 19.842 minutes, Δt: 862.419 ms, umax = (1.9e+00, 1.3e+00, 1.0e+00) m/s, wall: 26.513 seconds
[ Info: i: 1150, t: 20.637 minutes, Δt: 922.552 ms, umax = (1.9e+00, 1.4e+00, 9.9e-01) m/s, wall: 27.706 seconds
[ Info: i: 1200, t: 21.381 minutes, Δt: 875.943 ms, umax = (2.0e+00, 1.5e+00, 1.1e+00) m/s, wall: 28.899 seconds
[ Info: i: 1250, t: 22.109 minutes, Δt: 866.387 ms, umax = (2.2e+00, 1.6e+00, 1.1e+00) m/s, wall: 30.097 seconds
[ Info: i: 1300, t: 22.826 minutes, Δt: 789.871 ms, umax = (2.2e+00, 1.6e+00, 1.3e+00) m/s, wall: 31.287 seconds
[ Info: i: 1350, t: 23.487 minutes, Δt: 787.192 ms, umax = (2.2e+00, 1.7e+00, 1.3e+00) m/s, wall: 32.481 seconds
[ Info: i: 1400, t: 24.117 minutes, Δt: 740.896 ms, umax = (2.1e+00, 1.7e+00, 1.2e+00) m/s, wall: 33.674 seconds
[ Info: i: 1450, t: 24.759 minutes, Δt: 739.444 ms, umax = (1.9e+00, 1.7e+00, 1.3e+00) m/s, wall: 34.868 seconds
[ Info: i: 1500, t: 25.394 minutes, Δt: 762.562 ms, umax = (2.0e+00, 1.7e+00, 1.3e+00) m/s, wall: 36.061 seconds
[ Info: i: 1550, t: 26.019 minutes, Δt: 716.763 ms, umax = (2.0e+00, 1.8e+00, 1.3e+00) m/s, wall: 37.255 seconds
[ Info: i: 1600, t: 26.612 minutes, Δt: 738.015 ms, umax = (2.0e+00, 1.7e+00, 1.3e+00) m/s, wall: 38.449 seconds
[ Info: i: 1650, t: 27.256 minutes, Δt: 790.240 ms, umax = (2.1e+00, 1.7e+00, 1.3e+00) m/s, wall: 39.642 seconds
[ Info: i: 1700, t: 27.903 minutes, Δt: 757.170 ms, umax = (2.0e+00, 2.0e+00, 1.4e+00) m/s, wall: 40.836 seconds
[ Info: i: 1750, t: 28.566 minutes, Δt: 843.940 ms, umax = (2.0e+00, 2.3e+00, 1.2e+00) m/s, wall: 42.030 seconds
[ Info: i: 1800, t: 29.286 minutes, Δt: 853.494 ms, umax = (1.9e+00, 2.0e+00, 1.2e+00) m/s, wall: 43.223 seconds
[ Info: i: 1850, t: 29.953 minutes, Δt: 769.650 ms, umax = (2.0e+00, 1.9e+00, 1.3e+00) m/s, wall: 44.417 seconds
[ Info: Simulation is stopping after running for 44.549 seconds.
[ Info: Simulation time 30 minutes equals or exceeds stop time 30 minutes.
[ Info: Warmup complete at t = 30 minutes; attaching output writer.
[ Info: Run 6 recording (1 hour) → /leonardo_scratch/large/userexternal/cfaccio1/oceananigans/test/nonhydro_winter_run006.nc
[ Info: Initializing simulation...
[ Info:     ... simulation initialization complete (31.298 ms)
[ Info: Executing initial time step...
[ Info:     ... initial time step complete (237.646 ms).
[ Info: i: 1900, t: 30.581 minutes, Δt: 764.259 ms, umax = (1.9e+00, 1.9e+00, 1.3e+00) m/s, wall: 1.232 seconds
[ Info: i: 1950, t: 31.249 minutes, Δt: 787.266 ms, umax = (1.8e+00, 1.9e+00, 1.3e+00) m/s, wall: 2.426 seconds
[ Info: i: 2000, t: 31.858 minutes, Δt: 694.937 ms, umax = (1.8e+00, 2.0e+00, 1.3e+00) m/s, wall: 3.629 seconds
[ Info: i: 2050, t: 32.429 minutes, Δt: 697.010 ms, umax = (1.6e+00, 2.0e+00, 1.3e+00) m/s, wall: 4.957 seconds
[ Info: i: 2100, t: 33.072 minutes, Δt: 826.140 ms, umax = (1.7e+00, 1.9e+00, 1.2e+00) m/s, wall: 6.150 seconds
[ Info: i: 2150, t: 33.792 minutes, Δt: 882.010 ms, umax = (2.0e+00, 1.8e+00, 1.1e+00) m/s, wall: 7.343 seconds
[ Info: i: 2200, t: 34.538 minutes, Δt: 915.847 ms, umax = (2.3e+00, 1.7e+00, 1.1e+00) m/s, wall: 8.600 seconds
[ Info: i: 2250, t: 35.304 minutes, Δt: 977.212 ms, umax = (1.8e+00, 1.6e+00, 1.0e+00) m/s, wall: 9.794 seconds
[ Info: i: 2300, t: 36.093 minutes, Δt: 928.085 ms, umax = (2.1e+00, 1.5e+00, 1.0e+00) m/s, wall: 11.046 seconds
[ Info: i: 2350, t: 36.880 minutes, Δt: 985.297 ms, umax = (2.2e+00, 1.7e+00, 9.9e-01) m/s, wall: 12.242 seconds
[ Info: i: 2400, t: 37.708 minutes, Δt: 952.704 ms, umax = (2.1e+00, 1.8e+00, 1.0e+00) m/s, wall: 13.436 seconds
[ Info: i: 2450, t: 38.439 minutes, Δt: 955.607 ms, umax = (1.8e+00, 1.7e+00, 1.0e+00) m/s, wall: 14.799 seconds
[ Info: i: 2500, t: 39.156 minutes, Δt: 827.125 ms, umax = (1.9e+00, 1.8e+00, 1.0e+00) m/s, wall: 15.993 seconds
[ Info: i: 2550, t: 39.906 minutes, Δt: 952.825 ms, umax = (1.8e+00, 2.0e+00, 1.0e+00) m/s, wall: 17.191 seconds
[ Info: i: 2600, t: 40.653 minutes, Δt: 873.264 ms, umax = (2.0e+00, 2.0e+00, 9.7e-01) m/s, wall: 18.440 seconds
[ Info: i: 2650, t: 41.409 minutes, Δt: 887.931 ms, umax = (2.1e+00, 1.8e+00, 1.0e+00) m/s, wall: 19.633 seconds
[ Info: i: 2700, t: 42.188 minutes, Δt: 939.784 ms, umax = (1.7e+00, 1.9e+00, 1.1e+00) m/s, wall: 20.894 seconds
[ Info: i: 2750, t: 42.913 minutes, Δt: 845.722 ms, umax = (1.6e+00, 2.1e+00, 1.1e+00) m/s, wall: 22.097 seconds
[ Info: i: 2800, t: 43.598 minutes, Δt: 763.416 ms, umax = (1.7e+00, 2.0e+00, 1.4e+00) m/s, wall: 23.290 seconds
[ Info: i: 2850, t: 44.246 minutes, Δt: 834.012 ms, umax = (2.1e+00, 2.1e+00, 1.1e+00) m/s, wall: 24.544 seconds
[ Info: i: 2900, t: 44.953 minutes, Δt: 833.399 ms, umax = (2.0e+00, 1.9e+00, 1.2e+00) m/s, wall: 25.738 seconds
[ Info: i: 2950, t: 45.626 minutes, Δt: 803.475 ms, umax = (1.9e+00, 1.8e+00, 1.2e+00) m/s, wall: 26.932 seconds
[ Info: i: 3000, t: 46.266 minutes, Δt: 811.642 ms, umax = (1.8e+00, 1.8e+00, 1.3e+00) m/s, wall: 28.312 seconds
[ Info: i: 3050, t: 46.944 minutes, Δt: 862.799 ms, umax = (1.8e+00, 1.8e+00, 1.2e+00) m/s, wall: 29.506 seconds
[ Info: i: 3100, t: 47.666 minutes, Δt: 868.261 ms, umax = (2.0e+00, 1.9e+00, 1.1e+00) m/s, wall: 30.699 seconds
[ Info: i: 3150, t: 48.372 minutes, Δt: 865.611 ms, umax = (2.1e+00, 1.9e+00, 1.1e+00) m/s, wall: 31.948 seconds
[ Info: i: 3200, t: 49.081 minutes, Δt: 846.100 ms, umax = (2.2e+00, 1.9e+00, 1.2e+00) m/s, wall: 33.141 seconds
[ Info: i: 3250, t: 49.812 minutes, Δt: 854.321 ms, umax = (2.2e+00, 1.9e+00, 1.3e+00) m/s, wall: 34.345 seconds
[ Info: i: 3300, t: 50.494 minutes, Δt: 840.036 ms, umax = (2.3e+00, 1.8e+00, 1.2e+00) m/s, wall: 35.601 seconds
[ Info: i: 3350, t: 51.249 minutes, Δt: 936.282 ms, umax = (2.5e+00, 1.8e+00, 1.1e+00) m/s, wall: 36.795 seconds
[ Info: i: 3400, t: 51.979 minutes, Δt: 838.582 ms, umax = (2.2e+00, 1.8e+00, 1.2e+00) m/s, wall: 37.989 seconds
[ Info: i: 3450, t: 52.665 minutes, Δt: 838.179 ms, umax = (2.0e+00, 1.9e+00, 1.2e+00) m/s, wall: 39.355 seconds
[ Info: i: 3500, t: 53.407 minutes, Δt: 922.042 ms, umax = (1.9e+00, 1.9e+00, 1.1e+00) m/s, wall: 40.549 seconds
[ Info: i: 3550, t: 54.147 minutes, Δt: 884.022 ms, umax = (1.7e+00, 1.9e+00, 1.1e+00) m/s, wall: 41.815 seconds
[ Info: i: 3600, t: 54.888 minutes, Δt: 876.984 ms, umax = (1.7e+00, 1.9e+00, 1.1e+00) m/s, wall: 43.008 seconds
[ Info: i: 3650, t: 55.592 minutes, Δt: 790.817 ms, umax = (1.7e+00, 1.9e+00, 1.3e+00) m/s, wall: 44.202 seconds
[ Info: i: 3700, t: 56.233 minutes, Δt: 783.129 ms, umax = (1.5e+00, 1.9e+00, 1.2e+00) m/s, wall: 45.577 seconds
[ Info: i: 3750, t: 56.941 minutes, Δt: 836.199 ms, umax = (1.4e+00, 2.0e+00, 1.2e+00) m/s, wall: 46.770 seconds
[ Info: i: 3800, t: 57.618 minutes, Δt: 818.943 ms, umax = (1.5e+00, 1.8e+00, 1.3e+00) m/s, wall: 47.964 seconds
[ Info: i: 3850, t: 58.274 minutes, Δt: 848.689 ms, umax = (1.6e+00, 1.7e+00, 1.2e+00) m/s, wall: 49.229 seconds
[ Info: i: 3900, t: 58.966 minutes, Δt: 769.437 ms, umax = (1.8e+00, 1.8e+00, 1.2e+00) m/s, wall: 50.425 seconds
[ Info: i: 3950, t: 59.617 minutes, Δt: 826.689 ms, umax = (1.9e+00, 1.7e+00, 1.1e+00) m/s, wall: 51.619 seconds
[ Info: i: 4000, t: 1.005 hours, Δt: 746.280 ms, umax = (2.4e+00, 1.8e+00, 1.2e+00) m/s, wall: 52.920 seconds
[ Info: i: 4050, t: 1.017 hours, Δt: 968.196 ms, umax = (1.8e+00, 1.9e+00, 1.0e+00) m/s, wall: 54.115 seconds
[ Info: i: 4100, t: 1.030 hours, Δt: 923.413 ms, umax = (1.7e+00, 1.8e+00, 1.1e+00) m/s, wall: 55.309 seconds
[ Info: i: 4150, t: 1.042 hours, Δt: 797.478 ms, umax = (1.6e+00, 1.8e+00, 1.3e+00) m/s, wall: 56.568 seconds
[ Info: i: 4200, t: 1.054 hours, Δt: 904.047 ms, umax = (1.7e+00, 1.8e+00, 1.0e+00) m/s, wall: 57.762 seconds
[ Info: i: 4250, t: 1.067 hours, Δt: 863.400 ms, umax = (1.8e+00, 1.9e+00, 1.2e+00) m/s, wall: 58.956 seconds
[ Info: i: 4300, t: 1.078 hours, Δt: 867.119 ms, umax = (1.8e+00, 1.9e+00, 1.1e+00) m/s, wall: 1.003 minutes
[ Info: i: 4350, t: 1.091 hours, Δt: 956.324 ms, umax = (1.7e+00, 1.8e+00, 1.0e+00) m/s, wall: 1.023 minutes
[ Info: i: 4400, t: 1.105 hours, Δt: 963.831 ms, umax = (2.1e+00, 1.8e+00, 1.1e+00) m/s, wall: 1.045 minutes
[ Info: i: 4450, t: 1.118 hours, Δt: 889.964 ms, umax = (2.3e+00, 1.8e+00, 1.1e+00) m/s, wall: 1.064 minutes
[ Info: i: 4500, t: 1.129 hours, Δt: 793.306 ms, umax = (2.0e+00, 1.8e+00, 1.2e+00) m/s, wall: 1.084 minutes
[ Info: i: 4550, t: 1.140 hours, Δt: 737.973 ms, umax = (1.7e+00, 1.7e+00, 1.3e+00) m/s, wall: 1.105 minutes
[ Info: i: 4600, t: 1.150 hours, Δt: 772.330 ms, umax = (1.6e+00, 1.7e+00, 1.2e+00) m/s, wall: 1.125 minutes
[ Info: i: 4650, t: 1.161 hours, Δt: 832.062 ms, umax = (1.6e+00, 1.7e+00, 1.1e+00) m/s, wall: 1.145 minutes
[ Info: i: 4700, t: 1.173 hours, Δt: 892.067 ms, umax = (1.7e+00, 1.8e+00, 1.1e+00) m/s, wall: 1.166 minutes
[ Info: i: 4750, t: 1.186 hours, Δt: 892.345 ms, umax = (1.7e+00, 1.8e+00, 1.1e+00) m/s, wall: 1.186 minutes
[ Info: i: 4800, t: 1.198 hours, Δt: 933.483 ms, umax = (1.7e+00, 1.8e+00, 1.1e+00) m/s, wall: 1.206 minutes
[ Info: i: 4850, t: 1.210 hours, Δt: 849.371 ms, umax = (1.8e+00, 1.7e+00, 1.1e+00) m/s, wall: 1.226 minutes
[ Info: i: 4900, t: 1.222 hours, Δt: 805.869 ms, umax = (2.2e+00, 1.7e+00, 1.3e+00) m/s, wall: 1.246 minutes
[ Info: i: 4950, t: 1.233 hours, Δt: 846.554 ms, umax = (2.1e+00, 1.7e+00, 1.1e+00) m/s, wall: 1.266 minutes
[ Info: i: 5000, t: 1.245 hours, Δt: 877.817 ms, umax = (1.9e+00, 1.8e+00, 1.1e+00) m/s, wall: 1.288 minutes
[ Info: i: 5050, t: 1.258 hours, Δt: 868.073 ms, umax = (1.9e+00, 1.8e+00, 1.0e+00) m/s, wall: 1.308 minutes
[ Info: i: 5100, t: 1.270 hours, Δt: 870.103 ms, umax = (1.9e+00, 1.8e+00, 1.1e+00) m/s, wall: 1.330 minutes
[ Info: i: 5150, t: 1.282 hours, Δt: 886.421 ms, umax = (2.0e+00, 1.9e+00, 1.1e+00) m/s, wall: 1.350 minutes
[ Info: i: 5200, t: 1.294 hours, Δt: 853.882 ms, umax = (1.8e+00, 1.9e+00, 1.1e+00) m/s, wall: 1.370 minutes
[ Info: i: 5250, t: 1.305 hours, Δt: 756.142 ms, umax = (1.9e+00, 1.9e+00, 1.1e+00) m/s, wall: 1.391 minutes
[ Info: i: 5300, t: 1.316 hours, Δt: 812.736 ms, umax = (1.9e+00, 2.1e+00, 1.1e+00) m/s, wall: 1.411 minutes
[ Info: i: 5350, t: 1.327 hours, Δt: 682.433 ms, umax = (1.9e+00, 2.0e+00, 1.4e+00) m/s, wall: 1.431 minutes
[ Info: i: 5400, t: 1.336 hours, Δt: 716.011 ms, umax = (1.9e+00, 1.9e+00, 1.2e+00) m/s, wall: 1.453 minutes
[ Info: i: 5450, t: 1.347 hours, Δt: 884.951 ms, umax = (2.0e+00, 1.9e+00, 1.1e+00) m/s, wall: 1.473 minutes
[ Info: i: 5500, t: 1.360 hours, Δt: 938.114 ms, umax = (1.9e+00, 1.7e+00, 1.0e+00) m/s, wall: 1.493 minutes
[ Info: i: 5550, t: 1.373 hours, Δt: 898.952 ms, umax = (1.8e+00, 1.8e+00, 1.2e+00) m/s, wall: 1.514 minutes
[ Info: i: 5600, t: 1.386 hours, Δt: 897.474 ms, umax = (2.0e+00, 1.8e+00, 1.1e+00) m/s, wall: 1.534 minutes
[ Info: i: 5650, t: 1.398 hours, Δt: 862.998 ms, umax = (2.4e+00, 2.0e+00, 1.1e+00) m/s, wall: 1.553 minutes
[ Info: i: 5700, t: 1.410 hours, Δt: 933.549 ms, umax = (2.2e+00, 2.0e+00, 1.1e+00) m/s, wall: 1.574 minutes
[ Info: i: 5750, t: 1.423 hours, Δt: 893.090 ms, umax = (1.9e+00, 1.8e+00, 1.1e+00) m/s, wall: 1.594 minutes
[ Info: i: 5800, t: 1.435 hours, Δt: 896.770 ms, umax = (1.9e+00, 1.9e+00, 1.0e+00) m/s, wall: 1.616 minutes
[ Info: i: 5850, t: 1.447 hours, Δt: 824.540 ms, umax = (2.1e+00, 1.9e+00, 1.2e+00) m/s, wall: 1.637 minutes
[ Info: i: 5900, t: 1.459 hours, Δt: 919.107 ms, umax = (2.1e+00, 1.8e+00, 1.1e+00) m/s, wall: 1.657 minutes
[ Info: i: 5950, t: 1.472 hours, Δt: 918.128 ms, umax = (2.3e+00, 1.8e+00, 1.0e+00) m/s, wall: 1.678 minutes
[ Info: i: 6000, t: 1.484 hours, Δt: 838.205 ms, umax = (2.0e+00, 1.9e+00, 1.3e+00) m/s, wall: 1.698 minutes
[ Info: i: 6050, t: 1.495 hours, Δt: 791.804 ms, umax = (1.9e+00, 1.7e+00, 1.2e+00) m/s, wall: 1.718 minutes
[ Info: Simulation is stopping after running for 1.728 minutes.
[ Info: Simulation time 1.500 hours equals or exceeds stop time 1.500 hours.
[ Info: Run 7/10: wind 5.13 m/s from 321°, 22 sources, grid 128×128×64
[ Info: Run 7 warmup (winter, GPU{CUDABackend}(CUDABackend(false, false))): 30 minutes with no output...
[ Info: Initializing simulation...
[ Info: i: 0000, t: 0 seconds, Δt: 500 ms, umax = (1.8e-03, 5.0e-04, 4.4e-04) m/s, wall: 0 seconds
[ Info:     ... simulation initialization complete (114.737 ms)
[ Info: Executing initial time step...
[ Info:     ... initial time step complete (203.689 ms).
[ Info: i: 0050, t: 33.578 seconds, Δt: 805.255 ms, umax = (3.6e-02, 3.5e-03, 1.6e-02) m/s, wall: 1.348 seconds
[ Info: i: 0100, t: 1.461 minutes, Δt: 1.297 seconds, umax = (1.9e-01, 1.8e-02, 1.0e-01) m/s, wall: 2.476 seconds
[ Info: i: 0150, t: 2.912 minutes, Δt: 2.089 seconds, umax = (5.4e-01, 6.1e-02, 2.9e-01) m/s, wall: 3.604 seconds
[ Info: i: 0200, t: 4.958 minutes, Δt: 2.312 seconds, umax = (7.0e-01, 1.6e-01, 4.5e-01) m/s, wall: 4.741 seconds
[ Info: i: 0250, t: 6.681 minutes, Δt: 1.923 seconds, umax = (9.6e-01, 2.8e-01, 5.2e-01) m/s, wall: 5.869 seconds
[ Info: i: 0300, t: 7.973 minutes, Δt: 1.154 seconds, umax = (1.3e+00, 4.9e-01, 9.7e-01) m/s, wall: 6.997 seconds
[ Info: i: 0350, t: 8.730 minutes, Δt: 840.926 ms, umax = (1.5e+00, 6.9e-01, 1.2e+00) m/s, wall: 8.134 seconds
[ Info: i: 0400, t: 9.412 minutes, Δt: 809.777 ms, umax = (1.6e+00, 1.3e+00, 1.3e+00) m/s, wall: 9.262 seconds
[ Info: i: 0450, t: 10.026 minutes, Δt: 716.748 ms, umax = (1.5e+00, 1.7e+00, 1.4e+00) m/s, wall: 10.389 seconds
[ Info: i: 0500, t: 10.668 minutes, Δt: 799.565 ms, umax = (1.4e+00, 1.7e+00, 1.3e+00) m/s, wall: 11.517 seconds
[ Info: i: 0550, t: 11.330 minutes, Δt: 790.615 ms, umax = (1.6e+00, 1.7e+00, 1.3e+00) m/s, wall: 12.645 seconds
[ Info: i: 0600, t: 11.964 minutes, Δt: 748.349 ms, umax = (1.7e+00, 1.8e+00, 1.3e+00) m/s, wall: 13.776 seconds
[ Info: i: 0650, t: 12.602 minutes, Δt: 795.322 ms, umax = (1.8e+00, 1.8e+00, 1.3e+00) m/s, wall: 14.904 seconds
[ Info: i: 0700, t: 13.273 minutes, Δt: 788.103 ms, umax = (1.9e+00, 1.7e+00, 1.3e+00) m/s, wall: 16.032 seconds
[ Info: i: 0750, t: 13.901 minutes, Δt: 738.758 ms, umax = (2.0e+00, 1.7e+00, 1.3e+00) m/s, wall: 17.160 seconds
[ Info: i: 0800, t: 14.501 minutes, Δt: 714.434 ms, umax = (1.9e+00, 1.7e+00, 1.4e+00) m/s, wall: 18.293 seconds
[ Info: i: 0850, t: 15.129 minutes, Δt: 792.208 ms, umax = (1.9e+00, 1.6e+00, 1.2e+00) m/s, wall: 19.420 seconds
[ Info: i: 0900, t: 15.854 minutes, Δt: 918.436 ms, umax = (2.2e+00, 1.6e+00, 1.1e+00) m/s, wall: 20.548 seconds
[ Info: i: 0950, t: 16.617 minutes, Δt: 892.341 ms, umax = (2.0e+00, 1.6e+00, 1.2e+00) m/s, wall: 21.676 seconds
[ Info: i: 1000, t: 17.288 minutes, Δt: 724.026 ms, umax = (2.0e+00, 1.4e+00, 1.4e+00) m/s, wall: 22.814 seconds
[ Info: i: 1050, t: 17.864 minutes, Δt: 697.707 ms, umax = (2.0e+00, 1.3e+00, 1.4e+00) m/s, wall: 23.944 seconds
[ Info: i: 1100, t: 18.508 minutes, Δt: 783.364 ms, umax = (2.0e+00, 1.3e+00, 1.2e+00) m/s, wall: 25.069 seconds
[ Info: i: 1150, t: 19.172 minutes, Δt: 802.237 ms, umax = (1.9e+00, 1.4e+00, 1.1e+00) m/s, wall: 26.198 seconds
[ Info: i: 1200, t: 19.836 minutes, Δt: 798.660 ms, umax = (2.1e+00, 1.3e+00, 1.2e+00) m/s, wall: 27.334 seconds
[ Info: i: 1250, t: 20.531 minutes, Δt: 856.333 ms, umax = (2.1e+00, 1.5e+00, 1.1e+00) m/s, wall: 28.462 seconds
[ Info: i: 1300, t: 21.218 minutes, Δt: 842.897 ms, umax = (2.0e+00, 1.7e+00, 1.1e+00) m/s, wall: 29.590 seconds
[ Info: i: 1350, t: 21.851 minutes, Δt: 769.026 ms, umax = (1.9e+00, 1.7e+00, 1.2e+00) m/s, wall: 30.718 seconds
[ Info: i: 1400, t: 22.497 minutes, Δt: 765.244 ms, umax = (2.0e+00, 1.7e+00, 1.3e+00) m/s, wall: 31.849 seconds
[ Info: i: 1450, t: 23.106 minutes, Δt: 706.847 ms, umax = (2.1e+00, 1.6e+00, 1.4e+00) m/s, wall: 32.977 seconds
[ Info: i: 1500, t: 23.726 minutes, Δt: 785.699 ms, umax = (2.1e+00, 1.8e+00, 1.2e+00) m/s, wall: 34.105 seconds
[ Info: i: 1550, t: 24.372 minutes, Δt: 786.039 ms, umax = (1.9e+00, 1.8e+00, 1.2e+00) m/s, wall: 35.233 seconds
[ Info: i: 1600, t: 25.034 minutes, Δt: 780.615 ms, umax = (1.9e+00, 1.7e+00, 1.3e+00) m/s, wall: 36.364 seconds
[ Info: i: 1650, t: 25.628 minutes, Δt: 708.608 ms, umax = (2.0e+00, 1.8e+00, 1.5e+00) m/s, wall: 37.492 seconds
[ Info: i: 1700, t: 26.238 minutes, Δt: 782.626 ms, umax = (2.1e+00, 1.7e+00, 1.2e+00) m/s, wall: 38.619 seconds
[ Info: i: 1750, t: 26.896 minutes, Δt: 787.637 ms, umax = (2.2e+00, 1.8e+00, 1.3e+00) m/s, wall: 39.747 seconds
[ Info: i: 1800, t: 27.550 minutes, Δt: 748.318 ms, umax = (2.1e+00, 1.8e+00, 1.2e+00) m/s, wall: 40.885 seconds
[ Info: i: 1850, t: 28.153 minutes, Δt: 721.928 ms, umax = (1.9e+00, 1.9e+00, 1.3e+00) m/s, wall: 42.013 seconds
[ Info: i: 1900, t: 28.806 minutes, Δt: 819.973 ms, umax = (1.8e+00, 2.0e+00, 1.3e+00) m/s, wall: 43.141 seconds
[ Info: i: 1950, t: 29.513 minutes, Δt: 875.750 ms, umax = (1.7e+00, 1.8e+00, 1.1e+00) m/s, wall: 44.269 seconds
[ Info: Simulation is stopping after running for 45.073 seconds.
[ Info: Simulation time 30 minutes equals or exceeds stop time 30 minutes.
[ Info: Warmup complete at t = 30 minutes; attaching output writer.
[ Info: Run 7 recording (1 hour) → /leonardo_scratch/large/userexternal/cfaccio1/oceananigans/test/nonhydro_winter_run007.nc
[ Info: Initializing simulation...
[ Info:     ... simulation initialization complete (31.381 ms)
[ Info: Executing initial time step...
[ Info:     ... initial time step complete (255.865 ms).
[ Info: i: 2000, t: 30.205 minutes, Δt: 824.212 ms, umax = (1.9e+00, 1.8e+00, 1.1e+00) m/s, wall: 498.806 ms
[ Info: i: 2050, t: 30.897 minutes, Δt: 812.638 ms, umax = (1.9e+00, 1.8e+00, 1.3e+00) m/s, wall: 1.627 seconds
[ Info: i: 2100, t: 31.562 minutes, Δt: 827.658 ms, umax = (2.0e+00, 1.9e+00, 1.2e+00) m/s, wall: 2.755 seconds
[ Info: i: 2150, t: 32.203 minutes, Δt: 765.358 ms, umax = (2.0e+00, 1.9e+00, 1.3e+00) m/s, wall: 4.061 seconds
[ Info: i: 2200, t: 32.876 minutes, Δt: 781.243 ms, umax = (2.0e+00, 1.8e+00, 1.3e+00) m/s, wall: 5.190 seconds
[ Info: i: 2250, t: 33.532 minutes, Δt: 784.674 ms, umax = (2.0e+00, 2.0e+00, 1.3e+00) m/s, wall: 6.318 seconds
[ Info: i: 2300, t: 34.188 minutes, Δt: 806.105 ms, umax = (1.8e+00, 1.9e+00, 1.3e+00) m/s, wall: 7.500 seconds
[ Info: i: 2350, t: 34.836 minutes, Δt: 774.251 ms, umax = (1.6e+00, 1.8e+00, 1.3e+00) m/s, wall: 8.628 seconds
[ Info: i: 2400, t: 35.508 minutes, Δt: 876.004 ms, umax = (1.8e+00, 1.8e+00, 1.1e+00) m/s, wall: 9.756 seconds
[ Info: i: 2450, t: 36.250 minutes, Δt: 853.898 ms, umax = (1.8e+00, 1.8e+00, 1.1e+00) m/s, wall: 10.948 seconds
[ Info: i: 2500, t: 36.938 minutes, Δt: 799.209 ms, umax = (2.0e+00, 1.8e+00, 1.3e+00) m/s, wall: 12.083 seconds
[ Info: i: 2550, t: 37.585 minutes, Δt: 775.571 ms, umax = (1.9e+00, 1.7e+00, 1.3e+00) m/s, wall: 13.219 seconds
[ Info: i: 2600, t: 38.248 minutes, Δt: 840.487 ms, umax = (1.9e+00, 1.8e+00, 1.1e+00) m/s, wall: 14.492 seconds
[ Info: i: 2650, t: 38.997 minutes, Δt: 908.300 ms, umax = (1.7e+00, 1.8e+00, 1.1e+00) m/s, wall: 15.620 seconds
[ Info: i: 2700, t: 39.793 minutes, Δt: 922.581 ms, umax = (1.7e+00, 1.9e+00, 1.1e+00) m/s, wall: 16.748 seconds
[ Info: i: 2750, t: 40.442 minutes, Δt: 727.724 ms, umax = (1.6e+00, 1.9e+00, 1.3e+00) m/s, wall: 17.938 seconds
[ Info: i: 2800, t: 41.081 minutes, Δt: 818.903 ms, umax = (2.1e+00, 1.9e+00, 1.1e+00) m/s, wall: 19.066 seconds
[ Info: i: 2850, t: 41.766 minutes, Δt: 797.903 ms, umax = (1.9e+00, 2.1e+00, 1.2e+00) m/s, wall: 20.194 seconds
[ Info: i: 2900, t: 42.442 minutes, Δt: 826.968 ms, umax = (1.9e+00, 1.8e+00, 1.3e+00) m/s, wall: 21.382 seconds
[ Info: i: 2950, t: 43.188 minutes, Δt: 934.866 ms, umax = (2.0e+00, 1.8e+00, 1.2e+00) m/s, wall: 22.510 seconds
[ Info: i: 3000, t: 43.970 minutes, Δt: 1.007 seconds, umax = (1.8e+00, 1.8e+00, 9.4e-01) m/s, wall: 23.638 seconds
[ Info: i: 3050, t: 44.759 minutes, Δt: 923.273 ms, umax = (1.9e+00, 1.9e+00, 1.0e+00) m/s, wall: 24.943 seconds
[ Info: i: 3100, t: 45.524 minutes, Δt: 845.350 ms, umax = (2.0e+00, 2.0e+00, 1.2e+00) m/s, wall: 26.071 seconds
[ Info: i: 3150, t: 46.115 minutes, Δt: 689.282 ms, umax = (2.1e+00, 1.9e+00, 1.5e+00) m/s, wall: 27.270 seconds
[ Info: i: 3200, t: 46.682 minutes, Δt: 720.040 ms, umax = (2.2e+00, 1.8e+00, 1.3e+00) m/s, wall: 28.398 seconds
[ Info: i: 3250, t: 47.352 minutes, Δt: 802.409 ms, umax = (2.4e+00, 1.8e+00, 1.3e+00) m/s, wall: 29.526 seconds
[ Info: i: 3300, t: 48.028 minutes, Δt: 849.472 ms, umax = (2.6e+00, 1.9e+00, 1.2e+00) m/s, wall: 30.784 seconds
[ Info: i: 3350, t: 48.750 minutes, Δt: 889.833 ms, umax = (2.1e+00, 1.9e+00, 1.2e+00) m/s, wall: 31.928 seconds
[ Info: i: 3400, t: 49.486 minutes, Δt: 834.017 ms, umax = (2.1e+00, 2.0e+00, 1.2e+00) m/s, wall: 33.056 seconds
[ Info: i: 3450, t: 50.152 minutes, Δt: 832.108 ms, umax = (2.3e+00, 1.9e+00, 1.2e+00) m/s, wall: 34.241 seconds
[ Info: i: 3500, t: 50.848 minutes, Δt: 790.247 ms, umax = (2.3e+00, 1.9e+00, 1.3e+00) m/s, wall: 35.373 seconds
[ Info: i: 3550, t: 51.462 minutes, Δt: 701.123 ms, umax = (2.3e+00, 1.8e+00, 1.4e+00) m/s, wall: 36.505 seconds
[ Info: i: 3600, t: 52.062 minutes, Δt: 747.265 ms, umax = (2.1e+00, 1.8e+00, 1.3e+00) m/s, wall: 37.710 seconds
[ Info: i: 3650, t: 52.689 minutes, Δt: 788.343 ms, umax = (2.1e+00, 1.9e+00, 1.3e+00) m/s, wall: 38.831 seconds
[ Info: i: 3700, t: 53.323 minutes, Δt: 761.729 ms, umax = (1.9e+00, 1.9e+00, 1.4e+00) m/s, wall: 39.959 seconds
[ Info: i: 3750, t: 53.975 minutes, Δt: 811.976 ms, umax = (2.1e+00, 1.7e+00, 1.3e+00) m/s, wall: 41.087 seconds
[ Info: i: 3800, t: 54.655 minutes, Δt: 851.072 ms, umax = (2.0e+00, 1.7e+00, 1.2e+00) m/s, wall: 42.391 seconds
[ Info: i: 3850, t: 55.369 minutes, Δt: 853.733 ms, umax = (1.8e+00, 1.8e+00, 1.1e+00) m/s, wall: 43.519 seconds
[ Info: i: 3900, t: 56.055 minutes, Δt: 819.539 ms, umax = (1.8e+00, 1.8e+00, 1.2e+00) m/s, wall: 44.735 seconds
[ Info: i: 3950, t: 56.747 minutes, Δt: 833.612 ms, umax = (1.8e+00, 1.9e+00, 1.2e+00) m/s, wall: 45.837 seconds
[ Info: i: 4000, t: 57.439 minutes, Δt: 848.050 ms, umax = (1.9e+00, 1.8e+00, 1.2e+00) m/s, wall: 46.965 seconds
[ Info: i: 4050, t: 58.175 minutes, Δt: 872.750 ms, umax = (1.9e+00, 1.8e+00, 1.1e+00) m/s, wall: 48.155 seconds
[ Info: i: 4100, t: 58.917 minutes, Δt: 868.538 ms, umax = (2.0e+00, 1.7e+00, 1.1e+00) m/s, wall: 49.283 seconds
[ Info: i: 4150, t: 59.664 minutes, Δt: 887.845 ms, umax = (2.0e+00, 1.8e+00, 1.1e+00) m/s, wall: 50.421 seconds
[ Info: i: 4200, t: 1.007 hours, Δt: 887.580 ms, umax = (2.0e+00, 1.8e+00, 1.3e+00) m/s, wall: 51.832 seconds
[ Info: i: 4250, t: 1.018 hours, Δt: 853.031 ms, umax = (1.9e+00, 1.7e+00, 1.2e+00) m/s, wall: 52.967 seconds
[ Info: i: 4300, t: 1.030 hours, Δt: 799.841 ms, umax = (1.9e+00, 1.8e+00, 1.2e+00) m/s, wall: 54.099 seconds
[ Info: i: 4350, t: 1.042 hours, Δt: 865.672 ms, umax = (1.8e+00, 1.8e+00, 1.1e+00) m/s, wall: 55.451 seconds
[ Info: i: 4400, t: 1.054 hours, Δt: 958.427 ms, umax = (1.8e+00, 1.7e+00, 1.1e+00) m/s, wall: 56.579 seconds
[ Info: i: 4450, t: 1.067 hours, Δt: 943.311 ms, umax = (1.8e+00, 1.8e+00, 1.0e+00) m/s, wall: 57.833 seconds
[ Info: i: 4500, t: 1.080 hours, Δt: 920.124 ms, umax = (1.9e+00, 1.9e+00, 1.1e+00) m/s, wall: 58.974 seconds
[ Info: i: 4550, t: 1.092 hours, Δt: 807.467 ms, umax = (1.9e+00, 1.9e+00, 1.2e+00) m/s, wall: 1.002 minutes
[ Info: i: 4600, t: 1.104 hours, Δt: 863.098 ms, umax = (2.3e+00, 2.1e+00, 1.1e+00) m/s, wall: 1.022 minutes
[ Info: i: 4650, t: 1.116 hours, Δt: 823.342 ms, umax = (2.0e+00, 2.1e+00, 1.2e+00) m/s, wall: 1.041 minutes
[ Info: i: 4700, t: 1.127 hours, Δt: 751.953 ms, umax = (1.9e+00, 1.9e+00, 1.3e+00) m/s, wall: 1.060 minutes
[ Info: i: 4750, t: 1.138 hours, Δt: 818.897 ms, umax = (1.8e+00, 1.9e+00, 1.1e+00) m/s, wall: 1.080 minutes
[ Info: i: 4800, t: 1.150 hours, Δt: 909.061 ms, umax = (1.8e+00, 1.7e+00, 1.0e+00) m/s, wall: 1.099 minutes
[ Info: i: 4850, t: 1.163 hours, Δt: 928.853 ms, umax = (1.8e+00, 1.7e+00, 1.1e+00) m/s, wall: 1.118 minutes
[ Info: i: 4900, t: 1.176 hours, Δt: 961.810 ms, umax = (1.8e+00, 1.7e+00, 1.0e+00) m/s, wall: 1.139 minutes
[ Info: i: 4950, t: 1.188 hours, Δt: 877.796 ms, umax = (1.8e+00, 1.8e+00, 1.1e+00) m/s, wall: 1.158 minutes
[ Info: i: 5000, t: 1.201 hours, Δt: 913.590 ms, umax = (1.8e+00, 1.7e+00, 1.0e+00) m/s, wall: 1.179 minutes
[ Info: i: 5050, t: 1.213 hours, Δt: 910.047 ms, umax = (1.8e+00, 1.9e+00, 1.1e+00) m/s, wall: 1.197 minutes
[ Info: i: 5100, t: 1.226 hours, Δt: 936.982 ms, umax = (1.9e+00, 1.7e+00, 1.1e+00) m/s, wall: 1.215 minutes
[ Info: i: 5150, t: 1.239 hours, Δt: 970.578 ms, umax = (1.8e+00, 1.7e+00, 1.1e+00) m/s, wall: 1.236 minutes
[ Info: i: 5200, t: 1.253 hours, Δt: 1.019 seconds, umax = (2.1e+00, 1.7e+00, 1.0e+00) m/s, wall: 1.256 minutes
[ Info: i: 5250, t: 1.266 hours, Δt: 828.838 ms, umax = (2.0e+00, 1.7e+00, 1.2e+00) m/s, wall: 1.275 minutes
[ Info: i: 5300, t: 1.277 hours, Δt: 756.831 ms, umax = (2.2e+00, 1.7e+00, 1.5e+00) m/s, wall: 1.295 minutes
[ Info: i: 5350, t: 1.286 hours, Δt: 667.096 ms, umax = (2.4e+00, 1.9e+00, 1.5e+00) m/s, wall: 1.314 minutes
[ Info: i: 5400, t: 1.295 hours, Δt: 665.195 ms, umax = (2.3e+00, 1.8e+00, 1.5e+00) m/s, wall: 1.333 minutes
[ Info: i: 5450, t: 1.305 hours, Δt: 757.162 ms, umax = (2.0e+00, 1.8e+00, 1.4e+00) m/s, wall: 1.353 minutes
[ Info: i: 5500, t: 1.315 hours, Δt: 702.672 ms, umax = (1.9e+00, 1.8e+00, 1.5e+00) m/s, wall: 1.371 minutes
[ Info: i: 5550, t: 1.326 hours, Δt: 805.159 ms, umax = (2.0e+00, 1.8e+00, 1.3e+00) m/s, wall: 1.390 minutes
[ Info: i: 5600, t: 1.336 hours, Δt: 700.160 ms, umax = (2.0e+00, 1.7e+00, 1.3e+00) m/s, wall: 1.412 minutes
[ Info: i: 5650, t: 1.346 hours, Δt: 703.922 ms, umax = (2.2e+00, 1.9e+00, 1.4e+00) m/s, wall: 1.431 minutes
[ Info: i: 5700, t: 1.356 hours, Δt: 750.826 ms, umax = (2.2e+00, 1.9e+00, 1.2e+00) m/s, wall: 1.450 minutes
[ Info: i: 5750, t: 1.367 hours, Δt: 774.567 ms, umax = (1.8e+00, 1.6e+00, 1.2e+00) m/s, wall: 1.468 minutes
[ Info: i: 5800, t: 1.377 hours, Δt: 738.896 ms, umax = (1.9e+00, 1.6e+00, 1.3e+00) m/s, wall: 1.488 minutes
[ Info: i: 5850, t: 1.388 hours, Δt: 857.230 ms, umax = (2.0e+00, 1.8e+00, 1.2e+00) m/s, wall: 1.507 minutes
[ Info: i: 5900, t: 1.400 hours, Δt: 816.684 ms, umax = (2.1e+00, 1.8e+00, 1.2e+00) m/s, wall: 1.526 minutes
[ Info: i: 5950, t: 1.411 hours, Δt: 883.845 ms, umax = (2.1e+00, 1.9e+00, 1.2e+00) m/s, wall: 1.546 minutes
[ Info: i: 6000, t: 1.423 hours, Δt: 840.793 ms, umax = (2.0e+00, 1.8e+00, 1.2e+00) m/s, wall: 1.565 minutes
[ Info: i: 6050, t: 1.434 hours, Δt: 807.087 ms, umax = (2.1e+00, 1.7e+00, 1.2e+00) m/s, wall: 1.586 minutes
[ Info: i: 6100, t: 1.446 hours, Δt: 813.655 ms, umax = (1.7e+00, 1.8e+00, 1.3e+00) m/s, wall: 1.604 minutes
[ Info: i: 6150, t: 1.457 hours, Δt: 826.447 ms, umax = (1.7e+00, 1.9e+00, 1.2e+00) m/s, wall: 1.623 minutes
[ Info: i: 6200, t: 1.468 hours, Δt: 743.462 ms, umax = (1.9e+00, 2.0e+00, 1.1e+00) m/s, wall: 1.643 minutes
[ Info: i: 6250, t: 1.480 hours, Δt: 864.630 ms, umax = (2.0e+00, 1.9e+00, 1.1e+00) m/s, wall: 1.662 minutes
[ Info: i: 6300, t: 1.492 hours, Δt: 869.326 ms, umax = (1.9e+00, 1.8e+00, 1.1e+00) m/s, wall: 1.681 minutes
[ Info: Simulation is stopping after running for 1.694 minutes.
[ Info: Simulation time 1.500 hours equals or exceeds stop time 1.500 hours.
[ Info: Run 8/10: wind 6.73 m/s from 304°, 30 sources, grid 128×128×64
[ Info: Run 8 warmup (winter, GPU{CUDABackend}(CUDABackend(false, false))): 30 minutes with no output...
[ Info: Initializing simulation...
[ Info: i: 0000, t: 0 seconds, Δt: 500 ms, umax = (2.7e-03, 6.3e-04, 6.4e-04) m/s, wall: 0 seconds
[ Info:     ... simulation initialization complete (116.754 ms)
[ Info: Executing initial time step...
[ Info:     ... initial time step complete (206.010 ms).
[ Info: i: 0050, t: 33.578 seconds, Δt: 805.255 ms, umax = (4.1e-02, 4.1e-03, 2.0e-02) m/s, wall: 1.414 seconds
[ Info: i: 0100, t: 1.461 minutes, Δt: 1.297 seconds, umax = (2.2e-01, 2.1e-02, 1.2e-01) m/s, wall: 2.608 seconds
[ Info: i: 0150, t: 2.912 minutes, Δt: 2.089 seconds, umax = (5.9e-01, 7.5e-02, 3.4e-01) m/s, wall: 3.801 seconds
[ Info: i: 0200, t: 4.897 minutes, Δt: 2.251 seconds, umax = (7.4e-01, 2.0e-01, 4.5e-01) m/s, wall: 4.994 seconds
[ Info: i: 0250, t: 6.585 minutes, Δt: 1.900 seconds, umax = (1.0e+00, 3.4e-01, 5.4e-01) m/s, wall: 6.194 seconds
[ Info: i: 0300, t: 7.996 minutes, Δt: 1.543 seconds, umax = (1.2e+00, 4.9e-01, 7.4e-01) m/s, wall: 7.387 seconds
[ Info: i: 0350, t: 8.888 minutes, Δt: 906.393 ms, umax = (1.4e+00, 6.2e-01, 1.2e+00) m/s, wall: 8.580 seconds
[ Info: i: 0400, t: 9.610 minutes, Δt: 866.704 ms, umax = (1.4e+00, 9.5e-01, 1.2e+00) m/s, wall: 9.776 seconds
[ Info: i: 0450, t: 10.313 minutes, Δt: 798.590 ms, umax = (1.5e+00, 1.6e+00, 1.2e+00) m/s, wall: 10.970 seconds
[ Info: i: 0500, t: 11.002 minutes, Δt: 860.990 ms, umax = (1.5e+00, 1.6e+00, 1.2e+00) m/s, wall: 12.163 seconds
[ Info: i: 0550, t: 11.736 minutes, Δt: 883.984 ms, umax = (1.6e+00, 1.7e+00, 1.2e+00) m/s, wall: 13.356 seconds
[ Info: i: 0600, t: 12.422 minutes, Δt: 805.813 ms, umax = (1.7e+00, 1.7e+00, 1.3e+00) m/s, wall: 14.551 seconds
[ Info: i: 0650, t: 13.145 minutes, Δt: 859.967 ms, umax = (1.8e+00, 1.6e+00, 1.2e+00) m/s, wall: 15.753 seconds
[ Info: i: 0700, t: 13.858 minutes, Δt: 884.718 ms, umax = (1.8e+00, 1.4e+00, 1.1e+00) m/s, wall: 16.938 seconds
[ Info: i: 0750, t: 14.598 minutes, Δt: 894.549 ms, umax = (1.8e+00, 1.2e+00, 1.1e+00) m/s, wall: 18.134 seconds
[ Info: i: 0800, t: 15.355 minutes, Δt: 915.758 ms, umax = (1.8e+00, 1.2e+00, 1.1e+00) m/s, wall: 19.327 seconds
[ Info: i: 0850, t: 16.136 minutes, Δt: 944.923 ms, umax = (1.8e+00, 1.2e+00, 1.1e+00) m/s, wall: 20.521 seconds
[ Info: i: 0900, t: 16.875 minutes, Δt: 832.654 ms, umax = (1.7e+00, 1.2e+00, 1.1e+00) m/s, wall: 21.714 seconds
[ Info: i: 0950, t: 17.624 minutes, Δt: 934.414 ms, umax = (1.6e+00, 1.2e+00, 1.0e+00) m/s, wall: 22.907 seconds
[ Info: i: 1000, t: 18.373 minutes, Δt: 902.462 ms, umax = (1.7e+00, 1.3e+00, 9.8e-01) m/s, wall: 24.100 seconds
[ Info: i: 1050, t: 19.154 minutes, Δt: 865.349 ms, umax = (2.0e+00, 1.4e+00, 1.2e+00) m/s, wall: 25.294 seconds
[ Info: i: 1100, t: 19.857 minutes, Δt: 876.944 ms, umax = (1.8e+00, 1.4e+00, 1.2e+00) m/s, wall: 26.497 seconds
[ Info: i: 1150, t: 20.630 minutes, Δt: 983.906 ms, umax = (2.1e+00, 1.5e+00, 9.3e-01) m/s, wall: 27.691 seconds
[ Info: i: 1200, t: 21.419 minutes, Δt: 952.291 ms, umax = (1.9e+00, 1.5e+00, 1.1e+00) m/s, wall: 28.884 seconds
[ Info: i: 1250, t: 22.192 minutes, Δt: 895.007 ms, umax = (1.8e+00, 1.5e+00, 1.2e+00) m/s, wall: 30.086 seconds
[ Info: i: 1300, t: 22.871 minutes, Δt: 784.988 ms, umax = (1.8e+00, 1.5e+00, 1.2e+00) m/s, wall: 31.279 seconds
[ Info: i: 1350, t: 23.554 minutes, Δt: 878.607 ms, umax = (2.0e+00, 1.7e+00, 1.1e+00) m/s, wall: 32.472 seconds
[ Info: i: 1400, t: 24.256 minutes, Δt: 816.047 ms, umax = (1.9e+00, 1.6e+00, 1.1e+00) m/s, wall: 33.665 seconds
[ Info: i: 1450, t: 24.949 minutes, Δt: 785.339 ms, umax = (1.8e+00, 1.6e+00, 1.2e+00) m/s, wall: 34.867 seconds
[ Info: i: 1500, t: 25.593 minutes, Δt: 786.608 ms, umax = (1.8e+00, 1.7e+00, 1.2e+00) m/s, wall: 36.064 seconds
[ Info: i: 1550, t: 26.246 minutes, Δt: 793.382 ms, umax = (1.9e+00, 1.8e+00, 1.3e+00) m/s, wall: 37.254 seconds
[ Info: i: 1600, t: 26.942 minutes, Δt: 857.758 ms, umax = (1.9e+00, 2.0e+00, 1.2e+00) m/s, wall: 38.449 seconds
[ Info: i: 1650, t: 27.655 minutes, Δt: 845.729 ms, umax = (1.8e+00, 2.3e+00, 1.3e+00) m/s, wall: 39.643 seconds
[ Info: i: 1700, t: 28.288 minutes, Δt: 712.232 ms, umax = (1.8e+00, 1.9e+00, 1.3e+00) m/s, wall: 40.836 seconds
[ Info: i: 1750, t: 28.936 minutes, Δt: 858.960 ms, umax = (1.8e+00, 1.8e+00, 1.2e+00) m/s, wall: 42.032 seconds
[ Info: i: 1800, t: 29.636 minutes, Δt: 807.154 ms, umax = (1.8e+00, 1.8e+00, 1.3e+00) m/s, wall: 43.226 seconds
[ Info: Simulation is stopping after running for 43.871 seconds.
[ Info: Simulation time 30 minutes equals or exceeds stop time 30 minutes.
[ Info: Warmup complete at t = 30 minutes; attaching output writer.
[ Info: Run 8 recording (1 hour) → /leonardo_scratch/large/userexternal/cfaccio1/oceananigans/test/nonhydro_winter_run008.nc
[ Info: Initializing simulation...
[ Info:     ... simulation initialization complete (31.364 ms)
[ Info: Executing initial time step...
[ Info:     ... initial time step complete (263.572 ms).
[ Info: i: 1850, t: 30.323 minutes, Δt: 829.204 ms, umax = (1.9e+00, 1.7e+00, 1.1e+00) m/s, wall: 709.747 ms
[ Info: i: 1900, t: 31.045 minutes, Δt: 842.304 ms, umax = (1.8e+00, 1.7e+00, 1.1e+00) m/s, wall: 1.903 seconds
[ Info: i: 1950, t: 31.695 minutes, Δt: 755.892 ms, umax = (1.9e+00, 1.6e+00, 1.2e+00) m/s, wall: 3.097 seconds
[ Info: i: 2000, t: 32.331 minutes, Δt: 811.596 ms, umax = (1.8e+00, 1.8e+00, 1.2e+00) m/s, wall: 4.410 seconds
[ Info: i: 2050, t: 33.042 minutes, Δt: 858.057 ms, umax = (1.8e+00, 1.6e+00, 1.1e+00) m/s, wall: 5.550 seconds
[ Info: i: 2100, t: 33.748 minutes, Δt: 895.999 ms, umax = (1.8e+00, 1.6e+00, 1.1e+00) m/s, wall: 6.747 seconds
[ Info: i: 2150, t: 34.501 minutes, Δt: 937.862 ms, umax = (1.8e+00, 1.7e+00, 1.1e+00) m/s, wall: 7.999 seconds
[ Info: i: 2200, t: 35.233 minutes, Δt: 867.068 ms, umax = (1.7e+00, 1.8e+00, 1.2e+00) m/s, wall: 9.194 seconds
[ Info: i: 2250, t: 35.949 minutes, Δt: 877.047 ms, umax = (1.7e+00, 1.9e+00, 1.1e+00) m/s, wall: 10.397 seconds
[ Info: i: 2300, t: 36.651 minutes, Δt: 826.881 ms, umax = (1.9e+00, 1.8e+00, 1.1e+00) m/s, wall: 11.646 seconds
[ Info: i: 2350, t: 37.353 minutes, Δt: 825.064 ms, umax = (1.9e+00, 1.8e+00, 1.2e+00) m/s, wall: 12.843 seconds
[ Info: i: 2400, t: 38.056 minutes, Δt: 832.694 ms, umax = (1.8e+00, 1.7e+00, 1.1e+00) m/s, wall: 14.236 seconds
[ Info: i: 2450, t: 38.741 minutes, Δt: 804.493 ms, umax = (1.8e+00, 1.7e+00, 1.3e+00) m/s, wall: 15.404 seconds
[ Info: i: 2500, t: 39.442 minutes, Δt: 884.660 ms, umax = (1.7e+00, 1.8e+00, 1.1e+00) m/s, wall: 16.597 seconds
[ Info: i: 2550, t: 40.154 minutes, Δt: 839.771 ms, umax = (1.6e+00, 1.7e+00, 1.2e+00) m/s, wall: 17.853 seconds
[ Info: i: 2600, t: 40.823 minutes, Δt: 758.409 ms, umax = (1.7e+00, 1.7e+00, 1.3e+00) m/s, wall: 19.043 seconds
[ Info: i: 2650, t: 41.441 minutes, Δt: 793.906 ms, umax = (1.7e+00, 1.7e+00, 1.2e+00) m/s, wall: 20.246 seconds
[ Info: i: 2700, t: 42.140 minutes, Δt: 838.145 ms, umax = (1.7e+00, 1.7e+00, 1.2e+00) m/s, wall: 21.510 seconds
[ Info: i: 2750, t: 42.841 minutes, Δt: 867.791 ms, umax = (1.9e+00, 1.7e+00, 1.1e+00) m/s, wall: 22.703 seconds
[ Info: i: 2800, t: 43.585 minutes, Δt: 911.481 ms, umax = (2.0e+00, 1.9e+00, 1.1e+00) m/s, wall: 23.897 seconds
[ Info: i: 2850, t: 44.321 minutes, Δt: 875.033 ms, umax = (2.0e+00, 2.0e+00, 1.1e+00) m/s, wall: 25.271 seconds
[ Info: i: 2900, t: 45.067 minutes, Δt: 910.423 ms, umax = (2.0e+00, 1.9e+00, 1.1e+00) m/s, wall: 26.465 seconds
[ Info: i: 2950, t: 45.796 minutes, Δt: 807.513 ms, umax = (2.0e+00, 1.8e+00, 1.3e+00) m/s, wall: 27.659 seconds
[ Info: i: 3000, t: 46.479 minutes, Δt: 892.678 ms, umax = (1.9e+00, 1.8e+00, 1.1e+00) m/s, wall: 28.911 seconds
[ Info: i: 3050, t: 47.209 minutes, Δt: 886.210 ms, umax = (1.8e+00, 1.9e+00, 1.2e+00) m/s, wall: 30.105 seconds
[ Info: i: 3100, t: 47.980 minutes, Δt: 936.577 ms, umax = (1.9e+00, 2.0e+00, 1.0e+00) m/s, wall: 31.299 seconds
[ Info: i: 3150, t: 48.777 minutes, Δt: 1.001 seconds, umax = (2.2e+00, 2.0e+00, 1.0e+00) m/s, wall: 32.598 seconds
[ Info: i: 3200, t: 49.541 minutes, Δt: 890.217 ms, umax = (2.0e+00, 1.7e+00, 1.1e+00) m/s, wall: 33.792 seconds
[ Info: i: 3250, t: 50.303 minutes, Δt: 927.382 ms, umax = (2.0e+00, 1.7e+00, 1.1e+00) m/s, wall: 35.050 seconds
[ Info: i: 3300, t: 51.029 minutes, Δt: 859.715 ms, umax = (2.0e+00, 1.7e+00, 1.1e+00) m/s, wall: 36.244 seconds
[ Info: i: 3350, t: 51.737 minutes, Δt: 868.616 ms, umax = (1.7e+00, 1.7e+00, 1.1e+00) m/s, wall: 37.442 seconds
[ Info: i: 3400, t: 52.478 minutes, Δt: 912.127 ms, umax = (1.8e+00, 1.8e+00, 1.1e+00) m/s, wall: 38.695 seconds
[ Info: i: 3450, t: 53.267 minutes, Δt: 920.568 ms, umax = (1.8e+00, 1.7e+00, 1.1e+00) m/s, wall: 39.890 seconds
[ Info: i: 3500, t: 54.049 minutes, Δt: 974.900 ms, umax = (1.9e+00, 1.9e+00, 9.9e-01) m/s, wall: 41.203 seconds
[ Info: i: 3550, t: 54.818 minutes, Δt: 924.191 ms, umax = (2.0e+00, 1.9e+00, 1.1e+00) m/s, wall: 42.350 seconds
[ Info: i: 3600, t: 55.590 minutes, Δt: 958.762 ms, umax = (2.3e+00, 1.9e+00, 1.0e+00) m/s, wall: 43.554 seconds
[ Info: i: 3650, t: 56.325 minutes, Δt: 835.712 ms, umax = (2.0e+00, 1.9e+00, 1.1e+00) m/s, wall: 44.913 seconds
[ Info: i: 3700, t: 57.074 minutes, Δt: 877.968 ms, umax = (1.9e+00, 1.9e+00, 1.2e+00) m/s, wall: 46.107 seconds
[ Info: i: 3750, t: 57.791 minutes, Δt: 863.443 ms, umax = (1.8e+00, 2.1e+00, 1.2e+00) m/s, wall: 47.311 seconds
[ Info: i: 3800, t: 58.518 minutes, Δt: 918.764 ms, umax = (2.0e+00, 2.0e+00, 9.8e-01) m/s, wall: 48.563 seconds
[ Info: i: 3850, t: 59.306 minutes, Δt: 912.703 ms, umax = (2.2e+00, 2.2e+00, 1.0e+00) m/s, wall: 49.760 seconds
[ Info: i: 3900, t: 59.999 minutes, Δt: 781.891 ms, umax = (2.1e+00, 1.8e+00, 1.3e+00) m/s, wall: 50.961 seconds
[ Info: i: 3950, t: 1.011 hours, Δt: 887.791 ms, umax = (2.2e+00, 1.8e+00, 1.2e+00) m/s, wall: 52.268 seconds
[ Info: i: 4000, t: 1.024 hours, Δt: 893.039 ms, umax = (2.0e+00, 1.9e+00, 1.1e+00) m/s, wall: 53.462 seconds
[ Info: i: 4050, t: 1.036 hours, Δt: 922.841 ms, umax = (1.9e+00, 1.8e+00, 1.0e+00) m/s, wall: 54.712 seconds
[ Info: i: 4100, t: 1.049 hours, Δt: 917.204 ms, umax = (2.1e+00, 1.8e+00, 1.1e+00) m/s, wall: 55.905 seconds
[ Info: i: 4150, t: 1.062 hours, Δt: 965.421 ms, umax = (2.1e+00, 1.8e+00, 1.1e+00) m/s, wall: 57.099 seconds
[ Info: i: 4200, t: 1.075 hours, Δt: 873.983 ms, umax = (1.8e+00, 1.8e+00, 1.2e+00) m/s, wall: 58.359 seconds
[ Info: i: 4250, t: 1.086 hours, Δt: 816.887 ms, umax = (1.9e+00, 1.7e+00, 1.3e+00) m/s, wall: 59.555 seconds
[ Info: i: 4300, t: 1.098 hours, Δt: 798.124 ms, umax = (1.8e+00, 1.8e+00, 1.3e+00) m/s, wall: 1.013 minutes
[ Info: i: 4350, t: 1.109 hours, Δt: 823.594 ms, umax = (1.9e+00, 1.8e+00, 1.3e+00) m/s, wall: 1.035 minutes
[ Info: i: 4400, t: 1.120 hours, Δt: 799.911 ms, umax = (1.8e+00, 1.8e+00, 1.3e+00) m/s, wall: 1.055 minutes
[ Info: i: 4450, t: 1.132 hours, Δt: 878.791 ms, umax = (2.1e+00, 1.7e+00, 1.2e+00) m/s, wall: 1.075 minutes
[ Info: i: 4500, t: 1.142 hours, Δt: 741.207 ms, umax = (2.2e+00, 1.8e+00, 1.3e+00) m/s, wall: 1.096 minutes
[ Info: i: 4550, t: 1.153 hours, Δt: 786.875 ms, umax = (2.0e+00, 1.6e+00, 1.2e+00) m/s, wall: 1.116 minutes
[ Info: i: 4600, t: 1.165 hours, Δt: 850.916 ms, umax = (1.9e+00, 1.7e+00, 1.2e+00) m/s, wall: 1.136 minutes
[ Info: i: 4650, t: 1.176 hours, Δt: 803.166 ms, umax = (1.8e+00, 1.6e+00, 1.1e+00) m/s, wall: 1.157 minutes
[ Info: i: 4700, t: 1.187 hours, Δt: 874.787 ms, umax = (1.7e+00, 1.7e+00, 1.2e+00) m/s, wall: 1.177 minutes
[ Info: i: 4750, t: 1.200 hours, Δt: 935.375 ms, umax = (1.6e+00, 1.9e+00, 1.1e+00) m/s, wall: 1.197 minutes
[ Info: i: 4800, t: 1.213 hours, Δt: 948.941 ms, umax = (1.8e+00, 2.1e+00, 1.1e+00) m/s, wall: 1.220 minutes
[ Info: i: 4850, t: 1.226 hours, Δt: 883.790 ms, umax = (1.7e+00, 2.0e+00, 1.2e+00) m/s, wall: 1.240 minutes
[ Info: i: 4900, t: 1.238 hours, Δt: 885.663 ms, umax = (1.7e+00, 2.1e+00, 1.2e+00) m/s, wall: 1.261 minutes
[ Info: i: 4950, t: 1.250 hours, Δt: 816.194 ms, umax = (1.7e+00, 1.9e+00, 1.3e+00) m/s, wall: 1.281 minutes
[ Info: i: 5000, t: 1.261 hours, Δt: 833.065 ms, umax = (1.8e+00, 1.8e+00, 1.1e+00) m/s, wall: 1.301 minutes
[ Info: i: 5050, t: 1.273 hours, Δt: 855.567 ms, umax = (2.1e+00, 1.9e+00, 9.8e-01) m/s, wall: 1.322 minutes
[ Info: i: 5100, t: 1.284 hours, Δt: 760.870 ms, umax = (2.2e+00, 1.6e+00, 1.0e+00) m/s, wall: 1.342 minutes
[ Info: i: 5150, t: 1.295 hours, Δt: 881.416 ms, umax = (2.2e+00, 1.6e+00, 1.1e+00) m/s, wall: 1.362 minutes
[ Info: i: 5200, t: 1.307 hours, Δt: 789.218 ms, umax = (2.2e+00, 1.8e+00, 1.3e+00) m/s, wall: 1.383 minutes
[ Info: i: 5250, t: 1.317 hours, Δt: 749.889 ms, umax = (2.1e+00, 1.9e+00, 1.4e+00) m/s, wall: 1.403 minutes
[ Info: i: 5300, t: 1.328 hours, Δt: 772.571 ms, umax = (2.1e+00, 1.9e+00, 1.3e+00) m/s, wall: 1.423 minutes
[ Info: i: 5350, t: 1.340 hours, Δt: 949.143 ms, umax = (1.9e+00, 1.8e+00, 1.0e+00) m/s, wall: 1.445 minutes
[ Info: i: 5400, t: 1.353 hours, Δt: 903.357 ms, umax = (2.1e+00, 1.8e+00, 9.8e-01) m/s, wall: 1.465 minutes
[ Info: i: 5450, t: 1.365 hours, Δt: 894.699 ms, umax = (2.0e+00, 1.8e+00, 9.0e-01) m/s, wall: 1.484 minutes
[ Info: i: 5500, t: 1.378 hours, Δt: 927.898 ms, umax = (2.0e+00, 1.7e+00, 1.1e+00) m/s, wall: 1.505 minutes
[ Info: i: 5550, t: 1.390 hours, Δt: 856.688 ms, umax = (2.1e+00, 1.7e+00, 1.2e+00) m/s, wall: 1.525 minutes
[ Info: i: 5600, t: 1.402 hours, Δt: 856.018 ms, umax = (2.2e+00, 1.7e+00, 1.1e+00) m/s, wall: 1.546 minutes
[ Info: i: 5650, t: 1.414 hours, Δt: 826.370 ms, umax = (2.1e+00, 1.7e+00, 1.1e+00) m/s, wall: 1.566 minutes
[ Info: i: 5700, t: 1.426 hours, Δt: 910.095 ms, umax = (2.1e+00, 1.7e+00, 1.1e+00) m/s, wall: 1.586 minutes
[ Info: i: 5750, t: 1.439 hours, Δt: 918.738 ms, umax = (1.8e+00, 1.8e+00, 1.0e+00) m/s, wall: 1.607 minutes
[ Info: i: 5800, t: 1.451 hours, Δt: 780.043 ms, umax = (1.8e+00, 1.7e+00, 1.3e+00) m/s, wall: 1.627 minutes
[ Info: i: 5850, t: 1.461 hours, Δt: 728.429 ms, umax = (1.8e+00, 1.9e+00, 1.3e+00) m/s, wall: 1.648 minutes
[ Info: i: 5900, t: 1.472 hours, Δt: 841.394 ms, umax = (1.8e+00, 1.7e+00, 1.2e+00) m/s, wall: 1.669 minutes
[ Info: i: 5950, t: 1.484 hours, Δt: 869.697 ms, umax = (1.9e+00, 1.7e+00, 1.2e+00) m/s, wall: 1.689 minutes
[ Info: i: 6000, t: 1.496 hours, Δt: 803.372 ms, umax = (2.0e+00, 1.7e+00, 1.2e+00) m/s, wall: 1.709 minutes
[ Info: Simulation is stopping after running for 1.717 minutes.
[ Info: Simulation time 1.500 hours equals or exceeds stop time 1.500 hours.
[ Info: Run 9/10: wind 3.18 m/s from 344°, 19 sources, grid 128×128×64
[ Info: Run 9 warmup (winter, GPU{CUDABackend}(CUDABackend(false, false))): 30 minutes with no output...
[ Info: Initializing simulation...
[ Info: i: 0000, t: 0 seconds, Δt: 500 ms, umax = (1.3e-03, 2.9e-04, 2.9e-04) m/s, wall: 0 seconds
[ Info:     ... simulation initialization complete (115.114 ms)
[ Info: Executing initial time step...
[ Info:     ... initial time step complete (203.418 ms).
[ Info: i: 0050, t: 33.578 seconds, Δt: 805.255 ms, umax = (4.5e-02, 3.8e-03, 2.1e-02) m/s, wall: 1.320 seconds
[ Info: i: 0100, t: 1.461 minutes, Δt: 1.297 seconds, umax = (2.4e-01, 2.1e-02, 1.2e-01) m/s, wall: 2.419 seconds
[ Info: i: 0150, t: 2.912 minutes, Δt: 2.089 seconds, umax = (6.3e-01, 7.8e-02, 3.4e-01) m/s, wall: 3.525 seconds
[ Info: i: 0200, t: 4.891 minutes, Δt: 2.250 seconds, umax = (7.8e-01, 2.1e-01, 4.5e-01) m/s, wall: 4.617 seconds
[ Info: i: 0250, t: 6.584 minutes, Δt: 1.887 seconds, umax = (1.0e+00, 3.7e-01, 5.3e-01) m/s, wall: 5.715 seconds
[ Info: i: 0300, t: 7.942 minutes, Δt: 1.384 seconds, umax = (1.2e+00, 5.2e-01, 7.2e-01) m/s, wall: 6.818 seconds
[ Info: i: 0350, t: 8.882 minutes, Δt: 1.023 seconds, umax = (1.3e+00, 6.7e-01, 9.3e-01) m/s, wall: 7.917 seconds
[ Info: i: 0400, t: 9.679 minutes, Δt: 925.371 ms, umax = (1.4e+00, 1.2e+00, 1.0e+00) m/s, wall: 9.016 seconds
[ Info: i: 0450, t: 10.439 minutes, Δt: 912.737 ms, umax = (1.5e+00, 1.5e+00, 1.1e+00) m/s, wall: 10.114 seconds
[ Info: i: 0500, t: 11.188 minutes, Δt: 874.948 ms, umax = (1.6e+00, 1.5e+00, 1.2e+00) m/s, wall: 11.213 seconds
[ Info: i: 0550, t: 11.898 minutes, Δt: 830.657 ms, umax = (1.6e+00, 1.6e+00, 1.3e+00) m/s, wall: 12.313 seconds
[ Info: i: 0600, t: 12.560 minutes, Δt: 785.717 ms, umax = (1.7e+00, 1.6e+00, 1.3e+00) m/s, wall: 13.419 seconds
[ Info: i: 0650, t: 13.257 minutes, Δt: 825.717 ms, umax = (1.8e+00, 1.6e+00, 1.2e+00) m/s, wall: 14.518 seconds
[ Info: i: 0700, t: 13.933 minutes, Δt: 802.038 ms, umax = (1.8e+00, 1.6e+00, 1.2e+00) m/s, wall: 15.616 seconds
[ Info: i: 0750, t: 14.649 minutes, Δt: 887.821 ms, umax = (1.7e+00, 1.6e+00, 1.1e+00) m/s, wall: 16.715 seconds
[ Info: i: 0800, t: 15.383 minutes, Δt: 825.761 ms, umax = (1.7e+00, 1.4e+00, 1.1e+00) m/s, wall: 17.817 seconds
[ Info: i: 0850, t: 16.101 minutes, Δt: 886.855 ms, umax = (1.7e+00, 1.5e+00, 1.1e+00) m/s, wall: 18.926 seconds
[ Info: i: 0900, t: 16.797 minutes, Δt: 825.554 ms, umax = (1.6e+00, 1.5e+00, 1.1e+00) m/s, wall: 20.024 seconds
[ Info: i: 0950, t: 17.549 minutes, Δt: 896.472 ms, umax = (1.7e+00, 1.6e+00, 1.1e+00) m/s, wall: 21.123 seconds
[ Info: i: 1000, t: 18.331 minutes, Δt: 971.271 ms, umax = (1.6e+00, 1.6e+00, 9.5e-01) m/s, wall: 22.221 seconds
[ Info: i: 1050, t: 19.066 minutes, Δt: 855.852 ms, umax = (1.7e+00, 1.9e+00, 1.1e+00) m/s, wall: 23.321 seconds
[ Info: i: 1100, t: 19.757 minutes, Δt: 800.814 ms, umax = (1.6e+00, 1.7e+00, 1.1e+00) m/s, wall: 24.427 seconds
[ Info: i: 1150, t: 20.449 minutes, Δt: 868.407 ms, umax = (1.5e+00, 1.8e+00, 1.0e+00) m/s, wall: 25.525 seconds
[ Info: i: 1200, t: 21.243 minutes, Δt: 900.017 ms, umax = (1.7e+00, 1.8e+00, 1.0e+00) m/s, wall: 26.624 seconds
[ Info: i: 1250, t: 21.992 minutes, Δt: 915.146 ms, umax = (2.0e+00, 1.8e+00, 1.1e+00) m/s, wall: 27.723 seconds
[ Info: i: 1300, t: 22.737 minutes, Δt: 921.510 ms, umax = (2.0e+00, 1.8e+00, 1.1e+00) m/s, wall: 28.822 seconds
[ Info: i: 1350, t: 23.449 minutes, Δt: 833.705 ms, umax = (2.0e+00, 2.0e+00, 1.1e+00) m/s, wall: 29.920 seconds
[ Info: i: 1400, t: 24.188 minutes, Δt: 929.332 ms, umax = (2.0e+00, 2.1e+00, 1.1e+00) m/s, wall: 31.029 seconds
[ Info: i: 1450, t: 24.906 minutes, Δt: 814.738 ms, umax = (2.0e+00, 2.1e+00, 1.2e+00) m/s, wall: 32.128 seconds
[ Info: i: 1500, t: 25.530 minutes, Δt: 689.074 ms, umax = (2.1e+00, 1.9e+00, 1.3e+00) m/s, wall: 33.231 seconds
[ Info: i: 1550, t: 26.072 minutes, Δt: 630.538 ms, umax = (2.0e+00, 1.8e+00, 1.5e+00) m/s, wall: 34.325 seconds
[ Info: i: 1600, t: 26.616 minutes, Δt: 668.460 ms, umax = (1.9e+00, 1.8e+00, 1.4e+00) m/s, wall: 35.424 seconds
[ Info: i: 1650, t: 27.188 minutes, Δt: 730.176 ms, umax = (2.1e+00, 2.0e+00, 1.4e+00) m/s, wall: 36.528 seconds
[ Info: i: 1700, t: 27.787 minutes, Δt: 658.987 ms, umax = (2.1e+00, 1.9e+00, 1.6e+00) m/s, wall: 37.627 seconds
[ Info: i: 1750, t: 28.360 minutes, Δt: 720.202 ms, umax = (2.1e+00, 2.1e+00, 1.4e+00) m/s, wall: 38.726 seconds
[ Info: i: 1800, t: 28.929 minutes, Δt: 643.177 ms, umax = (2.2e+00, 2.5e+00, 1.5e+00) m/s, wall: 39.824 seconds
[ Info: i: 1850, t: 29.457 minutes, Δt: 655.551 ms, umax = (2.1e+00, 2.4e+00, 1.5e+00) m/s, wall: 40.923 seconds
[ Info: Simulation is stopping after running for 41.940 seconds.
[ Info: Simulation time 30 minutes equals or exceeds stop time 30 minutes.
[ Info: Warmup complete at t = 30 minutes; attaching output writer.
[ Info: Run 9 recording (1 hour) → /leonardo_scratch/large/userexternal/cfaccio1/oceananigans/test/nonhydro_winter_run009.nc
[ Info: Initializing simulation...
[ Info:     ... simulation initialization complete (31.576 ms)
[ Info: Executing initial time step...
[ Info:     ... initial time step complete (237.521 ms).
[ Info: i: 1900, t: 30.052 minutes, Δt: 785.700 ms, umax = (2.0e+00, 1.9e+00, 1.1e+00) m/s, wall: 277.875 ms
[ Info: i: 1950, t: 30.703 minutes, Δt: 726.694 ms, umax = (1.7e+00, 1.8e+00, 1.4e+00) m/s, wall: 1.333 seconds
[ Info: i: 2000, t: 31.327 minutes, Δt: 794.596 ms, umax = (1.6e+00, 1.8e+00, 1.2e+00) m/s, wall: 2.431 seconds
[ Info: i: 2050, t: 32 minutes, Δt: 844.806 ms, umax = (2.0e+00, 1.8e+00, 1.1e+00) m/s, wall: 3.530 seconds
[ Info: i: 2100, t: 32.661 minutes, Δt: 767.514 ms, umax = (2.0e+00, 1.8e+00, 1.1e+00) m/s, wall: 4.697 seconds
[ Info: i: 2150, t: 33.282 minutes, Δt: 750.896 ms, umax = (1.8e+00, 1.7e+00, 1.3e+00) m/s, wall: 5.796 seconds
[ Info: i: 2200, t: 33.931 minutes, Δt: 825.202 ms, umax = (1.8e+00, 1.7e+00, 1.1e+00) m/s, wall: 6.895 seconds
[ Info: i: 2250, t: 34.679 minutes, Δt: 883.425 ms, umax = (1.8e+00, 1.7e+00, 1.1e+00) m/s, wall: 8.168 seconds
[ Info: i: 2300, t: 35.349 minutes, Δt: 785.844 ms, umax = (2.2e+00, 1.8e+00, 1.3e+00) m/s, wall: 9.267 seconds
[ Info: i: 2350, t: 35.966 minutes, Δt: 695.628 ms, umax = (2.0e+00, 1.8e+00, 1.4e+00) m/s, wall: 10.366 seconds
[ Info: i: 2400, t: 36.535 minutes, Δt: 689.087 ms, umax = (1.6e+00, 1.7e+00, 1.4e+00) m/s, wall: 11.520 seconds
[ Info: i: 2450, t: 37.227 minutes, Δt: 893.617 ms, umax = (1.7e+00, 1.8e+00, 1.2e+00) m/s, wall: 12.619 seconds
[ Info: i: 2500, t: 37.932 minutes, Δt: 812.685 ms, umax = (1.9e+00, 1.9e+00, 1.1e+00) m/s, wall: 13.721 seconds
[ Info: i: 2550, t: 38.591 minutes, Δt: 800.125 ms, umax = (2.0e+00, 1.7e+00, 1.2e+00) m/s, wall: 14.897 seconds
[ Info: i: 2600, t: 39.323 minutes, Δt: 959.098 ms, umax = (2.1e+00, 1.7e+00, 9.5e-01) m/s, wall: 16.003 seconds
[ Info: i: 2650, t: 40.106 minutes, Δt: 908.027 ms, umax = (2.1e+00, 1.8e+00, 9.9e-01) m/s, wall: 17.157 seconds
[ Info: i: 2700, t: 40.913 minutes, Δt: 966.394 ms, umax = (1.8e+00, 1.8e+00, 9.7e-01) m/s, wall: 18.255 seconds
[ Info: i: 2750, t: 41.728 minutes, Δt: 1.006 seconds, umax = (1.8e+00, 1.8e+00, 9.4e-01) m/s, wall: 19.354 seconds
[ Info: i: 2800, t: 42.523 minutes, Δt: 936.477 ms, umax = (1.9e+00, 1.8e+00, 1.1e+00) m/s, wall: 20.515 seconds
[ Info: i: 2850, t: 43.305 minutes, Δt: 911.221 ms, umax = (1.9e+00, 1.8e+00, 1.2e+00) m/s, wall: 21.621 seconds
[ Info: i: 2900, t: 43.980 minutes, Δt: 762.657 ms, umax = (1.9e+00, 1.7e+00, 1.4e+00) m/s, wall: 22.720 seconds
[ Info: i: 2950, t: 44.569 minutes, Δt: 728.993 ms, umax = (1.9e+00, 1.8e+00, 1.3e+00) m/s, wall: 23.881 seconds
[ Info: i: 3000, t: 45.277 minutes, Δt: 863.796 ms, umax = (1.9e+00, 1.9e+00, 1.1e+00) m/s, wall: 24.979 seconds
[ Info: i: 3050, t: 46.015 minutes, Δt: 884.737 ms, umax = (2.0e+00, 1.9e+00, 9.9e-01) m/s, wall: 26.223 seconds
[ Info: i: 3100, t: 46.754 minutes, Δt: 888.243 ms, umax = (1.9e+00, 1.9e+00, 1.1e+00) m/s, wall: 27.332 seconds
[ Info: i: 3150, t: 47.446 minutes, Δt: 812.963 ms, umax = (1.9e+00, 1.8e+00, 1.2e+00) m/s, wall: 28.431 seconds
[ Info: i: 3200, t: 48.091 minutes, Δt: 782.578 ms, umax = (2.0e+00, 1.8e+00, 1.2e+00) m/s, wall: 29.610 seconds
[ Info: i: 3250, t: 48.722 minutes, Δt: 758.299 ms, umax = (1.8e+00, 1.7e+00, 1.3e+00) m/s, wall: 30.709 seconds
[ Info: i: 3300, t: 49.333 minutes, Δt: 756.118 ms, umax = (1.8e+00, 1.8e+00, 1.3e+00) m/s, wall: 31.808 seconds
[ Info: i: 3350, t: 50.014 minutes, Δt: 864.708 ms, umax = (1.9e+00, 1.7e+00, 1.2e+00) m/s, wall: 33.045 seconds
[ Info: i: 3400, t: 50.662 minutes, Δt: 760.294 ms, umax = (2.3e+00, 1.8e+00, 1.4e+00) m/s, wall: 34.133 seconds
[ Info: i: 3450, t: 51.321 minutes, Δt: 798.363 ms, umax = (1.8e+00, 1.8e+00, 1.3e+00) m/s, wall: 35.234 seconds
[ Info: i: 3500, t: 51.970 minutes, Δt: 755.771 ms, umax = (2.0e+00, 2.0e+00, 1.3e+00) m/s, wall: 36.332 seconds
[ Info: i: 3550, t: 52.598 minutes, Δt: 763.708 ms, umax = (2.3e+00, 1.9e+00, 1.4e+00) m/s, wall: 37.494 seconds
[ Info: i: 3600, t: 53.228 minutes, Δt: 767.359 ms, umax = (1.7e+00, 1.8e+00, 1.3e+00) m/s, wall: 38.593 seconds
[ Info: i: 3650, t: 53.846 minutes, Δt: 738.121 ms, umax = (1.9e+00, 1.7e+00, 1.2e+00) m/s, wall: 39.692 seconds
[ Info: i: 3700, t: 54.478 minutes, Δt: 761.426 ms, umax = (1.8e+00, 1.8e+00, 1.2e+00) m/s, wall: 40.968 seconds
[ Info: i: 3750, t: 55.092 minutes, Δt: 754.832 ms, umax = (2.1e+00, 1.6e+00, 1.3e+00) m/s, wall: 42.068 seconds
[ Info: i: 3800, t: 55.764 minutes, Δt: 844.040 ms, umax = (1.9e+00, 1.6e+00, 1.3e+00) m/s, wall: 43.176 seconds
[ Info: i: 3850, t: 56.356 minutes, Δt: 660.079 ms, umax = (1.7e+00, 1.7e+00, 1.7e+00) m/s, wall: 44.338 seconds
[ Info: i: 3900, t: 56.916 minutes, Δt: 718.567 ms, umax = (1.7e+00, 1.8e+00, 1.3e+00) m/s, wall: 45.436 seconds
[ Info: i: 3950, t: 57.602 minutes, Δt: 875.935 ms, umax = (1.8e+00, 1.8e+00, 1.2e+00) m/s, wall: 46.535 seconds
[ Info: i: 4000, t: 58.314 minutes, Δt: 835.308 ms, umax = (2.1e+00, 2.0e+00, 1.0e+00) m/s, wall: 47.809 seconds
[ Info: i: 4050, t: 59.059 minutes, Δt: 914.621 ms, umax = (2.0e+00, 1.9e+00, 1.0e+00) m/s, wall: 48.908 seconds
[ Info: i: 4100, t: 59.787 minutes, Δt: 796.033 ms, umax = (2.2e+00, 1.9e+00, 1.3e+00) m/s, wall: 50.007 seconds
[ Info: i: 4150, t: 1.008 hours, Δt: 789.079 ms, umax = (2.2e+00, 1.8e+00, 1.2e+00) m/s, wall: 51.196 seconds
[ Info: i: 4200, t: 1.019 hours, Δt: 869.191 ms, umax = (1.8e+00, 1.9e+00, 1.1e+00) m/s, wall: 52.294 seconds
[ Info: i: 4250, t: 1.031 hours, Δt: 862.526 ms, umax = (2.0e+00, 1.8e+00, 1.1e+00) m/s, wall: 53.397 seconds
[ Info: i: 4300, t: 1.044 hours, Δt: 938.700 ms, umax = (1.9e+00, 1.7e+00, 1.0e+00) m/s, wall: 54.647 seconds
[ Info: i: 4350, t: 1.058 hours, Δt: 953.982 ms, umax = (1.8e+00, 1.7e+00, 1.1e+00) m/s, wall: 55.746 seconds
[ Info: i: 4400, t: 1.070 hours, Δt: 804.331 ms, umax = (1.8e+00, 1.7e+00, 1.2e+00) m/s, wall: 56.909 seconds
[ Info: i: 4450, t: 1.081 hours, Δt: 913.761 ms, umax = (1.7e+00, 1.7e+00, 9.8e-01) m/s, wall: 58.008 seconds
[ Info: i: 4500, t: 1.095 hours, Δt: 983.325 ms, umax = (1.8e+00, 1.7e+00, 1.0e+00) m/s, wall: 59.110 seconds
[ Info: i: 4550, t: 1.108 hours, Δt: 861.126 ms, umax = (1.7e+00, 1.7e+00, 1.2e+00) m/s, wall: 1.004 minutes
[ Info: i: 4600, t: 1.120 hours, Δt: 886.742 ms, umax = (1.7e+00, 1.8e+00, 1.1e+00) m/s, wall: 1.023 minutes
[ Info: i: 4650, t: 1.133 hours, Δt: 851.745 ms, umax = (1.7e+00, 1.7e+00, 1.2e+00) m/s, wall: 1.041 minutes
[ Info: i: 4700, t: 1.143 hours, Δt: 763.579 ms, umax = (1.7e+00, 1.7e+00, 1.4e+00) m/s, wall: 1.060 minutes
[ Info: i: 4750, t: 1.153 hours, Δt: 710.166 ms, umax = (1.8e+00, 1.8e+00, 1.4e+00) m/s, wall: 1.079 minutes
[ Info: i: 4800, t: 1.165 hours, Δt: 898.982 ms, umax = (1.8e+00, 1.8e+00, 1.1e+00) m/s, wall: 1.097 minutes
[ Info: i: 4850, t: 1.178 hours, Δt: 981.218 ms, umax = (2.0e+00, 1.8e+00, 1.1e+00) m/s, wall: 1.118 minutes
[ Info: i: 4900, t: 1.191 hours, Δt: 894.786 ms, umax = (1.9e+00, 1.8e+00, 1.1e+00) m/s, wall: 1.137 minutes
[ Info: i: 4950, t: 1.204 hours, Δt: 993.647 ms, umax = (2.0e+00, 1.7e+00, 1.1e+00) m/s, wall: 1.156 minutes
[ Info: i: 5000, t: 1.218 hours, Δt: 982.324 ms, umax = (1.9e+00, 1.9e+00, 1.0e+00) m/s, wall: 1.174 minutes
[ Info: i: 5050, t: 1.229 hours, Δt: 738.206 ms, umax = (2.0e+00, 1.9e+00, 1.3e+00) m/s, wall: 1.193 minutes
[ Info: i: 5100, t: 1.241 hours, Δt: 881.679 ms, umax = (2.0e+00, 1.8e+00, 1.0e+00) m/s, wall: 1.213 minutes
[ Info: i: 5150, t: 1.254 hours, Δt: 947.590 ms, umax = (2.0e+00, 2.0e+00, 1.0e+00) m/s, wall: 1.231 minutes
[ Info: i: 5200, t: 1.267 hours, Δt: 988.953 ms, umax = (1.9e+00, 2.1e+00, 9.9e-01) m/s, wall: 1.252 minutes
[ Info: i: 5250, t: 1.280 hours, Δt: 911.697 ms, umax = (1.9e+00, 1.8e+00, 1.1e+00) m/s, wall: 1.269 minutes
[ Info: i: 5300, t: 1.292 hours, Δt: 894.895 ms, umax = (2.0e+00, 1.9e+00, 1.1e+00) m/s, wall: 1.288 minutes
[ Info: i: 5350, t: 1.305 hours, Δt: 865.891 ms, umax = (2.1e+00, 1.7e+00, 1.2e+00) m/s, wall: 1.307 minutes
[ Info: i: 5400, t: 1.317 hours, Δt: 819.299 ms, umax = (2.3e+00, 1.7e+00, 1.2e+00) m/s, wall: 1.325 minutes
[ Info: i: 5450, t: 1.328 hours, Δt: 864.173 ms, umax = (1.7e+00, 1.8e+00, 1.2e+00) m/s, wall: 1.344 minutes
[ Info: i: 5500, t: 1.340 hours, Δt: 911.377 ms, umax = (1.7e+00, 1.7e+00, 1.1e+00) m/s, wall: 1.363 minutes
[ Info: i: 5550, t: 1.353 hours, Δt: 940.194 ms, umax = (1.8e+00, 1.8e+00, 1.0e+00) m/s, wall: 1.381 minutes
[ Info: i: 5600, t: 1.366 hours, Δt: 850.587 ms, umax = (1.8e+00, 1.9e+00, 1.1e+00) m/s, wall: 1.400 minutes
[ Info: i: 5650, t: 1.377 hours, Δt: 813.959 ms, umax = (1.9e+00, 1.8e+00, 1.1e+00) m/s, wall: 1.420 minutes
[ Info: i: 5700, t: 1.390 hours, Δt: 877.433 ms, umax = (2.0e+00, 1.8e+00, 1.2e+00) m/s, wall: 1.438 minutes
[ Info: i: 5750, t: 1.402 hours, Δt: 893.058 ms, umax = (2.2e+00, 1.8e+00, 1.2e+00) m/s, wall: 1.458 minutes
[ Info: i: 5800, t: 1.413 hours, Δt: 698.277 ms, umax = (2.2e+00, 1.8e+00, 1.5e+00) m/s, wall: 1.476 minutes
[ Info: i: 5850, t: 1.423 hours, Δt: 755.297 ms, umax = (2.1e+00, 1.7e+00, 1.3e+00) m/s, wall: 1.494 minutes
[ Info: i: 5900, t: 1.434 hours, Δt: 811.356 ms, umax = (2.0e+00, 1.9e+00, 1.2e+00) m/s, wall: 1.515 minutes
[ Info: i: 5950, t: 1.446 hours, Δt: 897.240 ms, umax = (2.1e+00, 1.8e+00, 1.1e+00) m/s, wall: 1.533 minutes
[ Info: i: 6000, t: 1.459 hours, Δt: 890.211 ms, umax = (2.0e+00, 1.9e+00, 1.0e+00) m/s, wall: 1.551 minutes
[ Info: i: 6050, t: 1.471 hours, Δt: 931.873 ms, umax = (2.5e+00, 1.9e+00, 1.1e+00) m/s, wall: 1.571 minutes
[ Info: i: 6100, t: 1.484 hours, Δt: 818.325 ms, umax = (1.8e+00, 1.7e+00, 1.3e+00) m/s, wall: 1.589 minutes
[ Info: i: 6150, t: 1.495 hours, Δt: 828.790 ms, umax = (1.8e+00, 1.8e+00, 1.2e+00) m/s, wall: 1.608 minutes
[ Info: Simulation is stopping after running for 1.617 minutes.
[ Info: Simulation time 1.500 hours equals or exceeds stop time 1.500 hours.
[ Info: Run 10/10: wind 7.13 m/s from 353°, 21 sources, grid 128×128×64
[ Info: Run 10 warmup (winter, GPU{CUDABackend}(CUDABackend(false, false))): 30 minutes with no output...
[ Info: Initializing simulation...
[ Info: i: 0000, t: 0 seconds, Δt: 500 ms, umax = (2.4e-03, 6.7e-04, 7.4e-04) m/s, wall: 0 seconds
[ Info:     ... simulation initialization complete (115.567 ms)
[ Info: Executing initial time step...
[ Info:     ... initial time step complete (206.028 ms).
[ Info: i: 0050, t: 33.578 seconds, Δt: 805.255 ms, umax = (3.4e-02, 5.9e-03, 1.4e-02) m/s, wall: 1.343 seconds
[ Info: i: 0100, t: 1.461 minutes, Δt: 1.297 seconds, umax = (1.8e-01, 2.9e-02, 8.7e-02) m/s, wall: 2.462 seconds
[ Info: i: 0150, t: 2.912 minutes, Δt: 2.089 seconds, umax = (5.0e-01, 1.0e-01, 2.6e-01) m/s, wall: 3.581 seconds
[ Info: i: 0200, t: 5.061 minutes, Δt: 2.528 seconds, umax = (6.8e-01, 2.8e-01, 4.2e-01) m/s, wall: 4.700 seconds
[ Info: i: 0250, t: 6.764 minutes, Δt: 1.813 seconds, umax = (8.8e-01, 4.7e-01, 5.8e-01) m/s, wall: 5.819 seconds
[ Info: i: 0300, t: 8.094 minutes, Δt: 1.482 seconds, umax = (1.1e+00, 6.5e-01, 7.0e-01) m/s, wall: 6.938 seconds
[ Info: i: 0350, t: 9.120 minutes, Δt: 991.284 ms, umax = (1.7e+00, 7.9e-01, 1.1e+00) m/s, wall: 8.057 seconds
[ Info: i: 0400, t: 9.861 minutes, Δt: 870.986 ms, umax = (1.5e+00, 1.5e+00, 1.2e+00) m/s, wall: 9.176 seconds
[ Info: i: 0450, t: 10.519 minutes, Δt: 749.952 ms, umax = (1.5e+00, 1.9e+00, 1.4e+00) m/s, wall: 10.294 seconds
[ Info: i: 0500, t: 11.118 minutes, Δt: 716.779 ms, umax = (1.6e+00, 2.0e+00, 1.5e+00) m/s, wall: 11.413 seconds
[ Info: i: 0550, t: 11.702 minutes, Δt: 717.305 ms, umax = (1.7e+00, 2.0e+00, 1.4e+00) m/s, wall: 12.532 seconds
[ Info: i: 0600, t: 12.322 minutes, Δt: 734.248 ms, umax = (1.7e+00, 1.9e+00, 1.4e+00) m/s, wall: 13.661 seconds
[ Info: i: 0650, t: 12.980 minutes, Δt: 795.441 ms, umax = (1.6e+00, 1.6e+00, 1.3e+00) m/s, wall: 14.790 seconds
[ Info: i: 0700, t: 13.636 minutes, Δt: 813.104 ms, umax = (1.7e+00, 1.6e+00, 1.3e+00) m/s, wall: 15.919 seconds
[ Info: i: 0750, t: 14.339 minutes, Δt: 807.266 ms, umax = (1.6e+00, 1.6e+00, 1.2e+00) m/s, wall: 17.042 seconds
[ Info: i: 0800, t: 15.026 minutes, Δt: 867.477 ms, umax = (1.6e+00, 1.6e+00, 1.2e+00) m/s, wall: 18.164 seconds
[ Info: i: 0850, t: 15.737 minutes, Δt: 867.277 ms, umax = (1.6e+00, 1.7e+00, 1.1e+00) m/s, wall: 19.284 seconds
[ Info: i: 0900, t: 16.497 minutes, Δt: 986.619 ms, umax = (1.8e+00, 1.9e+00, 1.0e+00) m/s, wall: 20.403 seconds
[ Info: i: 0950, t: 17.310 minutes, Δt: 932.156 ms, umax = (1.8e+00, 1.6e+00, 1.0e+00) m/s, wall: 21.522 seconds
[ Info: i: 1000, t: 18.035 minutes, Δt: 880.010 ms, umax = (1.8e+00, 1.7e+00, 1.1e+00) m/s, wall: 22.641 seconds
[ Info: i: 1050, t: 18.831 minutes, Δt: 924.916 ms, umax = (1.9e+00, 1.7e+00, 1.1e+00) m/s, wall: 23.760 seconds
[ Info: i: 1100, t: 19.552 minutes, Δt: 862.701 ms, umax = (1.8e+00, 1.7e+00, 1.1e+00) m/s, wall: 24.879 seconds
[ Info: i: 1150, t: 20.254 minutes, Δt: 861.485 ms, umax = (1.8e+00, 1.7e+00, 1.2e+00) m/s, wall: 25.998 seconds
[ Info: i: 1200, t: 20.969 minutes, Δt: 867.904 ms, umax = (1.8e+00, 1.9e+00, 1.2e+00) m/s, wall: 27.116 seconds
[ Info: i: 1250, t: 21.664 minutes, Δt: 811.484 ms, umax = (2.1e+00, 1.8e+00, 1.1e+00) m/s, wall: 28.235 seconds
[ Info: i: 1300, t: 22.312 minutes, Δt: 747.375 ms, umax = (2.1e+00, 1.8e+00, 1.3e+00) m/s, wall: 29.354 seconds
[ Info: i: 1350, t: 22.920 minutes, Δt: 736.111 ms, umax = (2.2e+00, 1.9e+00, 1.3e+00) m/s, wall: 30.473 seconds
[ Info: i: 1400, t: 23.541 minutes, Δt: 752.429 ms, umax = (2.2e+00, 1.9e+00, 1.3e+00) m/s, wall: 31.591 seconds
[ Info: i: 1450, t: 24.204 minutes, Δt: 830.902 ms, umax = (2.1e+00, 1.9e+00, 1.1e+00) m/s, wall: 32.710 seconds
[ Info: i: 1500, t: 24.873 minutes, Δt: 765.805 ms, umax = (2.1e+00, 1.8e+00, 1.2e+00) m/s, wall: 33.829 seconds
[ Info: i: 1550, t: 25.516 minutes, Δt: 741.751 ms, umax = (2.1e+00, 1.9e+00, 1.3e+00) m/s, wall: 34.948 seconds
[ Info: i: 1600, t: 26.145 minutes, Δt: 760.277 ms, umax = (2.4e+00, 1.8e+00, 1.3e+00) m/s, wall: 36.067 seconds
[ Info: i: 1650, t: 26.767 minutes, Δt: 729.964 ms, umax = (2.1e+00, 2.0e+00, 1.3e+00) m/s, wall: 37.186 seconds
[ Info: i: 1700, t: 27.329 minutes, Δt: 648.242 ms, umax = (2.1e+00, 2.0e+00, 1.4e+00) m/s, wall: 38.312 seconds
[ Info: i: 1750, t: 27.880 minutes, Δt: 666.910 ms, umax = (2.3e+00, 1.9e+00, 1.3e+00) m/s, wall: 39.438 seconds
[ Info: i: 1800, t: 28.423 minutes, Δt: 647.877 ms, umax = (2.5e+00, 2.2e+00, 1.4e+00) m/s, wall: 40.558 seconds
[ Info: i: 1850, t: 28.974 minutes, Δt: 640.520 ms, umax = (2.5e+00, 2.0e+00, 1.4e+00) m/s, wall: 41.678 seconds
[ Info: i: 1900, t: 29.561 minutes, Δt: 745.999 ms, umax = (2.5e+00, 1.8e+00, 1.2e+00) m/s, wall: 42.797 seconds
[ Info: Simulation is stopping after running for 43.577 seconds.
[ Info: Simulation time 30 minutes equals or exceeds stop time 30 minutes.
[ Info: Warmup complete at t = 30 minutes; attaching output writer.
[ Info: Run 10 recording (1 hour) → /leonardo_scratch/large/userexternal/cfaccio1/oceananigans/test/nonhydro_winter_run010.nc
[ Info: Initializing simulation...
[ Info:     ... simulation initialization complete (31.214 ms)
[ Info: Executing initial time step...
[ Info:     ... initial time step complete (240.260 ms).
[ Info: i: 1950, t: 30.266 minutes, Δt: 880.287 ms, umax = (2.4e+00, 1.9e+00, 1.1e+00) m/s, wall: 548.361 ms
[ Info: i: 2000, t: 30.983 minutes, Δt: 844.589 ms, umax = (2.1e+00, 1.8e+00, 1.1e+00) m/s, wall: 1.667 seconds
[ Info: i: 2050, t: 31.712 minutes, Δt: 872.673 ms, umax = (2.2e+00, 1.7e+00, 1.1e+00) m/s, wall: 2.786 seconds
[ Info: i: 2100, t: 32.452 minutes, Δt: 907.909 ms, umax = (2.2e+00, 1.7e+00, 1.0e+00) m/s, wall: 4.103 seconds
[ Info: i: 2150, t: 33.192 minutes, Δt: 830.788 ms, umax = (2.7e+00, 1.8e+00, 1.1e+00) m/s, wall: 5.222 seconds
[ Info: i: 2200, t: 33.844 minutes, Δt: 755.334 ms, umax = (2.6e+00, 1.7e+00, 1.3e+00) m/s, wall: 6.341 seconds
[ Info: i: 2250, t: 34.477 minutes, Δt: 753.641 ms, umax = (2.4e+00, 1.8e+00, 1.1e+00) m/s, wall: 7.533 seconds
[ Info: i: 2300, t: 35.140 minutes, Δt: 736.590 ms, umax = (1.9e+00, 1.8e+00, 1.3e+00) m/s, wall: 8.662 seconds
[ Info: i: 2350, t: 35.630 minutes, Δt: 564.564 ms, umax = (1.9e+00, 1.8e+00, 1.7e+00) m/s, wall: 9.781 seconds
[ Info: i: 2400, t: 36.125 minutes, Δt: 628.650 ms, umax = (2.0e+00, 1.8e+00, 1.5e+00) m/s, wall: 11.082 seconds
[ Info: i: 2450, t: 36.653 minutes, Δt: 669.950 ms, umax = (2.1e+00, 1.8e+00, 1.3e+00) m/s, wall: 12.201 seconds
[ Info: i: 2500, t: 37.276 minutes, Δt: 793.774 ms, umax = (2.3e+00, 1.8e+00, 1.2e+00) m/s, wall: 13.320 seconds
[ Info: i: 2550, t: 37.907 minutes, Δt: 744.496 ms, umax = (2.1e+00, 2.0e+00, 1.4e+00) m/s, wall: 14.439 seconds
[ Info: i: 2600, t: 38.518 minutes, Δt: 736.375 ms, umax = (1.7e+00, 2.1e+00, 1.3e+00) m/s, wall: 15.630 seconds
[ Info: i: 2650, t: 39.105 minutes, Δt: 693.290 ms, umax = (1.8e+00, 2.2e+00, 1.4e+00) m/s, wall: 16.750 seconds
[ Info: i: 2700, t: 39.685 minutes, Δt: 679.307 ms, umax = (1.7e+00, 2.0e+00, 1.5e+00) m/s, wall: 17.868 seconds
[ Info: i: 2750, t: 40.291 minutes, Δt: 766.855 ms, umax = (1.8e+00, 2.6e+00, 1.2e+00) m/s, wall: 19.054 seconds
[ Info: i: 2800, t: 40.941 minutes, Δt: 738.596 ms, umax = (1.8e+00, 2.0e+00, 1.4e+00) m/s, wall: 20.181 seconds
[ Info: i: 2850, t: 41.514 minutes, Δt: 642.868 ms, umax = (1.6e+00, 2.0e+00, 1.7e+00) m/s, wall: 21.301 seconds
[ Info: i: 2900, t: 42.082 minutes, Δt: 707.077 ms, umax = (1.6e+00, 2.1e+00, 1.5e+00) m/s, wall: 22.505 seconds
[ Info: i: 2950, t: 42.684 minutes, Δt: 774.874 ms, umax = (1.6e+00, 1.9e+00, 1.4e+00) m/s, wall: 23.634 seconds
[ Info: i: 3000, t: 43.307 minutes, Δt: 749.690 ms, umax = (1.8e+00, 2.2e+00, 1.4e+00) m/s, wall: 24.753 seconds
[ Info: i: 3050, t: 43.938 minutes, Δt: 740.199 ms, umax = (1.6e+00, 2.0e+00, 1.3e+00) m/s, wall: 25.872 seconds
[ Info: i: 3100, t: 44.574 minutes, Δt: 771.222 ms, umax = (1.9e+00, 2.1e+00, 1.3e+00) m/s, wall: 27.113 seconds
[ Info: i: 3150, t: 45.217 minutes, Δt: 772.821 ms, umax = (1.8e+00, 2.6e+00, 1.3e+00) m/s, wall: 28.233 seconds
[ Info: i: 3200, t: 45.841 minutes, Δt: 787.705 ms, umax = (1.7e+00, 2.1e+00, 1.3e+00) m/s, wall: 29.352 seconds
[ Info: i: 3250, t: 46.433 minutes, Δt: 673.608 ms, umax = (1.7e+00, 1.9e+00, 1.5e+00) m/s, wall: 30.529 seconds
[ Info: i: 3300, t: 47.019 minutes, Δt: 693.248 ms, umax = (2.0e+00, 1.9e+00, 1.5e+00) m/s, wall: 31.649 seconds
[ Info: i: 3350, t: 47.593 minutes, Δt: 697.719 ms, umax = (1.9e+00, 2.1e+00, 1.4e+00) m/s, wall: 32.768 seconds
[ Info: i: 3400, t: 48.204 minutes, Δt: 767.479 ms, umax = (1.9e+00, 2.0e+00, 1.3e+00) m/s, wall: 33.952 seconds
[ Info: i: 3450, t: 48.839 minutes, Δt: 776.608 ms, umax = (2.4e+00, 1.9e+00, 1.4e+00) m/s, wall: 35.081 seconds
[ Info: i: 3500, t: 49.519 minutes, Δt: 848.225 ms, umax = (2.2e+00, 2.0e+00, 1.2e+00) m/s, wall: 36.200 seconds
[ Info: i: 3550, t: 50.206 minutes, Δt: 826.943 ms, umax = (1.7e+00, 2.0e+00, 1.2e+00) m/s, wall: 37.385 seconds
[ Info: i: 3600, t: 50.909 minutes, Δt: 871.296 ms, umax = (1.8e+00, 2.0e+00, 1.2e+00) m/s, wall: 38.506 seconds
[ Info: i: 3650, t: 51.642 minutes, Δt: 892.663 ms, umax = (1.9e+00, 2.3e+00, 1.2e+00) m/s, wall: 39.635 seconds
[ Info: i: 3700, t: 52.351 minutes, Δt: 825.855 ms, umax = (1.9e+00, 2.1e+00, 1.2e+00) m/s, wall: 40.945 seconds
[ Info: i: 3750, t: 53.019 minutes, Δt: 772.149 ms, umax = (2.0e+00, 2.0e+00, 1.4e+00) m/s, wall: 42.065 seconds
[ Info: i: 3800, t: 53.671 minutes, Δt: 825.203 ms, umax = (2.1e+00, 1.9e+00, 1.2e+00) m/s, wall: 43.183 seconds
[ Info: i: 3850, t: 54.354 minutes, Δt: 809.377 ms, umax = (2.1e+00, 2.0e+00, 1.3e+00) m/s, wall: 44.375 seconds
[ Info: i: 3900, t: 55.010 minutes, Δt: 733.522 ms, umax = (1.9e+00, 2.3e+00, 1.4e+00) m/s, wall: 45.500 seconds
[ Info: i: 3950, t: 55.652 minutes, Δt: 820.586 ms, umax = (1.8e+00, 2.0e+00, 1.2e+00) m/s, wall: 46.619 seconds
[ Info: i: 4000, t: 56.315 minutes, Δt: 777.226 ms, umax = (1.7e+00, 2.0e+00, 1.3e+00) m/s, wall: 47.807 seconds
[ Info: i: 4050, t: 56.940 minutes, Δt: 715.199 ms, umax = (1.9e+00, 2.0e+00, 1.4e+00) m/s, wall: 48.926 seconds
[ Info: i: 4100, t: 57.555 minutes, Δt: 732.629 ms, umax = (2.1e+00, 1.8e+00, 1.4e+00) m/s, wall: 50.046 seconds
[ Info: i: 4150, t: 58.213 minutes, Δt: 777.227 ms, umax = (1.8e+00, 1.8e+00, 1.3e+00) m/s, wall: 51.236 seconds
[ Info: i: 4200, t: 58.870 minutes, Δt: 780.104 ms, umax = (1.6e+00, 1.8e+00, 1.3e+00) m/s, wall: 52.364 seconds
[ Info: i: 4250, t: 59.581 minutes, Δt: 875.064 ms, umax = (1.8e+00, 1.8e+00, 1.2e+00) m/s, wall: 53.483 seconds
[ Info: i: 4300, t: 1.005 hours, Δt: 861.251 ms, umax = (2.0e+00, 1.9e+00, 1.2e+00) m/s, wall: 54.944 seconds
[ Info: i: 4350, t: 1.015 hours, Δt: 714.699 ms, umax = (2.1e+00, 2.0e+00, 1.3e+00) m/s, wall: 56.063 seconds
[ Info: i: 4400, t: 1.026 hours, Δt: 846.813 ms, umax = (1.8e+00, 2.3e+00, 1.2e+00) m/s, wall: 57.182 seconds
[ Info: i: 4450, t: 1.038 hours, Δt: 833.069 ms, umax = (1.9e+00, 2.3e+00, 1.2e+00) m/s, wall: 58.369 seconds
[ Info: i: 4500, t: 1.050 hours, Δt: 780.292 ms, umax = (1.8e+00, 2.0e+00, 1.3e+00) m/s, wall: 59.487 seconds
[ Info: i: 4550, t: 1.060 hours, Δt: 756.127 ms, umax = (1.8e+00, 1.9e+00, 1.4e+00) m/s, wall: 1.010 minutes
[ Info: i: 4600, t: 1.071 hours, Δt: 800.522 ms, umax = (1.6e+00, 2.1e+00, 1.1e+00) m/s, wall: 1.030 minutes
[ Info: i: 4650, t: 1.084 hours, Δt: 864.787 ms, umax = (1.7e+00, 1.9e+00, 1.2e+00) m/s, wall: 1.049 minutes
[ Info: i: 4700, t: 1.095 hours, Δt: 803.449 ms, umax = (1.7e+00, 2.0e+00, 1.3e+00) m/s, wall: 1.068 minutes
[ Info: i: 4750, t: 1.106 hours, Δt: 836.493 ms, umax = (1.7e+00, 1.9e+00, 1.3e+00) m/s, wall: 1.088 minutes
[ Info: i: 4800, t: 1.118 hours, Δt: 839.310 ms, umax = (1.7e+00, 1.9e+00, 1.2e+00) m/s, wall: 1.106 minutes
[ Info: i: 4850, t: 1.130 hours, Δt: 826.111 ms, umax = (1.6e+00, 1.9e+00, 1.3e+00) m/s, wall: 1.125 minutes
[ Info: i: 4900, t: 1.141 hours, Δt: 766.216 ms, umax = (1.7e+00, 1.9e+00, 1.4e+00) m/s, wall: 1.145 minutes
[ Info: i: 4950, t: 1.152 hours, Δt: 817.863 ms, umax = (1.9e+00, 1.9e+00, 1.2e+00) m/s, wall: 1.163 minutes
[ Info: i: 5000, t: 1.163 hours, Δt: 840.155 ms, umax = (1.7e+00, 1.9e+00, 1.2e+00) m/s, wall: 1.182 minutes
[ Info: i: 5050, t: 1.174 hours, Δt: 815.636 ms, umax = (1.8e+00, 1.9e+00, 1.3e+00) m/s, wall: 1.202 minutes
[ Info: i: 5100, t: 1.186 hours, Δt: 872.909 ms, umax = (1.5e+00, 1.9e+00, 1.2e+00) m/s, wall: 1.221 minutes
[ Info: i: 5150, t: 1.198 hours, Δt: 854.810 ms, umax = (1.5e+00, 2.0e+00, 1.2e+00) m/s, wall: 1.239 minutes
[ Info: i: 5200, t: 1.209 hours, Δt: 798.168 ms, umax = (1.8e+00, 2.0e+00, 1.2e+00) m/s, wall: 1.261 minutes
[ Info: i: 5250, t: 1.221 hours, Δt: 947.014 ms, umax = (1.9e+00, 2.1e+00, 1.1e+00) m/s, wall: 1.280 minutes
[ Info: i: 5300, t: 1.233 hours, Δt: 810.114 ms, umax = (1.7e+00, 2.1e+00, 1.2e+00) m/s, wall: 1.299 minutes
[ Info: i: 5350, t: 1.245 hours, Δt: 861.134 ms, umax = (1.7e+00, 2.1e+00, 1.2e+00) m/s, wall: 1.319 minutes
[ Info: i: 5400, t: 1.257 hours, Δt: 904.492 ms, umax = (2.0e+00, 2.1e+00, 1.1e+00) m/s, wall: 1.338 minutes
[ Info: i: 5450, t: 1.270 hours, Δt: 891.083 ms, umax = (2.0e+00, 2.1e+00, 1.1e+00) m/s, wall: 1.357 minutes
[ Info: i: 5500, t: 1.282 hours, Δt: 925.770 ms, umax = (2.0e+00, 1.9e+00, 1.2e+00) m/s, wall: 1.376 minutes
[ Info: i: 5550, t: 1.294 hours, Δt: 861.674 ms, umax = (1.9e+00, 1.9e+00, 1.2e+00) m/s, wall: 1.395 minutes
[ Info: i: 5600, t: 1.306 hours, Δt: 845.328 ms, umax = (1.7e+00, 2.1e+00, 1.3e+00) m/s, wall: 1.415 minutes
[ Info: i: 5650, t: 1.318 hours, Δt: 839.506 ms, umax = (2.1e+00, 2.0e+00, 1.3e+00) m/s, wall: 1.433 minutes
[ Info: i: 5700, t: 1.329 hours, Δt: 840.396 ms, umax = (2.3e+00, 2.0e+00, 1.2e+00) m/s, wall: 1.452 minutes
[ Info: i: 5750, t: 1.341 hours, Δt: 845.513 ms, umax = (1.7e+00, 2.0e+00, 1.3e+00) m/s, wall: 1.474 minutes
[ Info: i: 5800, t: 1.352 hours, Δt: 740.692 ms, umax = (1.8e+00, 2.1e+00, 1.4e+00) m/s, wall: 1.492 minutes
[ Info: i: 5850, t: 1.363 hours, Δt: 828.643 ms, umax = (1.6e+00, 1.9e+00, 1.3e+00) m/s, wall: 1.511 minutes
[ Info: i: 5900, t: 1.374 hours, Δt: 809.537 ms, umax = (1.9e+00, 1.8e+00, 1.2e+00) m/s, wall: 1.531 minutes
[ Info: i: 5950, t: 1.386 hours, Δt: 825.942 ms, umax = (2.0e+00, 1.8e+00, 1.3e+00) m/s, wall: 1.550 minutes
[ Info: i: 6000, t: 1.398 hours, Δt: 829.666 ms, umax = (1.9e+00, 2.1e+00, 1.3e+00) m/s, wall: 1.568 minutes
[ Info: i: 6050, t: 1.409 hours, Δt: 851.633 ms, umax = (1.9e+00, 2.3e+00, 1.2e+00) m/s, wall: 1.588 minutes
[ Info: i: 6100, t: 1.421 hours, Δt: 779.295 ms, umax = (1.8e+00, 2.2e+00, 1.2e+00) m/s, wall: 1.607 minutes
[ Info: i: 6150, t: 1.432 hours, Δt: 769.654 ms, umax = (2.1e+00, 2.1e+00, 1.3e+00) m/s, wall: 1.626 minutes
[ Info: i: 6200, t: 1.442 hours, Δt: 763.700 ms, umax = (3.2e+00, 2.0e+00, 1.3e+00) m/s, wall: 1.646 minutes
[ Info: i: 6250, t: 1.454 hours, Δt: 828.795 ms, umax = (2.0e+00, 2.1e+00, 1.3e+00) m/s, wall: 1.664 minutes
[ Info: i: 6300, t: 1.465 hours, Δt: 780.533 ms, umax = (1.7e+00, 1.9e+00, 1.4e+00) m/s, wall: 1.683 minutes
[ Info: i: 6350, t: 1.476 hours, Δt: 791.235 ms, umax = (1.7e+00, 1.9e+00, 1.3e+00) m/s, wall: 1.704 minutes
[ Info: i: 6400, t: 1.487 hours, Δt: 846.664 ms, umax = (1.7e+00, 2.0e+00, 1.2e+00) m/s, wall: 1.722 minutes
[ Info: i: 6450, t: 1.498 hours, Δt: 799.756 ms, umax = (1.6e+00, 2.1e+00, 1.3e+00) m/s, wall: 1.741 minutes
[ Info: Simulation is stopping after running for 1.744 minutes.
[ Info: Simulation time 1.500 hours equals or exceeds stop time 1.500 hours.
[ Info: All runs complete.
