mode,episode,agent,success,steps,time_s,steps_to_success,spawn_dist,path_len,net_disp,tortuosity,spl,path_efficiency,min_dist,monotonic_frac,noop_frac,zflip_frac,depth_band_frac,final_dS,final_dtau,nc_file
greedy,0,0,True,485,485.0,485,278.1506912282311,670.6171080176307,482.6644763483963,1.3894063907316987,0.41476826031243813,0.41476826031243813,1.6631065823592175,0.8061855670103093,0.004123711340206186,0.14609571788413098,0.5319587628865979,0.13134402470474527,0.04818793377992203,nonhydro_winter_run026.nc
greedy,0,1,False,485,485.0,,65.96094892145089,475.55431338675174,29.41592567804941,16.1665595226064,0.0,nan,33.17654090021769,0.44536082474226807,0.01443298969072165,0.3306878306878307,0.13195876288659794,1.4581962207720096,0.07931200904096314,nonhydro_winter_run026.nc
greedy,1,0,True,220,220.0,220,67.04110777533738,239.2269275157439,72.63694830563806,3.2934606022975665,0.28024064210298943,0.28024064210298943,1.7376495673015548,0.65,0.00909090909090909,0.07526881720430108,0.33181818181818185,0.11912306476656198,0.04747802848995619,nonhydro_winter_run015.nc
greedy,1,1,False,220,220.0,,215.98167067237966,290.63685778265886,195.18831001128308,1.489007501350149,0.0,nan,68.52114970221679,0.8636363636363636,0.013636363636363636,0.46842105263157896,0.08636363636363636,1.8582114636813643,0.26968714918119085,nonhydro_winter_run015.nc
greedy,2,0,True,422,422.0,422,327.7413696405902,603.7018646782187,426.58711936289234,1.4151900919555358,0.5428861310794209,0.5428861310794209,1.7219978700737135,0.8127962085308057,0.009478672985781991,0.37640449438202245,0.23933649289099526,0.14333480048747305,0.011905025151254467,nonhydro_winter_run026.nc
greedy,2,1,False,422,422.0,,96.43099952120069,469.21333750570983,286.2847189708243,1.6389744419209746,0.0,nan,36.63873884700618,0.6777251184834123,0.0071090047393364926,0.19428571428571428,0.8388625592417062,1.5017282299117838,0.10572325160521112,nonhydro_winter_run026.nc
greedy,3,0,False,19,19.0,,57.99633419679201,19.272085296866713,15.238044179684165,1.2647348353642955,0.0,nan,46.80114392977642,1.0,0.0,0.0,0.0,0.4384802504165748,0.05865135236760999,nonhydro_winter_run025.nc
greedy,3,1,True,19,19.0,19,20.79846717474991,22.171258214663982,22.133267399753283,1.0017164575941067,0.9380824026032896,0.9380824026032896,2.010592961522801,1.0,0.0,0.0,0.05263157894736842,0.10668371295141554,0.04669574862743431,nonhydro_winter_run025.nc
greedy,4,0,False,582,582.0,,376.2072368733783,940.1196315083255,781.3744042337686,1.203161539992119,0.0,nan,34.76862421565672,0.7491408934707904,0.00859106529209622,0.5072765072765073,0.0,1.5225387621267572,0.3044835278114504,nonhydro_winter_run022.nc
greedy,4,1,True,582,582.0,582,215.06634493623778,720.2989166683717,559.2565706152833,1.287957897170368,0.29857929806557676,0.29857929806557676,2.8860688402666375,0.7319587628865979,0.0,0.0600375234521576,0.1134020618556701,0.14228445997120787,0.045839747289063815,nonhydro_winter_run022.nc
greedy,5,0,False,37,37.0,,93.02128327917016,34.86624477822515,6.8191620223768625,5.112980841900028,0.0,nan,92.77773854925789,0.35135135135135137,0.08108108108108109,0.46153846153846156,0.0,0.986412018672226,0.11314167407465825,nonhydro_winter_run021.nc
greedy,5,1,True,37,37.0,37,37.53441912281046,41.85977931521625,41.17462161535352,1.0166402913489614,0.8966702581054101,0.8966702581054101,4.4774190765287605,1.0,0.0,0.0,0.16216216216216217,0.1495482750338013,0.014558505962699364,nonhydro_winter_run021.nc
greedy,6,0,True,108,108.0,108,56.88935350855361,146.6367679399919,96.55926400562686,1.5186193624202318,0.3879610435210521,0.3879610435210521,0.9558143232821145,0.7962962962962963,0.009259259259259259,0.17045454545454544,0.23148148148148148,0.14729725127462956,0.044785154972719066,nonhydro_winter_run014.nc
greedy,6,1,False,108,108.0,,128.90647192958957,154.4465265733137,125.44139317085813,1.231224579616626,0.0,nan,104.41003095335869,0.4537037037037037,0.0,0.14583333333333334,0.5277777777777778,0.39395990011827564,0.04740450365020921,nonhydro_winter_run014.nc
greedy,7,0,False,64,64.0,,649.9576085366115,90.03925412914357,77.17964904860591,1.1666191183693901,0.0,nan,649.9576085366115,0.484375,0.0,0.2682926829268293,0.265625,3.0266104778123974,0.14074595152502178,nonhydro_winter_run029.nc
greedy,7,1,True,64,64.0,64,65.07770211623993,143.90649706111338,136.51104576345855,1.0541747464924516,0.4522221264867778,0.4522221264867778,2.2426745031865094,0.84375,0.0,0.0,0.015625,0.004908474033008758,0.041459886432137494,nonhydro_winter_run029.nc
greedy,8,0,False,32,32.0,,54.922255120373855,35.92756005858105,25.65409333517581,1.4004611111833252,0.0,nan,34.95088476667833,0.90625,0.0,0.07142857142857142,0.0,1.610634352157362,0.27084366271200866,nonhydro_winter_run022.nc
greedy,8,1,True,32,32.0,32,45.484082651021815,54.98120900281066,53.059893969026945,1.0362103066942663,0.8272659600609483,0.8272659600609483,2.7458819320128045,0.9375,0.0,0.0,0.03125,0.023917792157511997,0.048133111446884036,nonhydro_winter_run022.nc
greedy,9,0,True,598,598.0,598,123.56788008557244,655.1548763152256,272.76724223765655,2.401882538902536,0.1886086550718401,0.1886086550718401,2.7394439908686388,0.6220735785953178,0.008361204013377926,0.1322463768115942,0.5484949832775919,0.139668676167787,0.0015868012536639498,nonhydro_winter_run013.nc
greedy,9,1,False,598,598.0,,486.9698892677832,571.7718801484795,417.0753811145627,1.3709077688079234,0.0,nan,75.93171913474357,0.8879598662207357,0.0,0.0,0.8076923076923077,1.2256667825613334,0.005610254094282507,nonhydro_winter_run013.nc
greedy,10,0,False,524,524.0,,328.4239012945333,681.56818315654,449.9141355313162,1.5148850176748883,0.0,nan,16.00730214728279,0.7729007633587787,0.007633587786259542,0.37701149425287356,0.13549618320610687,0.5208384377153976,0.05123914302301158,nonhydro_winter_run024.nc
greedy,10,1,True,524,524.0,524,188.05555011905793,619.2762982680674,321.4932235875628,1.9262499263826616,0.3036698653654171,0.3036698653654171,2.0720651660686236,0.7041984732824428,0.019083969465648856,0.37971698113207547,0.24236641221374045,0.130909445584102,0.02044446093632213,nonhydro_winter_run024.nc
greedy,11,0,True,65,65.0,65,55.705453423348295,66.09785527868574,63.668379168717365,1.0381582842486128,0.8427724801126999,0.8427724801126999,3.1157619848853186,1.0,0.0,0.0,0.046153846153846156,0.13037888470149994,0.03712788513056853,nonhydro_winter_run005.nc
greedy,11,1,False,65,65.0,,46.089605378138195,72.56217735806247,66.43851739249762,1.0921703283862916,0.0,nan,22.29321068418847,0.7076923076923077,0.0,0.0,0.16923076923076924,0.9396672772374401,0.014450777633780998,nonhydro_winter_run005.nc
greedy,12,0,True,778,778.0,778,27.562947728923138,886.3814321965724,387.74984988277697,2.2859620254257735,0.03109603465025034,0.03109603465025034,4.267244731479042,0.5295629820051414,0.010282776349614395,0.3684210526315789,0.09125964010282776,0.1244017062727849,0.00807527910650574,nonhydro_winter_run019.nc
greedy,12,1,False,778,778.0,,144.8094174507521,984.7195934678093,464.9762784244662,2.1177845820531975,0.0,nan,74.94954356151385,0.39588688946015427,0.014138817480719794,0.40869565217391307,0.11311053984575835,3.8285084265295666,0.5081669560167187,nonhydro_winter_run019.nc
greedy,13,0,False,144,144.0,,138.01485918576225,225.59496039000695,202.30846616795498,1.115103903771974,0.0,nan,38.169275068018734,0.7847222222222222,0.0,0.03125,0.5277777777777778,0.9765334562163019,0.07910379191443007,nonhydro_winter_run027.nc
greedy,13,1,True,144,144.0,144,20.137070407450043,182.68887825964362,120.17168777857293,1.5202322746457901,0.11022603345798948,0.11022603345798948,1.8669002253420541,0.5416666666666666,0.006944444444444444,0.2336448598130841,0.4305555555555556,0.0871579669751128,0.010566766465007538,nonhydro_winter_run027.nc
greedy,14,0,False,654,654.0,,214.35830585441508,873.3306954054392,377.56105162935125,2.313084709443974,0.0,nan,36.53446692735996,0.6055045871559633,0.009174311926605505,0.31237721021611004,0.06269113149847094,1.9131305179491704,0.2876809240536814,nonhydro_winter_run005.nc
greedy,14,1,True,654,654.0,654,296.2960705446694,983.4488434551827,584.5071735782365,1.6825265589722447,0.3012826467960274,0.3012826467960274,4.332006567944274,0.7293577981651376,0.0045871559633027525,0.35855855855855856,0.053516819571865444,0.07726340188090575,0.04933547035734054,nonhydro_winter_run005.nc
greedy,15,0,True,455,455.0,455,203.2020441719045,559.7038440087724,284.56214602016985,1.9668949360857733,0.3630527936283383,0.3630527936283383,4.31449332129379,0.7516483516483516,0.006593406593406593,0.26301369863013696,0.11428571428571428,0.09344439736356946,0.04525856204438605,nonhydro_winter_run028.nc
greedy,15,1,False,455,455.0,,100.95504928114029,491.3667410713349,210.02063042661615,2.3396117803913774,0.0,nan,86.60754250731355,0.5318681318681319,0.002197802197802198,0.25225225225225223,0.8021978021978022,1.4304622879614328,0.09030341121004648,nonhydro_winter_run028.nc
greedy,16,0,False,259,259.0,,89.30185692233505,301.43404470541554,136.60691303965362,2.2065797257121,0.0,nan,41.543420253052176,0.5482625482625483,0.007722007722007722,0.4504950495049505,0.0,2.9906681892009317,0.451998485167156,nonhydro_winter_run017.nc
greedy,16,1,True,259,259.0,259,88.38699606330792,367.38158556869996,231.3095326425925,1.5882682454611974,0.2405863536314333,0.2405863536314333,2.7476120678855613,0.6833976833976834,0.0,0.049773755656108594,0.49034749034749037,0.1164193255753645,0.030921709838684475,nonhydro_winter_run017.nc
greedy,17,0,False,77,77.0,,39.091845156015985,75.99936083122176,29.38127085292339,2.586660094168798,0.0,nan,35.20766797492463,0.4935064935064935,0.0,0.15625,0.0,0.832739003425921,0.07468937755461169,nonhydro_winter_run023.nc
greedy,17,1,True,77,77.0,77,48.697133970214786,89.59195948098625,68.51239740868866,1.3076751488720246,0.5435435752529734,0.5435435752529734,3.1042928468435034,0.987012987012987,0.0,0.0,0.012987012987012988,0.05559064343258768,0.042156200727351156,nonhydro_winter_run023.nc
greedy,18,0,False,39,39.0,,287.8395908715486,47.31509013527065,37.50272813137202,1.2616439521286542,0.0,nan,273.65062179400906,0.5384615384615384,0.0,0.0,0.0,1.507592856844461,0.23026455918956967,nonhydro_winter_run027.nc
greedy,18,1,True,39,39.0,39,29.100150752272448,52.57555017571155,46.50493328385076,1.1305370519468922,0.5534920824416958,0.5534920824416958,1.7546415343058441,0.9487179487179487,0.0,0.0,0.358974358974359,0.10447648881635274,0.043992502065464456,nonhydro_winter_run027.nc
greedy,19,0,False,457,457.0,,144.25421938072498,503.85994682790766,51.93656429920574,9.701449328168462,0.0,nan,114.25757689943323,0.4288840262582057,0.0175054704595186,0.37393767705382436,0.19037199124726478,1.5722210589509018,0.08457606655701011,nonhydro_winter_run018.nc
greedy,19,1,True,457,457.0,457,13.760239785102403,518.4039009868098,281.8900368109437,1.8390288172351754,0.026543472683961372,0.026543472683961372,6.736048963153808,0.4288840262582057,0.00437636761487965,0.06069364161849711,0.7855579868708972,0.13300193260127458,0.04276464487379272,nonhydro_winter_run018.nc
greedy,20,0,False,190,190.0,,20.574159194352205,198.26693710835525,35.92384908133123,5.5190894678206925,0.0,nan,4.856639527538699,0.47368421052631576,0.010526315789473684,0.18181818181818182,0.24736842105263157,1.3113882099757603,0.21460409545858727,nonhydro_winter_run027.nc
greedy,20,1,True,190,190.0,190,67.12760054420819,217.13608184628634,116.90962369781424,1.8572986121958235,0.3091499117669847,0.3091499117669847,3.126019223633371,0.7789473684210526,0.010526315789473684,0.10457516339869281,0.09473684210526316,0.12612610461502527,0.017694264916502056,nonhydro_winter_run027.nc
greedy,21,0,True,157,157.0,157,133.92763805229183,231.741775223402,173.2482210276556,1.3376285992940098,0.5779175460409928,0.5779175460409928,3.4478211350360066,0.8789808917197452,0.0,0.08064516129032258,0.4585987261146497,0.14913253697692852,0.002636100094655758,nonhydro_winter_run010.nc
greedy,21,1,False,157,157.0,,200.0238590128279,187.1807350442499,120.4269693185425,1.554309106203083,0.0,nan,137.4816085317087,0.8598726114649682,0.0,0.014705882352941176,0.445859872611465,1.2590301210764707,0.002679920095195021,nonhydro_winter_run010.nc
greedy,22,0,True,22,22.0,22,11.485328904564758,19.56667965796305,10.575321300413181,1.8502208209218733,0.5869840517315658,0.5869840517315658,1.7741222199075088,0.9090909090909091,0.0,0.0,0.13636363636363635,0.12257469983763514,0.04210720354332609,nonhydro_winter_run024.nc
greedy,22,1,False,22,22.0,,407.07090879313483,32.18544816327992,30.77463493058753,1.0458433783495562,0.0,nan,395.0472691024429,0.8636363636363636,0.0,0.0,0.0,2.310070206609545,0.08679542718138511,nonhydro_winter_run024.nc
greedy,23,0,True,893,893.0,893,65.51304943591566,1119.063999563806,373.125738988678,2.999160558038486,0.05854271914872755,0.05854271914872755,2.4745735811603127,0.5509518477043673,0.006718924972004479,0.3497191011235955,0.0671892497200448,0.13986858544078018,0.01464683088774199,nonhydro_winter_run002.nc
greedy,23,1,False,893,893.0,,49.98935515853866,925.1311328483225,266.3007369735363,3.474008909484384,0.0,nan,6.109610280370305,0.49720044792833146,0.012318029115341545,0.4619883040935672,0.055991041433370664,2.2772203023856505,0.22414374554662286,nonhydro_winter_run002.nc
greedy,24,0,True,45,45.0,45,33.07944528139917,52.33123922062061,38.41406357869216,1.3622937628928211,0.6321166051876054,0.6321166051876054,3.601220656797062,0.8888888888888888,0.0,0.06818181818181818,0.022222222222222223,0.12630606978439118,0.04616156597856769,nonhydro_winter_run012.nc
greedy,24,1,False,45,45.0,,280.54363847938816,46.89470846217108,35.23417661006325,1.3309437873674466,0.0,nan,245.54909310189237,0.8222222222222222,0.08888888888888889,0.05263157894736842,0.0,2.2981695288180504,0.41470900942935707,nonhydro_winter_run012.nc
greedy,25,0,False,3600,3600.0,,584.2472103899926,3442.293848613207,517.7458896316726,6.648616469098527,0.0,nan,65.92611124322876,0.5544444444444444,0.018333333333333333,0.41530882910193256,0.001388888888888889,1.627353429539646,0.15041357841299774,nonhydro_winter_run016.nc
greedy,25,1,False,3600,3600.0,,110.37171359115115,3705.7543039494512,224.93384912157697,16.474862802647756,0.0,nan,20.50872165806212,0.5519444444444445,0.017777777777777778,0.4418429003021148,0.04055555555555555,1.6984613286752435,0.12787133100730053,nonhydro_winter_run016.nc
greedy,26,0,True,521,521.0,521,188.42092347628088,683.8385785490079,425.16670178570206,1.6084010711019532,0.2755342114159146,0.2755342114159146,5.20858849093795,0.7293666026871402,0.005758157389635317,0.1827956989247312,0.761996161228407,0.14581698208055371,0.004462270509442701,nonhydro_winter_run026.nc
greedy,26,1,False,521,521.0,,251.3859488416246,730.6586218127123,521.0546905033841,1.4022685816470295,0.0,nan,249.77890627149128,0.3781190019193858,0.0019193857965451055,0.3222748815165877,0.11324376199616124,2.739791424465892,0.4106686903079304,nonhydro_winter_run026.nc
greedy,27,0,True,40,40.0,40,43.7349187030906,47.508198125955445,43.9746570521153,1.0803540336801825,0.9205762463804459,0.9205762463804459,4.819454145636963,1.0,0.0,0.0,0.025,0.126861293888183,0.04988062142600569,nonhydro_winter_run001.nc
greedy,27,1,False,40,40.0,,82.24920960861316,51.15503719461514,48.17055368722371,1.0619565954497843,0.0,nan,34.1821846459216,1.0,0.0,0.0,0.0,0.517104935707529,0.09944750721900575,nonhydro_winter_run001.nc
greedy,28,0,False,30,30.0,,74.07605505031772,38.177873847428266,37.827218535752486,1.0092699205823012,0.0,nan,38.21964121939899,1.0,0.0,0.0,0.0,1.0070641633458735,0.26637155074769614,nonhydro_winter_run020.nc
greedy,28,1,True,30,30.0,30,10.67275109748768,59.77230888914904,54.78475631955911,1.0910390572972082,0.1785567814902528,0.1785567814902528,3.368354329846151,0.7,0.0,0.05555555555555555,0.16666666666666666,0.09453877001288191,0.03719881365155375,nonhydro_winter_run020.nc
greedy,29,0,True,49,49.0,49,60.24762598902445,64.46502060131198,60.90748821987089,1.0584087849526596,0.9345785579070816,0.9345785579070816,4.444209678691429,0.9795918367346939,0.0,0.0,0.02040816326530612,0.0951798015361831,0.04525000173310045,nonhydro_winter_run029.nc
greedy,29,1,False,49,49.0,,346.27587445033254,67.69768715623331,56.42098602932828,1.1998671402347216,0.0,nan,341.9375115727749,0.3469387755102041,0.0,0.0,0.20408163265306123,0.6864784489036708,0.03602127748865114,nonhydro_winter_run029.nc
greedy,30,0,False,79,79.0,,37.430476455508746,75.2996276783791,45.00476076003755,1.6731480493779713,0.0,nan,13.090643091990378,0.4936708860759494,0.0,0.034482758620689655,0.7974683544303798,0.4739541989373137,0.006249820045396648,nonhydro_winter_run004.nc
greedy,30,1,True,79,79.0,79,70.34443304218685,84.39051761191975,80.46802260864993,1.0487460096086438,0.8335584972434278,0.8335584972434278,4.182028555836839,1.0,0.0,0.0,0.13924050632911392,0.11924448970146528,0.0023185484877603635,nonhydro_winter_run004.nc
greedy,31,0,True,120,120.0,120,21.20998363469815,140.14174513098874,70.54360798099613,1.9865973564712167,0.15134664988561006,0.15134664988561006,3.6723618176077926,0.5083333333333333,0.008333333333333333,0.3424657534246575,0.925,0.12930975936074418,0.009899010803448571,nonhydro_winter_run017.nc
greedy,31,1,False,120,120.0,,455.6004245256207,134.01868948375267,92.33581207002875,1.45142698676989,0.0,nan,448.7966547464246,0.5166666666666667,0.0,0.058823529411764705,0.2,1.5579901907106901,0.12618672023482103,nonhydro_winter_run017.nc
greedy,32,0,True,390,390.0,390,89.99275854018795,440.1419328386778,191.22734776755135,2.3016683438694003,0.2044630420914073,0.2044630420914073,3.0999070355413174,0.6153846153846154,0.002564102564102564,0.23202614379084968,0.7076923076923077,0.10132077346047907,0.007749643281386165,nonhydro_winter_run027.nc
greedy,32,1,False,390,390.0,,88.34160600178073,382.14865586087444,145.0379630455824,2.6348181388949397,0.0,nan,31.37973304319021,0.5461538461538461,0.01282051282051282,0.4984520123839009,0.06666666666666667,1.2152841433118482,0.20785097294193744,nonhydro_winter_run027.nc
greedy,33,0,False,390,390.0,,476.47956224846666,540.3470072638718,458.4169299852225,1.1787239343042815,0.0,nan,222.92753516746902,0.8538461538461538,0.002564102564102564,0.3277777777777778,0.04871794871794872,2.104181714316155,0.10677647452130778,nonhydro_winter_run027.nc
greedy,33,1,True,390,390.0,390,350.00868887035966,634.4905385089342,524.0028186410614,1.2108532930307694,0.5516373651416258,0.5516373651416258,0.3857141077689239,0.8589743589743589,0.0,0.1958762886597938,0.33589743589743587,0.07303702824761871,0.004270138851467098,nonhydro_winter_run027.nc
greedy,34,0,True,445,445.0,445,239.32912046608672,586.5317023191983,411.09289264713243,1.4267619625879944,0.40804123548609256,0.40804123548609256,3.3990032151053162,0.7528089887640449,0.015730337078651686,0.1398176291793313,0.7213483146067415,0.11101372069899895,0.047680972207807204,nonhydro_winter_run002.nc
greedy,34,1,False,445,445.0,,70.17167430628596,445.21553298650383,230.1101355494825,1.9347932324813457,0.0,nan,70.17167430628596,0.5955056179775281,0.0,0.12628865979381443,0.1842696629213483,0.36174345458514523,0.02778412294303456,nonhydro_winter_run002.nc
greedy,35,0,False,3600,3600.0,,78.87191820740848,3541.025958864047,498.7600061658386,7.099658984458849,0.0,nan,73.27752751520622,0.47583333333333333,0.014722222222222222,0.3614374568071873,0.09166666666666666,1.033734346065124,0.21544913736480387,nonhydro_winter_run004.nc
greedy,35,1,False,3600,3600.0,,82.8930124461748,2171.979465736547,145.42145666763724,14.935756493628283,0.0,nan,11.722705155081725,0.46416666666666667,0.0,0.0689919509390571,0.9336111111111111,0.4282357360531748,0.03790144412026719,nonhydro_winter_run004.nc
greedy,36,0,True,623,623.0,623,383.01970888151095,890.721707461202,534.3483772991649,1.6669306866118072,0.4300105248060259,0.4300105248060259,2.1952049452457456,0.7592295345104334,0.019261637239165328,0.4245810055865922,0.012841091492776886,0.11179278456981478,0.006702661543043553,nonhydro_winter_run012.nc
greedy,36,1,False,623,623.0,,50.09391069343616,639.5087304529629,297.8347921260506,2.1471928309245616,0.0,nan,23.238917430900816,0.536115569823435,0.006420545746388443,0.23577235772357724,0.5890850722311396,1.5596869517669703,0.20637583260716852,nonhydro_winter_run012.nc
greedy,37,0,False,18,18.0,,262.0194585242265,20.754370328990053,15.182423916255324,1.3669997915661563,0.0,nan,254.69361596561913,0.7222222222222222,0.16666666666666666,0.4,0.0,3.408158690759116,0.3092617722265144,nonhydro_winter_run005.nc
greedy,37,1,True,18,18.0,18,13.118195321863205,14.294319999498256,14.268574239147942,1.0018043681112636,0.9177208375301285,0.9177208375301285,2.551413638016227,1.0,0.0,0.0,0.05555555555555555,0.060951366488083636,0.04493148713367001,nonhydro_winter_run005.nc
greedy,38,0,False,718,718.0,,209.67285869749327,759.7854047312022,382.7753960350409,1.9849379364541189,0.0,nan,40.54194006384252,0.6559888579387186,0.008356545961002786,0.2789473684210526,0.0,1.500128868536585,0.13356838555426698,nonhydro_winter_run008.nc
greedy,38,1,True,718,718.0,718,389.4610991392443,989.6317146042758,618.2820949973427,1.6006151926630336,0.3935414491995926,0.3935414491995926,3.6528324620904034,0.7896935933147632,0.002785515320334262,0.3542757417102967,0.006963788300835654,0.09361342007603213,0.019453801720965003,nonhydro_winter_run008.nc
greedy,39,0,True,1189,1189.0,1189,377.2725494551172,1374.6403833189456,495.4416646798379,2.774575659088461,0.27445181593183415,0.27445181593183415,2.226180184486527,0.6820857863751051,0.010933557611438183,0.3108974358974359,0.11101766190075694,0.13402931606864854,0.030275530200421064,nonhydro_winter_run030.nc
greedy,39,1,False,1189,1189.0,,331.1009189154577,1209.9240326774982,293.9330157589275,4.11632571983622,0.0,nan,121.82060473998035,0.5508830950378469,0.0159798149705635,0.4820846905537459,0.009251471825063078,1.441250210600451,0.13432595217318888,nonhydro_winter_run030.nc
greedy,40,0,False,3600,3600.0,,535.0459182449382,913.953105473901,745.5700316959586,1.2258447451206147,0.0,nan,56.34935385835436,0.9047222222222222,0.0011111111111111111,0.03247863247863248,0.0,2.6075377100204236,0.4712614944967404,nonhydro_winter_run017.nc
greedy,40,1,False,3600,3600.0,,216.0165674784657,4323.880093643211,87.13339721926296,49.62368312993209,0.0,nan,27.599147696436113,0.48333333333333334,0.0044444444444444444,0.2549019607843137,0.22944444444444445,3.9301126282509813,0.4712614944967404,nonhydro_winter_run017.nc
greedy,41,0,False,800,800.0,,272.8120462694022,964.6033502238591,457.42287709785035,2.1087781099709066,0.0,nan,30.53928154626381,0.65125,0.00375,0.3754152823920266,0.2025,0.48495330774129997,0.01851216308036474,nonhydro_winter_run020.nc
greedy,41,1,True,800,800.0,800,103.68107507290459,900.8505816484425,144.7079465921432,6.225301394037979,0.11509242174565881,0.11509242174565881,1.6998849440399202,0.6075,0.0175,0.29623567921440264,0.27125,0.1273796588120817,0.049027418254488864,nonhydro_winter_run020.nc
greedy,42,0,True,3,3.0,3,5.3259419228638905,4.145689574589092,3.7131726779392724,1.116481762138209,1.0,1.2846938553984186,3.83716305539372,1.0,0.0,0.0,1.0,0.1236390709291797,0.014968095455479058,nonhydro_winter_run003.nc
greedy,42,1,False,3,3.0,,57.03157426487188,4.371649872651121,3.554074782318934,1.2300387978327068,0.0,nan,55.13761574157601,1.0,0.0,0.0,0.0,1.3660214680605094,0.07460646439026752,nonhydro_winter_run003.nc
greedy,43,0,False,3600,3600.0,,876.5376197644165,2741.8804068044283,49.19525365033878,55.73465331214014,0.0,nan,874.3064895444596,0.5352777777777777,0.0225,0.4541452677916361,0.0,2.750394985641428,0.2559297029254871,nonhydro_winter_run016.nc
greedy,43,1,False,3600,3600.0,,225.02833805208815,3712.4308129827787,85.28825007606909,43.528045301335645,0.0,nan,225.02833805208815,0.46305555555555555,0.016944444444444446,0.37015145917990394,0.03861111111111111,1.8258754938404778,0.24139755390513606,nonhydro_winter_run016.nc
greedy,44,0,True,11,11.0,11,8.204506073222788,16.860315139310238,14.99011032009976,1.1247625787451865,0.4866164128862444,0.4866164128862444,2.3818580609341806,0.7272727272727273,0.0,0.0,1.0,0.12388358502349206,0.015848454711790638,nonhydro_winter_run021.nc
greedy,44,1,False,11,11.0,,51.2989785853699,11.928570624851627,9.530973267367965,1.251558501972986,0.0,nan,45.579790880759994,0.5454545454545454,0.0,0.5714285714285714,0.0,1.7289768885198313,0.2972517817466529,nonhydro_winter_run021.nc
greedy,45,0,True,9,9.0,9,5.8376365304645965,16.25055213476604,16.048248438779442,1.0126059673588892,0.3592269654626502,0.3592269654626502,0.9058915548612102,0.7777777777777778,0.0,0.0,1.0,0.14548297224906293,0.032754586104722816,nonhydro_winter_run028.nc
greedy,45,1,False,9,9.0,,26.31887532068811,10.878810074704887,10.872003076540757,1.0006261034067234,0.0,nan,17.933459404873087,1.0,0.0,0.0,0.6666666666666666,0.37069764746331657,0.018960743282259385,nonhydro_winter_run028.nc
greedy,46,0,False,43,43.0,,226.17350812644702,63.61217042912099,54.66641765322819,1.1636425644833621,0.0,nan,225.0302095912372,0.4186046511627907,0.0,0.0,0.8372093023255814,1.1374223066851243,0.034682586705281016,nonhydro_winter_run016.nc
greedy,46,1,True,43,43.0,43,8.64526887489224,46.61434614138943,25.061232662186764,1.860018091277798,0.18546369498929866,0.18546369498929866,4.590508160380232,0.46511627906976744,0.0,0.024390243902439025,0.6976744186046512,0.14893551691184115,0.011383037860494105,nonhydro_winter_run016.nc
greedy,47,0,True,790,790.0,790,205.97335147168872,769.2311080141851,315.59842360460607,2.4373730997399012,0.2677652389844463,0.2677652389844463,3.9942726454713444,0.7113924050632912,0.0,0.12752721617418353,0.7683544303797468,0.14334787568571272,0.013912543188300153,nonhydro_winter_run003.nc
greedy,47,1,False,790,790.0,,512.0119241285695,867.8589863520136,81.06511503750347,10.705702273419492,0.0,nan,512.0119241285695,0.46582278481012657,0.024050632911392405,0.376953125,0.0,1.8236854872319839,0.08029869880268403,nonhydro_winter_run003.nc
greedy,48,0,False,3600,3600.0,,382.42890865012197,2206.095058175767,700.7822828599999,3.14804627932709,0.0,nan,84.76907350449811,0.5225,0.0044444444444444444,0.11918419375398343,0.09111111111111111,2.1738408234737676,0.12591133207991057,nonhydro_winter_run004.nc
greedy,48,1,False,3600,3600.0,,154.64806130994012,2243.9460981645657,256.51781575233684,8.747720276594954,0.0,nan,40.03478181490424,0.5266666666666666,0.0030555555555555557,0.28778399736582155,0.006111111111111111,2.9165386716674107,0.3783217877205678,nonhydro_winter_run004.nc
greedy,49,0,False,87,87.0,,33.041621522841155,93.65368211741362,40.393353483777396,2.318541889695452,0.0,nan,32.41798799852989,0.5632183908045977,0.011494252873563218,0.42857142857142855,0.0,1.5615955119973464,0.23613446883046574,nonhydro_winter_run002.nc
greedy,49,1,True,87,87.0,87,55.373529757665615,83.39088489207717,60.98932338483686,1.3673030009840996,0.6640237698560093,0.6640237698560093,4.5542217607373505,1.0,0.0,0.0,0.011494252873563218,0.07661953330366345,0.04955302389000715,nonhydro_winter_run002.nc
greedy,50,0,True,327,327.0,327,89.71951943625653,585.1402743049521,363.1410131046442,1.6113307315589156,0.15332993365194045,0.15332993365194045,3.481496990692725,0.636085626911315,0.0,0.17410714285714285,0.06116207951070336,0.06970501464864043,0.027417139104472188,nonhydro_winter_run024.nc
greedy,50,1,False,327,327.0,,26.301029833519035,335.0561921377779,65.00739768435609,5.154124054690602,0.0,nan,1.5333874651972155,0.4984709480122324,0.0030581039755351682,0.26171875,0.8929663608562691,0.41925741968746166,0.025539539527607014,nonhydro_winter_run024.nc
greedy,51,0,False,3600,3600.0,,385.15295163037155,3848.6343338336173,377.32611919936795,10.199755961765565,0.0,nan,155.18518873600343,0.5363888888888889,0.018055555555555554,0.40957252466203875,0.034722222222222224,1.0672887886130198,0.19300901739834286,nonhydro_winter_run012.nc
greedy,51,1,False,3600,3600.0,,142.45016361246093,3652.389114916894,702.1427396149958,5.201775805471691,0.0,nan,95.27587864786162,0.4222222222222222,0.01861111111111111,0.4412878787878788,0.011666666666666667,3.390568940761419,0.3479596767985734,nonhydro_winter_run012.nc
greedy,52,0,True,6,6.0,6,6.3923121932077,7.237553246833476,7.220283589914118,1.002391825293882,0.8832145305465519,0.8832145305465519,3.856206210564307,0.6666666666666666,0.0,0.0,0.16666666666666666,0.11359358005080367,0.047371251275658555,nonhydro_winter_run029.nc
greedy,52,1,False,6,6.0,,12.958596140922346,7.704854211178579,7.704171150952603,1.0000886610918414,0.0,nan,5.894256438985361,1.0,0.0,0.0,0.3333333333333333,0.447092049990367,0.03783331126528644,nonhydro_winter_run029.nc
greedy,53,0,True,58,58.0,58,24.087794697656598,79.40951912526144,67.40216612632179,1.1781449126788606,0.30333636273077347,0.30333636273077347,3.1376970779523847,0.7413793103448276,0.0,0.0,0.43103448275862066,0.1498429372552934,0.011771486449298929,nonhydro_winter_run023.nc
greedy,53,1,False,58,58.0,,201.38652126670289,65.47783646429048,48.36055042022817,1.3539514313902952,0.0,nan,178.24322776283424,0.8620689655172413,0.0,0.18181818181818182,0.5344827586206896,1.7998411865267272,0.137639342588174,nonhydro_winter_run023.nc
greedy,54,0,False,16,16.0,,243.7905508119414,20.24026072117347,13.594841812291676,1.4888191418949346,0.0,nan,234.12273946816913,1.0,0.0,0.6363636363636364,0.0,3.878406594352242,0.33074673782016395,nonhydro_winter_run010.nc
greedy,54,1,True,16,16.0,16,2.099853649836796,21.94671976541339,18.603735957975818,1.179694219214306,0.09567961282059241,0.09567961282059241,2.099853649836796,0.5,0.0,0.0,1.0,0.14949268484291878,0.04203449312547214,nonhydro_winter_run010.nc
greedy,55,0,False,727,727.0,,134.09695864732817,683.6797965424381,175.24982646235787,3.9011724595874937,0.0,nan,80.62286996937493,0.4167812929848693,0.001375515818431912,0.3843537414965986,0.28473177441540576,0.8396219912462399,0.07076530463531583,nonhydro_winter_run029.nc
greedy,55,1,True,727,727.0,727,87.06747361328013,876.275179974785,452.8492968617825,1.9350260363598168,0.09936088069478986,0.09936088069478986,3.9803571813717182,0.5598349381017882,0.005502063273727648,0.09225092250922509,0.5199449793672627,0.018652609665217312,0.04657563273256782,nonhydro_winter_run029.nc
greedy,56,0,False,43,43.0,,235.80672592611737,47.14525171523504,32.57983765956255,1.4470683435525769,0.0,nan,223.44978886188682,0.6744186046511628,0.0,0.26666666666666666,0.0,1.2596386781406963,0.1596845374392114,nonhydro_winter_run012.nc
greedy,56,1,True,43,43.0,43,51.637507590160766,56.81151767247016,55.514116013385426,1.0233706623153633,0.9089267406630711,0.9089267406630711,3.056265142217915,0.9767441860465116,0.0,0.0,0.20930232558139536,0.10584542111364215,0.014899030668538593,nonhydro_winter_run012.nc
greedy,57,0,False,26,26.0,,336.3393753284035,32.894729701513626,23.715204893206113,1.387073392350797,0.0,nan,316.4993232369481,1.0,0.038461538461538464,0.25,0.0,2.522775609906155,0.376406614735443,nonhydro_winter_run002.nc
greedy,57,1,True,26,26.0,26,12.371705897982238,36.44329379124658,27.913060449556873,1.3056000740981137,0.33947825816320243,0.33947825816320243,1.4673280476141233,0.7692307692307693,0.0,0.0,0.7307692307692307,0.13973281194795817,0.009381535053280876,nonhydro_winter_run002.nc
greedy,58,0,False,52,52.0,,81.206395567752,59.4239214018055,56.77343772331,1.0466852772138415,0.0,nan,55.61556044931277,0.9615384615384616,0.0,0.0,0.0,0.4922274769953532,0.08084717257518981,nonhydro_winter_run016.nc
greedy,58,1,True,52,52.0,52,69.92813182600145,73.61559533017089,72.14304003272329,1.0204116058427766,0.9499092075852824,0.9499092075852824,3.226688317443967,1.0,0.0,0.0,0.019230769230769232,0.04623058152299109,0.047250946484255874,nonhydro_winter_run016.nc
greedy,59,0,True,939,939.0,939,93.84998094649599,1081.2119728225182,312.0554449877217,3.464807264827762,0.08680072299005288,0.08680072299005288,2.000219077725317,0.5835995740149095,0.010649627263045794,0.36314363143631434,0.042598509052183174,0.02999814111172583,0.037536801898639616,nonhydro_winter_run024.nc
greedy,59,1,False,939,939.0,,352.4045034310588,1003.1291354387008,343.49553447526927,2.920355680812856,0.0,nan,145.9360245953494,0.650692225772098,0.024494142705005325,0.38283378746594005,0.0,2.414060811711117,0.4615665418442523,nonhydro_winter_run024.nc
greedy,60,0,True,523,523.0,523,48.16166808595784,563.8817632346395,411.55059833134806,1.3701395782703891,0.0854109340399382,0.0854109340399382,3.421774795311938,0.5965583173996176,0.0038240917782026767,0.2943820224719101,0.0019120458891013384,0.13611980905178456,0.048012096754926015,nonhydro_winter_run006.nc
greedy,60,1,False,523,523.0,,87.94796716885928,532.3622949462076,127.74072370279329,4.16752214575536,0.0,nan,87.94796716885928,0.44550669216061184,0.01338432122370937,0.2607655502392344,0.14531548757170173,1.4595523996240942,0.10453020828835158,nonhydro_winter_run006.nc
greedy,61,0,True,14,14.0,14,14.324622636885179,22.22291121376683,21.52934102792506,1.0322151144775942,0.6445880334531168,0.6445880334531168,2.098582673357379,1.0,0.0,0.0,0.5714285714285714,0.14950885787996526,0.011047132309019214,nonhydro_winter_run013.nc
greedy,61,1,False,14,14.0,,50.830107686881405,18.163853648332932,14.896399868127011,1.2193451981103909,0.0,nan,42.43711919751562,1.0,0.0,0.0,0.0,1.5489219360205624,0.12539279530598824,nonhydro_winter_run013.nc
greedy,62,0,True,582,582.0,582,390.6587645876124,843.4070164922728,714.1372800690889,1.1810152473914788,0.4631912670259266,0.4631912670259266,2.446353274112632,0.8109965635738832,0.018900343642611683,0.3558648111332008,0.027491408934707903,0.08065085591685772,0.04803813942602653,nonhydro_winter_run014.nc
greedy,62,1,False,582,582.0,,95.17488079258307,606.8727456644876,309.9966535840421,1.9576751511608188,0.0,nan,14.146902551099261,0.5584192439862543,0.005154639175257732,0.2581888246628131,0.10481099656357389,1.9832130363220841,0.19363510580761623,nonhydro_winter_run014.nc
greedy,63,0,True,578,578.0,578,35.8770531974533,616.3685354624995,231.93802698947732,2.657470805727183,0.058207145779322636,0.058207145779322636,1.0602327138111407,0.5553633217993079,0.02422145328719723,0.3611111111111111,0.23529411764705882,0.147189993826224,0.016818362315737967,nonhydro_winter_run014.nc
greedy,63,1,False,578,578.0,,62.10620513583713,754.7362392254762,75.60240429629164,9.982966100755299,0.0,nan,31.499414175354882,0.458477508650519,0.005190311418685121,0.3081896551724138,0.29238754325259514,1.5734110877305554,0.06546069176498504,nonhydro_winter_run014.nc
greedy,64,0,False,309,309.0,,376.65752783160946,281.7325544721174,79.86933389801816,3.5274183559844134,0.0,nan,358.35541752944687,0.6472491909385113,0.0,0.1732283464566929,0.7669902912621359,1.5595752356799082,0.0316438035711889,nonhydro_winter_run016.nc
greedy,64,1,True,309,309.0,309,114.30186322374387,344.34076593759556,205.36799587654454,1.6767012039431572,0.33194403489379076,0.33194403489379076,5.324767172617833,0.7378640776699029,0.003236245954692557,0.1906779661016949,0.7508090614886731,0.14686511803015634,0.049119337063401436,nonhydro_winter_run016.nc
greedy,65,0,True,111,111.0,111,72.48185956163597,144.161230754426,108.23585930152959,1.3319174595622092,0.5027833016014305,0.5027833016014305,2.0152154418121095,0.8828828828828829,0.0,0.01098901098901099,0.4954954954954955,0.14483044591672467,0.014646335725322035,nonhydro_winter_run006.nc
greedy,65,1,False,111,111.0,,82.39098018402655,150.36312647054768,90.52448339192269,1.6610216467025347,0.0,nan,6.312590732194426,0.918918918918919,0.0,0.01098901098901099,0.34234234234234234,0.5699328057932718,0.01515225526886288,nonhydro_winter_run006.nc
greedy,66,0,False,3600,3600.0,,275.89032132676607,3831.06369271132,292.78936232156366,13.084709302053648,0.0,nan,275.89032132676607,0.4625,0.023333333333333334,0.39890909090909094,0.041944444444444444,1.6231434233499158,0.19019600596682606,nonhydro_winter_run029.nc
greedy,66,1,False,3600,3600.0,,129.41624764575843,3106.131200246923,169.245946782903,18.3527656602096,0.0,nan,73.3774189161124,0.3763888888888889,0.0044444444444444444,0.38716216216216215,0.08861111111111111,1.9891810995010744,0.07611366147238163,nonhydro_winter_run029.nc
greedy,67,0,True,41,41.0,41,41.47822793222136,56.970331467101154,55.39510911412738,1.0284361269102014,0.7280671687187554,0.7280671687187554,1.8663833516753354,0.975609756097561,0.0,0.0,0.24390243902439024,0.1482189926296229,0.011901345577209455,nonhydro_winter_run024.nc
greedy,67,1,False,41,41.0,,59.50626427694848,50.39512706147561,47.61039979213154,1.0584898946764212,0.0,nan,26.301006410793885,0.9512195121951219,0.0,0.0,0.24390243902439024,0.3167659907151332,0.01626045713502111,nonhydro_winter_run024.nc
greedy,68,0,False,332,332.0,,37.69650677060662,356.6511179772144,150.64193740484072,2.367542027946288,0.0,nan,37.69650677060662,0.3042168674698795,0.018072289156626505,0.41338582677165353,0.0,1.9855299185817614,0.2041979624450454,nonhydro_winter_run015.nc
greedy,68,1,True,332,332.0,332,57.26553668032155,470.9686789131682,348.87132366688456,1.3499781924262333,0.12159096611789659,0.12159096611789659,2.7474044544421927,0.5933734939759037,0.0,0.05785123966942149,0.8674698795180723,0.1483793010605936,0.0019139384570793228,nonhydro_winter_run015.nc
greedy,69,0,False,291,291.0,,24.152525634853546,341.39801664880264,202.4508819837611,1.6863251634348855,0.0,nan,15.278568435487347,0.23024054982817868,0.006872852233676976,0.23140495867768596,0.3848797250859107,1.0850687199720355,0.3031755525022378,nonhydro_winter_run002.nc
greedy,69,1,True,291,291.0,291,56.10432410268892,271.10364990448596,148.01836537318397,1.8315541400621425,0.20694787444748658,0.20694787444748658,4.338061810019427,0.5395189003436426,0.0,0.07531380753138076,0.7594501718213058,0.14955862509921047,0.03158567530285783,nonhydro_winter_run002.nc
greedy,70,0,False,13,13.0,,74.39116659089069,16.452493269769175,14.12371202856218,1.1648845032026662,0.0,nan,65.2700126381228,1.0,0.0,0.0,0.0,1.1505263117700153,0.4210575936856463,nonhydro_winter_run020.nc
greedy,70,1,True,13,13.0,13,14.542235868628723,22.950089143518053,22.9348080885925,1.0006662822233579,0.6336461604871798,0.6336461604871798,2.694428213128828,0.9230769230769231,0.0,0.0,0.23076923076923078,0.1040603295856215,0.028630649699149524,nonhydro_winter_run020.nc
greedy,71,0,False,5,5.0,,46.25046203475551,4.4092595337041605,2.3868996217759064,1.8472748051397208,0.0,nan,44.010381115344444,1.0,0.0,0.0,0.0,0.47754947168931494,0.1909656393924839,nonhydro_winter_run029.nc
greedy,71,1,True,5,5.0,5,7.270694846484107,6.4161455551319095,6.415534752606943,1.0000952067985787,1.0,1.1331873293723351,3.0735402709841098,1.0,0.0,0.0,0.2,0.11391762956519358,0.0464867085959948,nonhydro_winter_run029.nc
greedy,72,0,False,50,50.0,,49.00278790395686,60.712606825623816,49.894800367059986,1.2168123006602032,0.0,nan,8.185245862626237,0.94,0.0,0.061224489795918366,0.0,0.17813811286450232,0.057861837356742885,nonhydro_winter_run029.nc
greedy,72,1,True,50,50.0,50,55.00621096948536,59.946506297667185,55.885695588913386,1.0726627926155647,0.9175882693872007,0.9175882693872007,3.3426753920686822,1.0,0.0,0.0,0.02,0.09364922937109554,0.04572430348294887,nonhydro_winter_run029.nc
greedy,73,0,True,147,147.0,147,54.484707967509145,187.87528836533164,142.7234906521198,1.3163585581245816,0.2900046538401648,0.2900046538401648,2.714437686145389,0.7346938775510204,0.0,0.024,0.4013605442176871,0.1189971954289959,0.003364256547255917,nonhydro_winter_run025.nc
greedy,73,1,False,147,147.0,,486.72554257166604,168.93991157839116,91.43294984837125,1.8476917988378845,0.0,nan,437.0446840812932,0.8299319727891157,0.0,0.25,0.0,3.52436721973541,0.3642237531228053,nonhydro_winter_run025.nc
greedy,74,0,True,19,19.0,19,11.064834250023528,19.41239501207533,13.73181572478356,1.413680128043031,0.5699881051843801,0.5699881051843801,3.7724428589434438,0.8421052631578947,0.0,0.0,1.0,0.14740679511762522,0.036480036317989906,nonhydro_winter_run006.nc
greedy,74,1,False,19,19.0,,417.1299973913944,28.247351655052906,23.463222167856873,1.2038990831255048,0.0,nan,399.59579470634986,1.0,0.0,0.0,0.0,1.515374109939252,0.12888101850636624,nonhydro_winter_run006.nc
greedy,75,0,False,110,110.0,,119.15688672069626,121.13539798896959,83.84203592622964,1.444805062886991,0.0,nan,115.37981685094019,0.5363636363636364,0.0,0.043010752688172046,0.0,1.1709567077521044,0.15631437497945322,nonhydro_winter_run020.nc
greedy,75,1,True,110,110.0,110,87.73703583139894,133.78120750669504,103.35619072731126,1.2943705313178124,0.6558248162546161,0.6558248162546161,3.548363541033186,0.9818181818181818,0.0,0.0,0.00909090909090909,0.006387795097936078,0.04503502749784405,nonhydro_winter_run020.nc
greedy,76,0,False,217,217.0,,151.44409411340817,267.79733342626423,149.07391027517053,1.7964064465200256,0.0,nan,4.3351654564939395,0.9032258064516129,0.0,0.15760869565217392,0.21658986175115208,0.16969081811404862,0.01661248533073989,nonhydro_winter_run017.nc
greedy,76,1,True,217,217.0,217,123.21974667422205,306.9589862453722,193.7556529564528,1.5842582219490764,0.4014208809502795,0.4014208809502795,3.607064984070988,0.7096774193548387,0.0,0.01639344262295082,0.33640552995391704,0.1388851666421118,0.020379288913862426,nonhydro_winter_run017.nc
greedy,77,0,True,630,630.0,630,227.15577605030666,751.6842402758336,366.99956414189137,2.0481883732843165,0.3021957410826531,0.3021957410826531,3.8239192918781266,0.6888888888888889,0.015873015873015872,0.3161290322580645,0.007936507936507936,0.14024474275957033,0.018102257026788915,nonhydro_winter_run002.nc
greedy,77,1,False,630,630.0,,152.98944368478223,809.0793089473772,443.4395312084414,1.824553861363038,0.0,nan,136.25411165813802,0.3825396825396825,0.007936507936507936,0.448,0.14603174603174604,1.9097469206231281,0.21489052601114644,nonhydro_winter_run002.nc
greedy,78,0,False,278,278.0,,29.425077814404656,273.21127021423996,134.0483557730198,2.038154579656767,0.0,nan,29.176006117576755,0.21942446043165467,0.02877697841726619,0.2009132420091324,0.7841726618705036,1.6330602838431787,0.055682786755345104,nonhydro_winter_run022.nc
greedy,78,1,True,278,278.0,278,42.49199860909304,436.8489043012355,74.93731883681801,5.829524075347677,0.09726932628356111,0.09726932628356111,2.7866150991272036,0.5899280575539568,0.007194244604316547,0.24,0.381294964028777,0.14010116966931463,0.009939313735903177,nonhydro_winter_run022.nc
greedy,79,0,True,6,6.0,6,7.5727654249378675,10.890014379399839,10.875607831431207,1.0013246660041377,0.6953861731590488,0.6953861731590488,3.993142905281276,0.8333333333333334,0.0,0.0,0.8333333333333334,0.09549012651775968,0.0013929973687631936,nonhydro_winter_run004.nc
greedy,79,1,False,6,6.0,,30.4529504170783,6.935310849243961,6.305912717882893,1.0998107902090306,0.0,nan,29.08090095620577,1.0,0.0,0.0,0.0,1.484122095846324,0.18193275690351896,nonhydro_winter_run004.nc
greedy,80,0,False,426,426.0,,26.766388836206076,337.13297673821836,41.98549421722222,8.029748917423206,0.0,nan,26.766388836206076,0.5328638497652582,0.06338028169014084,0.38461538461538464,0.035211267605633804,1.6316685469236134,0.127115736904153,nonhydro_winter_run028.nc
greedy,80,1,True,426,426.0,426,83.68698477908858,491.2984825674538,211.7148403846107,2.320567049881524,0.17033837422365458,0.17033837422365458,4.355794660667649,0.6103286384976526,0.023474178403755867,0.23121387283236994,0.4014084507042254,0.13580272840619045,0.030439208023280484,nonhydro_winter_run028.nc
greedy,81,0,True,33,33.0,33,18.332861201169976,31.19604617433904,20.042071179293938,1.5565280601621954,0.5876661772686456,0.5876661772686456,1.988162540175605,0.9393939393939394,0.0,0.125,0.030303030303030304,0.019741008009056316,0.049288884164278235,nonhydro_winter_run002.nc
greedy,81,1,False,33,33.0,,76.52172249250741,45.69719761636124,41.36587955371155,1.1047075055427187,0.0,nan,76.52172249250741,0.030303030303030304,0.0,0.0,0.2727272727272727,1.058454130744309,0.008326605394977982,nonhydro_winter_run002.nc
greedy,82,0,False,1373,1373.0,,48.68404469800641,1385.743316100844,440.59032353331617,3.145196891724423,0.0,nan,45.96859108315443,0.3437727603787327,0.005826656955571741,0.3255605381165919,0.2046613255644574,2.955680260642339,0.4270479925193067,nonhydro_winter_run022.nc
greedy,82,1,True,1373,1373.0,1373,98.30255121374343,1682.447379173896,335.40555781820336,5.0161583192542585,0.05842830654353736,0.05842830654353736,3.9260084372778747,0.5251274581209031,0.004369992716678805,0.2681359044995409,0.18135469774217042,0.09309049915886902,0.04526684035718831,nonhydro_winter_run022.nc
greedy,83,0,False,3600,3600.0,,42.42605470599869,2978.400533695556,55.77412121853119,53.40111988543478,0.0,nan,10.48427608565437,0.4663888888888889,0.01611111111111111,0.2673382409918636,0.9569444444444445,0.6384681012366187,0.026904111443323053,nonhydro_winter_run023.nc
greedy,83,1,False,3600,3600.0,,66.35999969299411,3388.54295865338,60.76897369369588,55.76106938605258,0.0,nan,54.43191082941255,0.5475,0.020555555555555556,0.2660451774829688,0.5997222222222223,0.5291909906428316,0.10953600749444425,nonhydro_winter_run023.nc
greedy,84,0,False,176,176.0,,112.27623787450904,273.00841371454084,137.50147935013146,1.985494374350379,0.0,nan,112.27623787450904,0.4147727272727273,0.005681818181818182,0.140625,0.4034090909090909,1.605619498135681,0.004547154695158873,nonhydro_winter_run020.nc
greedy,84,1,True,176,176.0,176,25.350007127792146,243.08667792100408,142.19081004533513,1.7095807938888599,0.10428381902536897,0.10428381902536897,0.7477615412151588,0.5852272727272727,0.0,0.2867647058823529,0.08522727272727272,0.14352803923691226,0.04894101898419667,nonhydro_winter_run020.nc
greedy,85,0,True,57,57.0,57,35.032956104140524,71.24582987364161,60.03824474426542,1.1866740971045242,0.49171939138435744,0.49171939138435744,2.629075225995351,0.9122807017543859,0.0,0.0,0.017543859649122806,0.009857833521202508,0.04542847003627981,nonhydro_winter_run022.nc
greedy,85,1,False,57,57.0,,61.80602845508819,65.64483487041294,38.199431283321694,1.71847675907872,0.0,nan,50.694314485448324,0.6491228070175439,0.05263157894736842,0.575,0.0,2.890553063796773,0.3696113795416598,nonhydro_winter_run022.nc
greedy,86,0,True,704,704.0,704,182.03880648553744,931.6592422218287,540.3837723187731,1.7240696148666759,0.19539204704437835,0.19539204704437835,2.1772343674512054,0.6193181818181818,0.0,0.22847100175746923,0.2911931818181818,0.11845932128326098,0.04762595649744661,nonhydro_winter_run029.nc
greedy,86,1,False,704,704.0,,799.2486463175718,725.4348301774224,507.30898977504876,1.4299664401750405,0.0,nan,495.52540093319163,0.7088068181818182,0.0014204545454545455,0.37748344370860926,0.0,3.161919274365907,0.24992133258006044,nonhydro_winter_run029.nc
greedy,87,0,True,76,76.0,76,40.95338294667317,84.26429048822393,44.105643822155784,1.9105103833876036,0.48601112890633635,0.48601112890633635,1.748408138745346,0.8157894736842105,0.0,0.15625,0.013157894736842105,0.11572015205865682,0.04820919353277864,nonhydro_winter_run019.nc
greedy,87,1,False,76,76.0,,45.981254269231734,84.57709240807851,49.127818112074145,1.72157233230132,0.0,nan,42.2928538906495,0.5263157894736842,0.0,0.23333333333333334,0.0,2.015881732459448,0.27001606997455774,nonhydro_winter_run019.nc
greedy,88,0,False,3600,3600.0,,19.69356344803223,3260.9973697836963,312.24610645396376,10.443676646019233,0.0,nan,18.452802303781166,0.4658333333333333,0.024444444444444446,0.39512904398400583,0.07888888888888888,0.816629566298829,0.07527200033106907,nonhydro_winter_run016.nc
greedy,88,1,False,3600,3600.0,,438.261820261556,3052.2662878891547,390.9435946918772,7.807433935053478,0.0,nan,60.56131575188326,0.6369444444444444,0.011111111111111112,0.3697140555779299,0.3511111111111111,1.4240887290578144,0.04316814349632303,nonhydro_winter_run016.nc
greedy,89,0,True,68,68.0,68,76.94397958708085,79.15465565240072,77.80656125451087,1.0173262302838464,0.9720714334855068,0.9720714334855068,5.791629682120267,1.0,0.0,0.0,0.014705882352941176,0.12489068781718515,0.045855680715235936,nonhydro_winter_run026.nc
greedy,89,1,False,68,68.0,,32.666572924271115,84.46818027544526,58.39521641473344,1.4464914330574083,0.0,nan,16.07015127506225,0.6323529411764706,0.0,0.16981132075471697,0.6764705882352942,0.40997465192677396,0.06662146539401692,nonhydro_winter_run026.nc
greedy,90,0,False,40,40.0,,131.43300466500526,48.633226493918116,38.85294631537777,1.2517255731174592,0.0,nan,115.58995834086912,0.825,0.0,0.07142857142857142,0.5,1.2498993510500611,0.12540617435109946,nonhydro_winter_run020.nc
greedy,90,1,True,40,40.0,40,27.353884041465943,46.384643317670495,35.81863029756137,1.2949865176957502,0.5897185379680461,0.5897185379680461,5.773926638432424,0.925,0.0,0.0,0.025,0.14405763291043172,0.04771457436651372,nonhydro_winter_run020.nc
greedy,91,0,True,199,199.0,199,56.737737776843126,212.83864800076321,76.10153643086215,2.7967720230474717,0.2665762929326617,0.2665762929326617,0.84140679562633,0.7185929648241206,0.01507537688442211,0.225,0.1407035175879397,0.1474550475232803,0.013392051868377108,nonhydro_winter_run023.nc
greedy,91,1,False,199,199.0,,193.36831441455269,255.92045060652637,171.15747423801605,1.4952338584445148,0.0,nan,139.52680877163843,0.6432160804020101,0.01507537688442211,0.2482758620689655,0.9346733668341709,0.9078877656037392,0.02321412185908045,nonhydro_winter_run023.nc
greedy,92,0,True,29,29.0,29,12.406938710091808,42.187556689134176,36.16134097157306,1.1666480156888652,0.29409000387280876,0.29409000387280876,3.8351153813140293,0.6551724137931034,0.0,0.0,0.7931034482758621,0.14852217379297628,0.02918349527595876,nonhydro_winter_run014.nc
greedy,92,1,False,29,29.0,,42.7423859942809,43.851474963015654,41.0912470814841,1.0671731348541944,0.0,nan,17.49978176342831,1.0,0.0,0.0,0.0,0.3199419188920132,0.13740655313944072,nonhydro_winter_run014.nc
greedy,93,0,False,242,242.0,,77.35250483407884,283.5776408029103,164.8362602804292,1.7203595878750904,0.0,nan,59.49022582228379,0.3677685950413223,0.01652892561983471,0.3689839572192513,0.2603305785123967,1.13313671601275,0.10120276589027799,nonhydro_winter_run029.nc
greedy,93,1,True,242,242.0,242,33.084734348639365,293.83877544953316,141.80829675746187,2.0720845124604566,0.11259485511408167,0.11259485511408167,1.5989793901126113,0.5206611570247934,0.0,0.2696078431372549,0.371900826446281,0.10841310393641379,0.047715593465593176,nonhydro_winter_run029.nc
greedy,94,0,True,77,77.0,77,72.8544208329871,87.41114336955917,72.0175734274603,1.2137474120480334,0.8334683431032498,0.8334683431032498,3.4831788976855016,1.0,0.0,0.0,0.012987012987012988,0.08508330690885657,0.049143123026798685,nonhydro_winter_run002.nc
greedy,94,1,False,77,77.0,,17.434483652506525,78.23971169803829,31.699597979690736,2.468161007851419,0.0,nan,6.235759858590072,0.5974025974025974,0.0,0.018867924528301886,0.7922077922077922,0.5270278195750251,0.028438862322640368,nonhydro_winter_run002.nc
greedy,95,0,True,307,307.0,307,13.15831318273353,335.77771577333044,63.994489594132084,5.2469785742946105,0.03918757131463768,0.03918757131463768,3.6664265137095757,0.5439739413680782,0.016286644951140065,0.38823529411764707,0.18566775244299674,0.13633093780102,0.022997422874302176,nonhydro_winter_run014.nc
greedy,95,1,False,307,307.0,,122.0540453450754,385.87323060254124,252.75571759925563,1.5266646953337908,0.0,nan,51.58852935394084,0.6416938110749185,0.013029315960912053,0.43776824034334766,0.0,2.221939727405349,0.30406251284955677,nonhydro_winter_run014.nc
greedy,96,0,False,393,393.0,,201.4488411691379,524.550143672652,284.656419380005,1.842748337856377,0.0,nan,19.10945160355779,0.6946564885496184,0.0,0.1568627450980392,0.19338422391857507,0.6277832579034097,0.08539650964367484,nonhydro_winter_run025.nc
greedy,96,1,True,393,393.0,393,81.94859438120093,387.2680466515303,96.96618357081954,3.9938464358421197,0.2116069091931551,0.2116069091931551,2.5463657362567527,0.6259541984732825,0.002544529262086514,0.03206997084548105,0.31297709923664124,0.10233910294625304,0.03141663147797158,nonhydro_winter_run025.nc
greedy,97,0,False,95,95.0,,96.18674024033263,113.30722904425518,53.8685093397825,2.1034038333891028,0.0,nan,96.17634393225796,0.37894736842105264,0.010526315789473684,0.023255813953488372,0.0,0.9611815508649144,0.06983099869034248,nonhydro_winter_run005.nc
greedy,97,1,True,95,95.0,95,41.499300762617864,105.30425051245206,84.85429436679753,1.241000839123781,0.3940895126328318,0.3940895126328318,4.2210555420223965,0.8210526315789474,0.0,0.013513513513513514,0.25263157894736843,0.148354203268255,0.049558186633518075,nonhydro_winter_run005.nc
greedy,98,0,True,11,11.0,11,6.719633122910435,14.517914992007185,12.968917774822287,1.1194392041093901,0.46285111371776994,0.46285111371776994,1.6734508949973932,0.8181818181818182,0.0,0.0,1.0,0.14940109241717892,0.03755814122308887,nonhydro_winter_run011.nc
greedy,98,1,False,11,11.0,,43.601786252947846,11.53030442190842,11.49692184443837,1.0029036100202942,0.0,nan,38.192471061816576,1.0,0.0,0.0,0.0,0.3221812807395352,0.0767781550795632,nonhydro_winter_run011.nc
greedy,99,0,True,129,129.0,129,60.84815290712382,139.76451456651318,67.46058123165625,2.0717952916321436,0.4353619593345814,0.4353619593345814,3.534933046151814,0.7906976744186046,0.0,0.02564102564102564,0.3798449612403101,0.1411145659041111,0.043511878558847195,nonhydro_winter_run029.nc
greedy,99,1,False,129,129.0,,31.80556390121053,163.86406203781087,89.2679819544525,1.8356420572094907,0.0,nan,20.150999210937492,0.5426356589147286,0.007751937984496124,0.19230769230769232,0.5891472868217055,0.26070106465900267,0.02182998954706883,nonhydro_winter_run029.nc
stochastic,0,0,True,506,506.0,506,278.1506912282311,688.8171967824683,481.3056693128618,1.431142911251931,0.4038091565185943,0.4038091565185943,2.9512558647106,0.7924901185770751,0.003952569169960474,0.14250614250614252,0.5059288537549407,0.1354272547081905,0.048933305488324974,nonhydro_winter_run026.nc
stochastic,0,1,False,506,506.0,,65.96094892145089,512.8038527970457,26.593784147059914,19.282846320828657,0.0,nan,1.5105292941937059,0.48221343873517786,0.03359683794466403,0.3452685421994885,0.1482213438735178,1.3208676976540943,0.09460134602881543,nonhydro_winter_run026.nc
stochastic,1,0,True,323,323.0,323,67.04110777533738,338.01757973803785,76.76889322051362,4.40305396571375,0.19833615703447716,0.19833615703447716,4.487643582562114,0.5541795665634675,0.009287925696594427,0.1412639405204461,0.6006191950464397,0.10160846016519542,0.04855333451385302,nonhydro_winter_run015.nc
stochastic,1,1,False,323,323.0,,215.98167067237966,399.5550719651301,211.49605337057025,1.8891845289663844,0.0,nan,11.834356492799824,0.8142414860681114,0.02476780185758514,0.4296577946768061,0.2043343653250774,0.6476419323141869,0.0421608905505233,nonhydro_winter_run015.nc
stochastic,2,0,True,474,474.0,474,327.7413696405902,682.8565569330849,479.27867647432646,1.4247588938367124,0.47995639247073457,0.47995639247073457,3.145062848262154,0.770042194092827,0.016877637130801686,0.3923076923076923,0.23628691983122363,0.13437443810888539,0.034343337244677086,nonhydro_winter_run026.nc
stochastic,2,1,False,474,474.0,,96.43099952120069,566.7763712868607,310.03473639564413,1.828106030556464,0.0,nan,22.329843931251496,0.6265822784810127,0.014767932489451477,0.2571428571428571,0.5021097046413502,1.5297458862165243,0.10483739271749104,nonhydro_winter_run026.nc
stochastic,3,0,False,19,19.0,,57.99633419679201,17.387460022732853,8.75549519938036,1.985891103448197,0.0,nan,53.38741333750442,0.7368421052631579,0.05263157894736842,0.0,0.0,0.5326462138455312,0.06628868699271628,nonhydro_winter_run025.nc
stochastic,3,1,True,19,19.0,19,20.79846717474991,22.171258214663982,22.133267399753283,1.0017164575941067,0.9380824026032896,0.9380824026032896,2.010592961522801,1.0,0.0,0.0,0.05263157894736842,0.10668371295141554,0.04669574862743431,nonhydro_winter_run025.nc
stochastic,4,0,False,482,482.0,,376.2072368733783,735.4845860613145,603.8346497738733,1.2180231564000876,0.0,nan,32.44932925414012,0.8423236514522822,0.01867219917012448,0.4596774193548387,0.0,2.0638047841347884,0.3442606907165231,nonhydro_winter_run022.nc
stochastic,4,1,True,482,482.0,482,215.06634493623778,622.4298424698557,448.75677588509336,1.387009346526797,0.34552704620144153,0.34552704620144153,4.421824940888141,0.7634854771784232,0.024896265560165973,0.25063291139240507,0.01867219917012448,0.0907222216119905,0.013704479539892178,nonhydro_winter_run022.nc
stochastic,5,0,False,37,37.0,,93.02128327917016,37.380130924533326,10.646949634685798,3.5108770311785595,0.0,nan,93.02128327917016,0.2972972972972973,0.02702702702702703,0.35714285714285715,0.0,1.0858994725197064,0.15582231400297464,nonhydro_winter_run021.nc
stochastic,5,1,True,37,37.0,37,37.53441912281046,41.85977931521625,41.17462161535352,1.0166402913489614,0.8966702581054101,0.8966702581054101,4.4774190765287605,1.0,0.0,0.0,0.16216216216216217,0.1495482750338013,0.014558505962699364,nonhydro_winter_run021.nc
stochastic,6,0,True,98,98.0,98,56.88935350855361,114.27334323676328,71.32701663037818,1.60210462508107,0.49783573226421135,0.49783573226421135,1.599838147855547,0.8979591836734694,0.02040816326530612,0.22093023255813954,0.20408163265306123,0.1493175704001075,0.03311848292944686,nonhydro_winter_run014.nc
stochastic,6,1,False,98,98.0,,128.90647192958957,154.75190774316337,130.1835607531652,1.188720809661836,0.0,nan,105.09357309069391,0.5102040816326531,0.0,0.22916666666666666,0.673469387755102,0.49004182360836523,0.008856354925692367,nonhydro_winter_run014.nc
stochastic,7,0,False,64,64.0,,649.9576085366115,90.38775203312603,75.08611111462825,1.2037879002035135,0.0,nan,649.9576085366115,0.5,0.0,0.14285714285714285,0.0625,2.9522379122743203,0.09542071184131495,nonhydro_winter_run029.nc
stochastic,7,1,True,64,64.0,64,65.07770211623993,139.85070459801761,120.13453097617567,1.1641174561688008,0.46533696275107944,0.46533696275107944,4.655468615476669,0.859375,0.0,0.0,0.015625,0.10254485311005368,0.046744829986758774,nonhydro_winter_run029.nc
stochastic,8,0,False,36,36.0,,54.922255120373855,43.125531030711194,32.21387289284557,1.3387254359064975,0.0,nan,30.306108234945857,0.9444444444444444,0.0,0.0,0.0,1.5964859045672455,0.24095903885527958,nonhydro_winter_run022.nc
stochastic,8,1,True,36,36.0,36,45.484082651021815,58.38873287034721,53.370354182674276,1.0940293307872044,0.7789873219550713,0.7789873219550713,2.2960474806280637,0.8888888888888888,0.0,0.16666666666666666,0.027777777777777776,0.04870092279224281,0.045852751231530764,nonhydro_winter_run022.nc
stochastic,9,0,True,524,524.0,524,123.56788008557244,608.0811770763787,273.8723849014543,2.2203084743106922,0.2032095133739875,0.2032095133739875,2.4946300304502382,0.6698473282442748,0.003816793893129771,0.10947368421052632,0.5324427480916031,0.14886218609065338,0.005610254094282507,nonhydro_winter_run013.nc
stochastic,9,1,False,524,524.0,,486.9698892677832,471.7895977520254,248.34416878751907,1.8997409927336932,0.0,nan,258.5968284887097,0.7156488549618321,0.0057251908396946565,0.07439824945295405,0.7805343511450382,1.4562588955987223,0.005610254094282507,nonhydro_winter_run013.nc
stochastic,10,0,False,636,636.0,,328.4239012945333,737.9753065624495,399.83454334048434,1.8457017255110373,0.0,nan,15.745413990175638,0.7641509433962265,0.015723270440251572,0.338,0.20440251572327045,1.2200599527199358,0.05357161593853954,nonhydro_winter_run024.nc
stochastic,10,1,True,636,636.0,636,188.05555011905793,739.0825495196705,324.6409497152837,2.2766152888841042,0.25444458165231365,0.25444458165231365,3.402202490561216,0.6650943396226415,0.009433962264150943,0.3407258064516129,0.4449685534591195,0.1444938122842956,0.021924674562792013,nonhydro_winter_run024.nc
stochastic,11,0,True,68,68.0,68,55.705453423348295,69.97797311934447,64.22152863900232,1.0896341865778356,0.7960426822929696,0.7960426822929696,4.171238887762279,0.9558823529411765,0.0,0.030303030303030304,0.029411764705882353,0.12653651792774667,0.04354664361901828,nonhydro_winter_run005.nc
stochastic,11,1,False,68,68.0,,46.089605378138195,77.97032999781439,69.52426542372432,1.1214836938242279,0.0,nan,23.793234391102246,0.6764705882352942,0.0,0.0,0.14705882352941177,0.8314774447022941,0.013745876343571717,nonhydro_winter_run005.nc
stochastic,12,0,False,1499,1499.0,,27.562947728923138,1475.3728911642756,285.0784610851946,5.175322209710421,0.0,nan,22.770231304416793,0.48232154769846564,0.02134756504336224,0.4381625441696113,0.0,1.6954449364302278,0.19353233005541137,nonhydro_winter_run019.nc
stochastic,12,1,True,1499,1499.0,1499,144.8094174507521,1792.2765822099275,352.7359486302392,5.081071518709051,0.08079635637050953,0.08079635637050953,3.575716774796464,0.5863909272848565,0.01067378252168112,0.40518783542039355,0.032021347565043365,0.08336890669605168,0.02342060316758532,nonhydro_winter_run019.nc
stochastic,13,0,False,70,70.0,,138.01485918576225,96.09631809378507,70.22006406059008,1.368502284630037,0.0,nan,136.92041080108598,0.42857142857142855,0.0,0.10714285714285714,0.45714285714285713,0.8790217970062173,0.04147422628519881,nonhydro_winter_run027.nc
stochastic,13,1,True,70,70.0,70,20.137070407450043,95.33360466019236,74.4489978700513,1.280522335929821,0.21122741009559776,0.21122741009559776,4.622378740310932,0.6857142857142857,0.014285714285714285,0.24528301886792453,0.6714285714285714,0.1257850944878598,0.046924764586387835,nonhydro_winter_run027.nc
stochastic,14,0,False,838,838.0,,214.35830585441508,1112.0034279158506,454.60945019921076,2.4460631591106794,0.0,nan,19.034050427469,0.6121718377088305,0.022673031026252982,0.40723270440251574,0.1324582338902148,0.7787401376061709,0.042328670577283845,nonhydro_winter_run005.nc
stochastic,14,1,True,838,838.0,838,296.2960705446694,1151.9060419075734,529.2702765690195,2.1764041793065987,0.25722242940405,0.25722242940405,1.4915954504865878,0.665871121718377,0.007159904534606206,0.37003058103975534,0.15393794749403342,0.09664346117583733,0.03581618562727984,nonhydro_winter_run005.nc
stochastic,15,0,True,654,654.0,654,203.2020441719045,820.5610258664717,467.2038009189516,1.7563235235939765,0.24763794253734295,0.24763794253734295,3.1783089148581465,0.6819571865443425,0.013761467889908258,0.2510204081632653,0.25382262996941896,0.11441577033967576,0.017790710678881494,nonhydro_winter_run028.nc
stochastic,15,1,False,654,654.0,,100.95504928114029,727.1642175212685,227.35468784169956,3.1983691404136416,0.0,nan,30.92583940171971,0.5657492354740061,0.01529051987767584,0.3416149068322981,0.5886850152905199,1.0169240347143926,0.037962575497055284,nonhydro_winter_run028.nc
stochastic,16,0,False,259,259.0,,89.30185692233505,301.73992084189433,140.22118939919037,2.1518853329854624,0.0,nan,36.88184443187248,0.6061776061776062,0.019305019305019305,0.4630541871921182,0.0,2.934239135345223,0.34552696144246575,nonhydro_winter_run017.nc
stochastic,16,1,True,259,259.0,259,88.38699606330792,362.32386324662673,226.0331363677903,1.6029679058077162,0.24394472743614082,0.24394472743614082,3.4824368570569644,0.6872586872586872,0.0,0.04072398190045249,0.4555984555984556,0.12316595434873534,0.03514997414479437,nonhydro_winter_run017.nc
stochastic,17,0,False,76,76.0,,39.091845156015985,80.55245950449091,36.35437673283658,2.21575685636038,0.0,nan,32.33176904250247,0.5394736842105263,0.0,0.21311475409836064,0.0,0.6370912787036005,0.05608133448228225,nonhydro_winter_run023.nc
stochastic,17,1,True,76,76.0,76,48.697133970214786,88.54734529561584,67.61651384597991,1.309552064415997,0.5499558886563918,0.5499558886563918,2.440027933460963,0.9868421052631579,0.0,0.0,0.013157894736842105,0.017218599539198465,0.046247688899963335,nonhydro_winter_run023.nc
stochastic,18,0,False,39,39.0,,287.8395908715486,46.552374165085375,37.275551883660285,1.2488714938514855,0.0,nan,273.65062179400906,0.5641025641025641,0.0,0.0,0.0,1.493678717515273,0.2310320844396463,nonhydro_winter_run027.nc
stochastic,18,1,True,39,39.0,39,29.100150752272448,52.57555017571155,46.50493328385076,1.1305370519468922,0.5534920824416958,0.5534920824416958,1.7546415343058441,0.9487179487179487,0.0,0.0,0.358974358974359,0.10447648881635274,0.043992502065464456,nonhydro_winter_run027.nc
stochastic,19,0,False,480,480.0,,144.25421938072498,518.8791921761215,55.16591655506238,9.405793007322123,0.0,nan,121.89742354348127,0.4479166666666667,0.022916666666666665,0.3342391304347826,0.20625,1.3986111511048236,0.1125483432058848,nonhydro_winter_run018.nc
stochastic,19,1,True,480,480.0,480,13.760239785102403,543.1997316476327,281.8716975579936,1.9271169697194312,0.025331823606327755,0.025331823606327755,3.827761250090942,0.45208333333333334,0.004166666666666667,0.08033240997229917,0.8854166666666666,0.03000702100376884,0.04700692564501796,nonhydro_winter_run018.nc
stochastic,20,0,False,204,204.0,,20.574159194352205,228.8343591360041,80.74543511124358,2.834022243124176,0.0,nan,5.473930551432475,0.37254901960784315,0.0196078431372549,0.27564102564102566,0.3088235294117647,1.2291651289638637,0.3062621639365185,nonhydro_winter_run027.nc
stochastic,20,1,True,204,204.0,204,67.12760054420819,232.6774514919856,119.86079247618603,1.941230711771024,0.2885006695482065,0.2885006695482065,3.5886617390782045,0.7450980392156863,0.014705882352941176,0.0875,0.0784313725490196,0.12413535418956911,0.013980753257411882,nonhydro_winter_run027.nc
stochastic,21,0,True,157,157.0,157,133.92763805229183,236.18769311329484,175.2892647037135,1.3474167600195952,0.5670390200561772,0.5670390200561772,3.1515363553889646,0.8789808917197452,0.0,0.056451612903225805,0.46496815286624205,0.14848925636609067,0.008220225866297115,nonhydro_winter_run010.nc
stochastic,21,1,False,157,157.0,,200.0238590128279,181.07117288835798,113.27703471285672,1.5984808690247854,0.0,nan,139.37292221248026,0.8853503184713376,0.0,0.02962962962962963,0.43312101910828027,1.2649300001563049,0.002679920095195021,nonhydro_winter_run010.nc
stochastic,22,0,True,22,22.0,22,11.485328904564758,19.59715850257779,10.571712901228857,1.853735405574608,0.5860711338867821,0.5860711338867821,1.7584630714042004,0.9090909090909091,0.0,0.0,0.13636363636363635,0.12349179529591936,0.04212446509659751,nonhydro_winter_run024.nc
stochastic,22,1,False,22,22.0,,407.07090879313483,27.790954044682366,21.62348650911255,1.285220772929968,0.0,nan,399.01907957835465,0.8181818181818182,0.0,0.17647058823529413,0.0,2.223349427883363,0.12167563500541656,nonhydro_winter_run024.nc
stochastic,23,0,False,701,701.0,,65.51304943591566,872.5741728686041,115.55183364665027,7.551365870461885,0.0,nan,14.354111071602313,0.4864479315263909,0.014265335235378032,0.40262172284644193,0.07845934379457917,3.4517922509653616,0.40351098232160754,nonhydro_winter_run002.nc
stochastic,23,1,True,701,701.0,701,49.98935515853866,757.2812869699669,291.47918615735875,2.598062993633923,0.06601160760033568,0.06601160760033568,4.880235953230799,0.557774607703281,0.007132667617689016,0.47113594040968343,0.018544935805991442,0.14648047194634728,0.029541227567633555,nonhydro_winter_run002.nc
stochastic,24,0,True,47,47.0,47,33.07944528139917,54.850667346106434,38.320441211496686,1.4313683666473662,0.6030819109760076,0.6030819109760076,5.831609932650317,0.8297872340425532,0.0,0.06521739130434782,0.02127659574468085,0.1297871366536114,0.048541756714088224,nonhydro_winter_run012.nc
stochastic,24,1,False,47,47.0,,280.54363847938816,86.98272101966472,78.38187847187841,1.1097299875362403,0.0,nan,222.43762099485423,1.0,0.02127659574468085,0.38461538461538464,0.0,2.34075683686941,0.5571682167152259,nonhydro_winter_run012.nc
stochastic,25,0,False,3600,3600.0,,584.2472103899926,3436.097869278878,516.24662855549,6.655923117393377,0.0,nan,64.20806490859223,0.5677777777777778,0.023333333333333334,0.4504680187207488,0.0019444444444444444,1.4052432224219658,0.17876379963403843,nonhydro_winter_run016.nc
stochastic,25,1,False,3600,3600.0,,110.37171359115115,3692.6763265592617,120.25418910340429,30.70725730297844,0.0,nan,15.091193874754378,0.5313888888888889,0.019166666666666665,0.38196594427244585,0.04055555555555555,1.168032809885375,0.18533134347684554,nonhydro_winter_run016.nc
stochastic,26,0,True,469,469.0,469,188.42092347628088,604.8230694258195,409.8485885411779,1.4757231971412594,0.31153064921143914,0.31153064921143914,2.492771231386968,0.7249466950959488,0.017057569296375266,0.23738872403560832,0.7953091684434968,0.14945400907329542,0.03250103531058124,nonhydro_winter_run026.nc
stochastic,26,1,False,469,469.0,,251.3859488416246,640.2008077119415,406.97963188863065,1.5730536802075918,0.0,nan,249.52729983775671,0.3582089552238806,0.0042643923240938165,0.3448275862068966,0.05543710021321962,2.892241553529452,0.5094214280994133,nonhydro_winter_run026.nc
stochastic,27,0,True,40,40.0,40,43.7349187030906,47.508198125955445,43.9746570521153,1.0803540336801825,0.9205762463804459,0.9205762463804459,4.819454145636963,1.0,0.0,0.0,0.025,0.126861293888183,0.04988062142600569,nonhydro_winter_run001.nc
stochastic,27,1,False,40,40.0,,82.24920960861316,51.15503719461514,48.17055368722371,1.0619565954497843,0.0,nan,34.1821846459216,1.0,0.0,0.0,0.0,0.517104935707529,0.09944750721900575,nonhydro_winter_run001.nc
stochastic,28,0,False,28,28.0,,74.07605505031772,35.73905668339768,35.41215375759274,1.009231376550624,0.0,nan,40.574556185106,1.0,0.0,0.0,0.0,1.1573454531289542,0.2818147504081564,nonhydro_winter_run020.nc
stochastic,28,1,True,28,28.0,28,10.67275109748768,47.624524819058095,41.666829814540556,1.1429841202470956,0.2241019965666245,0.2241019965666245,2.4464725693172884,0.7142857142857143,0.0,0.2857142857142857,0.10714285714285714,0.11888626300557092,0.04136204880645189,nonhydro_winter_run020.nc
stochastic,29,0,True,49,49.0,49,60.24762598902445,64.46502060131198,60.90748821987089,1.0584087849526596,0.9345785579070816,0.9345785579070816,4.444209678691429,0.9795918367346939,0.0,0.0,0.02040816326530612,0.0951798015361831,0.04525000173310045,nonhydro_winter_run029.nc
stochastic,29,1,False,49,49.0,,346.27587445033254,67.17175033143039,56.3252818613014,1.192568383356482,0.0,nan,341.9375115727749,0.3469387755102041,0.0,0.0,0.20408163265306123,0.6848799476867953,0.03613694368674458,nonhydro_winter_run029.nc
stochastic,30,0,False,79,79.0,,37.430476455508746,78.57029119793212,48.690739660300125,1.6136598405793827,0.0,nan,13.583827136757057,0.5189873417721519,0.0,0.1206896551724138,0.7974683544303798,0.4516815059205683,0.003209295892863673,nonhydro_winter_run004.nc
stochastic,30,1,True,79,79.0,79,70.34443304218685,84.39051761191975,80.46802260864993,1.0487460096086438,0.8335584972434278,0.8335584972434278,4.182028555836839,1.0,0.0,0.0,0.13924050632911392,0.11924448970146528,0.0023185484877603635,nonhydro_winter_run004.nc
stochastic,31,0,True,304,304.0,304,21.20998363469815,320.80837580767934,66.44395569770236,4.828255218085592,0.06611418290217358,0.06611418290217358,2.948809352154678,0.5460526315789473,0.003289473684210526,0.3037383177570093,0.9539473684210527,0.13786077823765197,0.02240093868543347,nonhydro_winter_run017.nc
stochastic,31,1,False,304,304.0,,455.6004245256207,278.52162606977515,93.96055855176706,2.9642397870200523,0.0,nan,449.88680504384973,0.4342105263157895,0.003289473684210526,0.25217391304347825,0.08223684210526316,1.4259197603777451,0.12616167490870722,nonhydro_winter_run017.nc
stochastic,32,0,True,487,487.0,487,89.99275854018795,548.4771114797143,262.4530924390543,2.089810054751324,0.16407750962916232,0.16407750962916232,2.3857887893065053,0.5954825462012321,0.014373716632443531,0.26170798898071623,0.5893223819301848,0.12560919029397155,0.038828156713081374,nonhydro_winter_run027.nc
stochastic,32,1,False,487,487.0,,88.34160600178073,452.7381667787862,152.71154926479753,2.9646622600478696,0.0,nan,31.768202670599354,0.5462012320328542,0.039014373716632446,0.521978021978022,0.0513347022587269,1.222940294521031,0.1950972818424601,nonhydro_winter_run027.nc
stochastic,33,0,False,415,415.0,,476.47956224846666,530.8543454219541,437.7102424390936,1.2127985455945125,0.0,nan,242.63424139351946,0.8,0.02650602409638554,0.2420749279538905,0.05542168674698795,2.113868220883454,0.09672831454937147,nonhydro_winter_run027.nc
stochastic,33,1,True,415,415.0,415,350.00868887035966,658.9174067503509,524.9551507626597,1.255188001857053,0.5311874982883403,0.5311874982883403,2.7061723687228856,0.8313253012048193,0.0,0.16666666666666666,0.4602409638554217,0.03707816328709157,0.008373918705895322,nonhydro_winter_run027.nc
stochastic,34,0,True,457,457.0,457,239.32912046608672,597.6769799717008,416.96506971297964,1.4333981989980966,0.40043222089199193,0.40043222089199193,1.7879272179450816,0.7636761487964989,0.0175054704595186,0.19607843137254902,0.7308533916849015,0.13471952435311607,0.04811469135017721,nonhydro_winter_run002.nc
stochastic,34,1,False,457,457.0,,70.17167430628596,508.49635563594796,216.55542968637147,2.348111780768475,0.0,nan,23.676238067688672,0.5908096280087527,0.015317286652078774,0.25935828877005346,0.17286652078774617,1.0135220515688133,0.06187980378904556,nonhydro_winter_run002.nc
stochastic,35,0,False,3600,3600.0,,78.87191820740848,3569.4738423402464,416.7716568836081,8.564579148761775,0.0,nan,51.56002201631853,0.48527777777777775,0.0225,0.3787713558705925,0.06222222222222222,0.7116510114841006,0.06458299537310519,nonhydro_winter_run004.nc
stochastic,35,1,False,3600,3600.0,,82.8930124461748,2096.242189788122,143.44877227544492,14.613176233833473,0.0,nan,11.94037333907291,0.4275,0.0002777777777777778,0.07809449433814916,0.955,0.40285751843760664,0.016533262503860224,nonhydro_winter_run004.nc
stochastic,36,0,True,724,724.0,724,383.01970888151095,956.1711459286851,522.1138660311004,1.831346011162495,0.4005765186623588,0.4005765186623588,0.4348343925673849,0.7306629834254144,0.020718232044198894,0.3543441226575809,0.0013812154696132596,0.11401459183333884,0.047502326268579864,nonhydro_winter_run012.nc
stochastic,36,1,False,724,724.0,,50.09391069343616,727.0989958691059,118.08558046726529,6.157390199480505,0.0,nan,45.82165545897668,0.5193370165745856,0.016574585635359115,0.3916967509025271,0.1919889502762431,1.305493782005307,0.06707028437596141,nonhydro_winter_run012.nc
stochastic,37,0,False,18,18.0,,262.0194585242265,19.485653196901787,12.130280193333718,1.606364641734349,0.0,nan,258.12127361035186,0.6111111111111112,0.05555555555555555,0.3,0.0,3.4541092653400156,0.3111229821497936,nonhydro_winter_run005.nc
stochastic,37,1,True,18,18.0,18,13.118195321863205,14.294319999498256,14.268574239147942,1.0018043681112636,0.9177208375301285,0.9177208375301285,2.551413638016227,1.0,0.0,0.0,0.05555555555555555,0.060951366488083636,0.04493148713367001,nonhydro_winter_run005.nc
stochastic,38,0,False,671,671.0,,209.67285869749327,710.7154626060328,362.3913193001028,1.9611823593861433,0.0,nan,64.98909838161632,0.6453055141579732,0.010432190760059613,0.3063583815028902,0.0,1.5153959287632404,0.20373185467663246,nonhydro_winter_run008.nc
stochastic,38,1,True,671,671.0,671,389.4610991392443,960.2116862972032,628.4589501083468,1.5278829048924547,0.40559920765086266,0.40559920765086266,5.388921803271302,0.7988077496274217,0.011922503725782414,0.39096267190569745,0.005961251862891207,0.14045836863493122,0.026502007651176163,nonhydro_winter_run008.nc
stochastic,39,0,False,3600,3600.0,,377.2725494551172,4135.338043290181,391.2700535867343,10.569012387689632,0.0,nan,5.41080381924767,0.5530555555555555,0.0175,0.4019466474405191,0.22611111111111112,2.116747270198985,0.3514076976408891,nonhydro_winter_run030.nc
stochastic,39,1,False,3600,3600.0,,331.1009189154577,3396.238613523713,300.2759986400969,11.31038987100117,0.0,nan,82.46700058212926,0.5011111111111111,0.011944444444444445,0.45206489675516226,0.10972222222222222,1.3357012717392251,0.12242908035489053,nonhydro_winter_run030.nc
stochastic,40,0,True,897,897.0,897,535.0459182449382,1190.3023179159027,884.2674973226443,1.346088510003885,0.44950422274380575,0.44950422274380575,2.3266436413723226,0.7558528428093646,0.016722408026755852,0.3684971098265896,0.016722408026755852,0.0916077826014785,0.016043684988365947,nonhydro_winter_run017.nc
stochastic,40,1,False,897,897.0,,216.0165674784657,1061.012854637068,110.13403352631195,9.633832709700794,0.0,nan,27.009999004578397,0.43812709030100333,0.012263099219620958,0.34097421203438394,0.241917502787068,2.346218882315071,0.26424372622507974,nonhydro_winter_run017.nc
stochastic,41,0,True,830,830.0,830,272.8120462694022,1016.2858188326773,528.8201187775868,1.92179870384264,0.268440276557985,0.268440276557985,2.0481290934944933,0.6469879518072289,0.0024096385542168677,0.368,0.44096385542168676,0.1303227255016921,0.016074893782190736,nonhydro_winter_run020.nc
stochastic,41,1,False,830,830.0,,103.68107507290459,894.2329984955554,91.10053745222598,9.815891579832886,0.0,nan,7.403628161146336,0.5819277108433735,0.008433734939759036,0.27370030581039756,0.2855421686746988,1.201591972136164,0.1038846447434032,nonhydro_winter_run020.nc
stochastic,42,0,True,3,3.0,3,5.3259419228638905,4.145689574589092,3.7131726779392724,1.116481762138209,1.0,1.2846938553984186,3.83716305539372,1.0,0.0,0.0,1.0,0.1236390709291797,0.014968095455479058,nonhydro_winter_run003.nc
stochastic,42,1,False,3,3.0,,57.03157426487188,3.7658267927367772,3.0333406749001632,1.2414783554968558,0.0,nan,54.71357717515458,0.6666666666666666,0.0,1.0,0.0,1.3631196890942618,0.07211286100563208,nonhydro_winter_run003.nc
stochastic,43,0,False,3600,3600.0,,876.5376197644165,2795.684202130938,48.283246711359524,57.90174423944034,0.0,nan,872.1480048196275,0.5338888888888889,0.021944444444444444,0.4915761886933733,0.0,2.727447294203138,0.26671308295603546,nonhydro_winter_run016.nc
stochastic,43,1,False,3600,3600.0,,225.02833805208815,3701.316618875061,140.853380773052,26.277797512285165,0.0,nan,224.6318242875773,0.4658333333333333,0.024444444444444446,0.3760747663551402,0.07333333333333333,1.9720947139142666,0.2499956933506423,nonhydro_winter_run016.nc
stochastic,44,0,True,11,11.0,11,8.204506073222788,16.886764813439147,14.944072129205647,1.1299975446743753,0.4858542274890524,0.4858542274890524,2.298465504914318,0.7272727272727273,0.0,0.0,1.0,0.12457669628067691,0.01597501467316642,nonhydro_winter_run021.nc
stochastic,44,1,False,11,11.0,,51.2989785853699,16.387946821454435,15.499412810200408,1.0573269466485382,0.0,nan,37.72497289423903,1.0,0.0,0.0,0.0,1.3438247599620041,0.2354647494550023,nonhydro_winter_run021.nc
stochastic,45,0,True,9,9.0,9,5.8376365304645965,16.267083755363597,16.06457861595578,1.0126056925767528,0.3588618967145728,0.3588618967145728,0.9169938586716156,0.7777777777777778,0.0,0.0,1.0,0.14528701809346245,0.032756643945147546,nonhydro_winter_run028.nc
stochastic,45,1,False,9,9.0,,26.31887532068811,10.878810074704887,10.872003076540757,1.0006261034067234,0.0,nan,17.933459404873087,1.0,0.0,0.0,0.6666666666666666,0.37069764746331657,0.018960743282259385,nonhydro_winter_run028.nc
stochastic,46,0,False,53,53.0,,226.17350812644702,79.14928050180907,68.85625502612056,1.149485699908946,0.0,nan,226.17350812644702,0.3018867924528302,0.0,0.0975609756097561,0.7924528301886793,1.0553880962129796,0.05634667578059116,nonhydro_winter_run016.nc
stochastic,46,1,True,53,53.0,53,8.64526887489224,60.232663148416265,36.092104702719034,1.6688598142041458,0.1435312407420849,0.1435312407420849,4.835553235858078,0.4339622641509434,0.0,0.10204081632653061,0.660377358490566,0.13524530194415973,0.012130327573655508,nonhydro_winter_run016.nc
stochastic,47,0,True,480,480.0,480,205.97335147168872,527.229808610772,268.1739389049049,1.9659994209867235,0.39067091448114377,0.39067091448114377,2.7602001928652307,0.775,0.00625,0.2182741116751269,0.68125,0.1432914502117555,0.019975145524247506,nonhydro_winter_run003.nc
stochastic,47,1,False,480,480.0,,512.0119241285695,513.9454651418068,180.47169698136275,2.84778984039188,0.0,nan,482.59646134652917,0.3416666666666667,0.01875,0.4504792332268371,0.0,1.4294254522430236,0.1446954823011296,nonhydro_winter_run003.nc
stochastic,48,0,False,3600,3600.0,,382.42890865012197,3431.7032426399564,741.0426194966823,4.630912112680883,0.0,nan,53.378198845327006,0.5719444444444445,0.01888888888888889,0.2831149927219796,0.16444444444444445,0.6959329204117495,0.048602570154916536,nonhydro_winter_run004.nc
stochastic,48,1,False,3600,3600.0,,154.64806130994012,2383.5949450596527,249.08571103131405,9.569376481656136,0.0,nan,38.21334571679623,0.5341666666666667,0.0075,0.3660682858148539,0.009444444444444445,2.9870189738703417,0.3783217877205678,nonhydro_winter_run004.nc
stochastic,49,0,False,87,87.0,,33.041621522841155,98.84659671656753,50.85275697917436,1.9437804868091617,0.0,nan,29.902775723760875,0.5632183908045977,0.011494252873563218,0.5178571428571429,0.0,1.2564076951213323,0.2177310693624509,nonhydro_winter_run002.nc
stochastic,49,1,True,87,87.0,87,55.373529757665615,84.22860963597874,61.96155134883741,1.3593689603053996,0.6574194919871085,0.6574194919871085,4.089413801474732,1.0,0.0,0.0,0.011494252873563218,0.13914499752086584,0.045892751695398415,nonhydro_winter_run002.nc
stochastic,50,0,False,68,68.0,,89.71951943625653,102.69722792527944,82.38753803513347,1.2465141012161944,0.0,nan,89.71951943625653,0.14705882352941177,0.0,0.0,0.0,2.115013638576471,0.10219654474536399,nonhydro_winter_run024.nc
stochastic,50,1,True,68,68.0,68,26.301029833519035,69.91768319356561,24.756251709646143,2.8242435088152926,0.37617135797685397,0.37617135797685397,2.761004027431095,0.7205882352941176,0.0,0.11475409836065574,0.6764705882352942,0.13746782282282055,0.04389800890039808,nonhydro_winter_run024.nc
stochastic,51,0,False,3600,3600.0,,385.15295163037155,3919.9753938821223,322.448845201025,12.156890781972823,0.0,nan,175.84189601728602,0.5322222222222223,0.023055555555555555,0.4260737362219688,0.006944444444444444,1.4623751806165899,0.1735754752480434,nonhydro_winter_run012.nc
stochastic,51,1,False,3600,3600.0,,142.45016361246093,3899.7631080157876,739.7803031768783,5.271515193455172,0.0,nan,95.7782754694984,0.42444444444444446,0.016944444444444446,0.4323823638384587,0.020833333333333332,3.229862856330385,0.38958756634932235,nonhydro_winter_run012.nc
stochastic,52,0,True,6,6.0,6,6.3923121932077,7.237553246833476,7.220283589914118,1.002391825293882,0.8832145305465519,0.8832145305465519,3.856206210564307,0.6666666666666666,0.0,0.0,0.16666666666666666,0.11359358005080367,0.047371251275658555,nonhydro_winter_run029.nc
stochastic,52,1,False,6,6.0,,12.958596140922346,7.704854211178579,7.704171150952603,1.0000886610918414,0.0,nan,5.894256438985361,1.0,0.0,0.0,0.3333333333333333,0.447092049990367,0.03783331126528644,nonhydro_winter_run029.nc
stochastic,53,0,True,60,60.0,60,24.087794697656598,81.74575912064554,67.17633390582299,1.216883303504594,0.2946672091222043,0.2946672091222043,0.5731262686038056,0.7333333333333333,0.0,0.0,0.4666666666666667,0.08975067966684236,0.02720945790336815,nonhydro_winter_run023.nc
stochastic,53,1,False,60,60.0,,201.38652126670289,64.78264358233169,39.93691815705947,1.6221242542441985,0.0,nan,185.60647273657233,0.75,0.0,0.11627906976744186,0.55,1.7274751920840217,0.12303183640289128,nonhydro_winter_run023.nc
stochastic,54,0,False,39,39.0,,243.7905508119414,49.80932387473256,34.118823541149524,1.459878117270347,0.0,nan,222.36269369994838,0.9487179487179487,0.0,0.48484848484848486,0.0,4.151066006015952,0.4079286227458099,nonhydro_winter_run010.nc
stochastic,54,1,True,39,39.0,39,2.099853649836796,53.8337579743025,42.485824046564545,1.26709930152939,0.03900626166278712,0.03900626166278712,2.099853649836796,0.46153846153846156,0.0,0.14285714285714285,0.6666666666666666,0.14463547469478755,0.022092229338547376,nonhydro_winter_run010.nc
stochastic,55,0,False,450,450.0,,134.09695864732817,448.67203475460616,152.02233068464912,2.951356111526266,0.0,nan,79.8588775189866,0.48444444444444446,0.011111111111111112,0.41208791208791207,0.34,0.6031138808611445,0.07056409354759596,nonhydro_winter_run029.nc
stochastic,55,1,True,450,450.0,450,87.06747361328013,523.5767080404369,192.2360183176038,2.723613985675706,0.16629363429695526,0.16629363429695526,3.7006385593151587,0.5977777777777777,0.006666666666666667,0.1359773371104816,0.5333333333333333,0.10863298850500058,0.04614405135227606,nonhydro_winter_run029.nc
stochastic,56,0,False,43,43.0,,235.80672592611737,44.143603598655886,24.157440062448284,1.8273295301382222,0.0,nan,221.2530828434233,0.813953488372093,0.046511627906976744,0.3333333333333333,0.0,1.243931419542882,0.14188286567784603,nonhydro_winter_run012.nc
stochastic,56,1,True,43,43.0,43,51.637507590160766,56.81151767247016,55.514116013385426,1.0233706623153633,0.9089267406630711,0.9089267406630711,3.056265142217915,0.9767441860465116,0.0,0.0,0.20930232558139536,0.10584542111364215,0.014899030668538593,nonhydro_winter_run012.nc
stochastic,57,0,False,26,26.0,,336.3393753284035,35.98687530114071,27.423787819295068,1.312250354993658,0.0,nan,312.20408627483386,0.9615384615384616,0.0,0.4375,0.0,2.516036054409277,0.3757502597862197,nonhydro_winter_run002.nc
stochastic,57,1,True,26,26.0,26,12.371705897982238,36.44329379124658,27.913060449556873,1.3056000740981137,0.33947825816320243,0.33947825816320243,1.4673280476141233,0.7692307692307693,0.0,0.0,0.7307692307692307,0.13973281194795817,0.009381535053280876,nonhydro_winter_run002.nc
stochastic,58,0,False,52,52.0,,81.206395567752,59.4239214018055,56.77343772331,1.0466852772138415,0.0,nan,55.61556044931277,0.9615384615384616,0.0,0.0,0.0,0.4922274769953532,0.08084717257518981,nonhydro_winter_run016.nc
stochastic,58,1,True,52,52.0,52,69.92813182600145,73.61559533017089,72.14304003272329,1.0204116058427766,0.9499092075852824,0.9499092075852824,3.226688317443967,1.0,0.0,0.0,0.019230769230769232,0.04623058152299109,0.047250946484255874,nonhydro_winter_run016.nc
stochastic,59,0,True,450,450.0,450,93.84998094649599,544.9135870421152,222.81265067316238,2.4456133231027066,0.17222910784062084,0.17222910784062084,2.335285259762124,0.6311111111111111,0.02,0.415929203539823,0.0022222222222222222,0.03003784123744424,0.046117586456604354,nonhydro_winter_run024.nc
stochastic,59,1,False,450,450.0,,352.4045034310588,499.6777759185102,130.74516708594393,3.821768613367195,0.0,nan,289.71688731455765,0.5244444444444445,0.028888888888888888,0.35359116022099446,0.0,3.3780218348205793,0.48055230289002393,nonhydro_winter_run024.nc
stochastic,60,0,True,570,570.0,570,48.16166808595784,597.6769836213813,412.58820432072986,1.4486041466099955,0.0805814334594947,0.0805814334594947,2.7316169115340263,0.6070175438596491,0.005263157894736842,0.3490364025695932,0.0017543859649122807,0.13231214385133683,0.047270884807262714,nonhydro_winter_run006.nc
stochastic,60,1,False,570,570.0,,87.94796716885928,565.7409027009535,130.24526388604374,4.343658155554436,0.0,nan,87.94796716885928,0.4298245614035088,0.017543859649122806,0.25663716814159293,0.028070175438596492,1.5748576075911132,0.13874589796769043,nonhydro_winter_run006.nc
stochastic,61,0,True,17,17.0,17,14.324622636885179,26.160862750699053,24.42040245566701,1.071270745770537,0.5475592595470654,0.5475592595470654,2.781645256236825,0.8235294117647058,0.0,0.0,0.6470588235294118,0.1497069399574471,0.000281594178464073,nonhydro_winter_run013.nc
stochastic,61,1,False,17,17.0,,50.830107686881405,20.74752036676006,16.524249052947702,1.255580226386081,0.0,nan,41.053566215568694,1.0,0.0,0.0,0.0,1.5456890137202208,0.11701721694334044,nonhydro_winter_run013.nc
stochastic,62,0,True,578,578.0,578,390.6587645876124,835.7975033819107,698.7429930601974,1.1961443788101156,0.4674083890019759,0.4674083890019759,0.4983289475007023,0.8217993079584776,0.03633217993079585,0.39112050739957716,0.0328719723183391,0.10838249724712767,0.03314340551583972,nonhydro_winter_run014.nc
stochastic,62,1,False,578,578.0,,95.17488079258307,605.9777946721013,293.96712388908844,2.061379472150539,0.0,nan,14.206899155557242,0.5415224913494809,0.015570934256055362,0.2677165354330709,0.11937716262975778,1.9998078909944965,0.19016211140025696,nonhydro_winter_run014.nc
stochastic,63,0,True,624,624.0,624,35.8770531974533,645.9012274819319,237.9441839216737,2.714507313591448,0.05554572691759888,0.05554572691759888,6.067546310184761,0.5496794871794872,0.022435897435897436,0.36673773987206826,0.15705128205128205,0.13177157402998319,0.042514958028564864,nonhydro_winter_run014.nc
stochastic,63,1,False,624,624.0,,62.10620513583713,717.1022264719015,70.74686006657905,10.136170365681883,0.0,nan,54.15882753181125,0.42948717948717946,0.00641025641025641,0.3799126637554585,0.11698717948717949,0.9464857945760983,0.004855589520692538,nonhydro_winter_run014.nc
stochastic,64,0,False,277,277.0,,376.65752783160946,254.5103555102998,75.86314483759884,3.3548616532458975,0.0,nan,365.4468161830586,0.5812274368231047,0.007220216606498195,0.13761467889908258,0.7653429602888087,1.4502124698548897,0.009274430885958918,nonhydro_winter_run016.nc
stochastic,64,1,True,277,277.0,277,114.30186322374387,356.37136435616674,239.98160200892917,1.4849945219671754,0.3207380689249421,0.3207380689249421,2.1861383635095417,0.6931407942238267,0.01444043321299639,0.14427860696517414,0.6750902527075813,0.1498598632901107,0.017555393635274363,nonhydro_winter_run016.nc
stochastic,65,0,True,131,131.0,131,72.48185956163597,180.88798388413542,124.88342812708187,1.4484546636569193,0.4007002455622643,0.4007002455622643,3.6924565266216227,0.7709923664122137,0.0,0.10344827586206896,0.4580152671755725,0.056539526099818715,0.04801757539199614,nonhydro_winter_run006.nc
stochastic,65,1,False,131,131.0,,82.39098018402655,191.02343990673742,101.96369808535246,1.8734455840041642,0.0,nan,17.63871465179892,0.7099236641221374,0.0,0.05454545454545454,0.022900763358778626,0.5544722522045831,0.050584050114694024,nonhydro_winter_run006.nc
stochastic,66,0,False,3600,3600.0,,275.89032132676607,3945.908585941931,261.77671468916213,15.073565999280593,0.0,nan,275.89032132676607,0.4697222222222222,0.020277777777777777,0.42788461538461536,0.06194444444444445,2.211448311357586,0.2587999824354922,nonhydro_winter_run029.nc
stochastic,66,1,False,3600,3600.0,,129.41624764575843,3061.4111640398414,171.49659680942747,17.85114819183135,0.0,nan,65.14892697637383,0.40055555555555555,0.0077777777777777776,0.38940170940170943,0.1486111111111111,1.8277399254339315,0.05016796002498203,nonhydro_winter_run029.nc
stochastic,67,0,True,41,41.0,41,41.47822793222136,56.970331467101154,55.39510911412738,1.0284361269102014,0.7280671687187554,0.7280671687187554,1.8663833516753354,0.975609756097561,0.0,0.0,0.24390243902439024,0.1482189926296229,0.011901345577209455,nonhydro_winter_run024.nc
stochastic,67,1,False,41,41.0,,59.50626427694848,50.763644159409566,46.9203622626892,1.0819107464516855,0.0,nan,25.614786319742517,0.9512195121951219,0.0,0.0,0.24390243902439024,0.2940085321300785,0.021038104431720495,nonhydro_winter_run024.nc
stochastic,68,0,False,315,315.0,,37.69650677060662,333.62808913137485,137.51003970248638,2.4262089506570215,0.0,nan,37.02924191655212,0.3047619047619048,0.015873015873015872,0.4652173913043478,0.0,2.1023625329917977,0.25120093266284205,nonhydro_winter_run015.nc
stochastic,68,1,True,315,315.0,315,57.26553668032155,454.12489803113994,345.37081414861,1.3148907766008682,0.12610085227345272,0.12610085227345272,4.032714402256925,0.6190476190476191,0.0,0.0635593220338983,0.8222222222222222,0.1402180714622645,0.03557418295968884,nonhydro_winter_run015.nc
stochastic,69,0,False,301,301.0,,24.152525634853546,351.3513920078507,187.72541557262343,1.8716239936724333,0.0,nan,15.481890541190495,0.23920265780730898,0.006644518272425249,0.30677290836653387,0.4186046511627907,1.0994517790663494,0.3300822379377609,nonhydro_winter_run002.nc
stochastic,69,1,True,301,301.0,301,56.10432410268892,291.6083779505612,153.64268970456789,1.897964546906077,0.19239613243279574,0.19239613243279574,3.249782007601821,0.574750830564784,0.0,0.06140350877192982,0.8239202657807309,0.12063513834952744,0.02919433627394663,nonhydro_winter_run002.nc
stochastic,70,0,False,13,13.0,,74.39116659089069,16.954180559052183,14.943636985551707,1.1345417835995597,0.0,nan,64.96340408223348,1.0,0.0,0.0,0.0,1.156893175208225,0.41926733880772693,nonhydro_winter_run020.nc
stochastic,70,1,True,13,13.0,13,14.542235868628723,22.950089143518053,22.9348080885925,1.0006662822233579,0.6336461604871798,0.6336461604871798,2.694428213128828,0.9230769230769231,0.0,0.0,0.23076923076923078,0.1040603295856215,0.028630649699149524,nonhydro_winter_run020.nc
stochastic,71,0,False,5,5.0,,46.25046203475551,4.3783458993731665,3.2890720824941195,1.33117967303807,0.0,nan,44.23333953768572,1.0,0.0,0.0,0.0,0.46966849393930943,0.1865768757166847,nonhydro_winter_run029.nc
stochastic,71,1,True,5,5.0,5,7.270694846484107,6.4161455551319095,6.415534752606943,1.0000952067985787,1.0,1.1331873293723351,3.0735402709841098,1.0,0.0,0.0,0.2,0.11391762956519358,0.0464867085959948,nonhydro_winter_run029.nc
stochastic,72,0,False,50,50.0,,49.00278790395686,61.622722789520516,50.16859447448879,1.2283127210361904,0.0,nan,9.762128384661395,0.94,0.0,0.10204081632653061,0.0,0.19232541406786652,0.06069094964251043,nonhydro_winter_run029.nc
stochastic,72,1,True,50,50.0,50,55.00621096948536,59.67939713607174,55.397800022598496,1.0772882156281776,0.9216951512440499,0.9216951512440499,2.804853242096882,1.0,0.0,0.0,0.02,0.09421249248876506,0.04834404554150451,nonhydro_winter_run029.nc
stochastic,73,0,True,154,154.0,154,54.484707967509145,193.73161622316957,144.19343518895886,1.3435536504785617,0.2812380809580681,0.2812380809580681,3.4649450029948836,0.7597402597402597,0.01948051948051948,0.04132231404958678,0.4155844155844156,0.14986310566679606,0.007762590343764364,nonhydro_winter_run025.nc
stochastic,73,1,False,154,154.0,,486.72554257166604,180.58034761247902,106.90826546924657,1.6891149325065524,0.0,nan,425.66553254419597,0.8181818181818182,0.025974025974025976,0.3274336283185841,0.0,3.280875285437439,0.32878941613226276,nonhydro_winter_run025.nc
stochastic,74,0,True,17,17.0,17,11.064834250023528,17.158830285495114,12.40809975944639,1.3828733342050987,0.6448478168920974,0.6448478168920974,2.6358306459083725,0.9411764705882353,0.0,0.0,1.0,0.14525939280281364,0.030136434936067658,nonhydro_winter_run006.nc
stochastic,74,1,False,17,17.0,,417.1299973913944,22.838902370154784,19.758474240650028,1.155904149884572,0.0,nan,401.3710553963985,1.0,0.23529411764705882,0.125,0.0,1.5937711695257377,0.11388982499473199,nonhydro_winter_run006.nc
stochastic,75,0,False,109,109.0,,119.15688672069626,117.69022372719645,87.57326257077614,1.3439058940173663,0.0,nan,116.80926009087217,0.5229357798165137,0.009174311926605505,0.0425531914893617,0.0,1.1562038686986824,0.1423774268466067,nonhydro_winter_run020.nc
stochastic,75,1,True,109,109.0,109,87.73703583139894,132.4353530537908,102.67460790415139,1.2898549676218058,0.6624895377880187,0.6624895377880187,4.614644986704218,0.981651376146789,0.0,0.0,0.009174311926605505,0.0070063829112498865,0.0499592371522839,nonhydro_winter_run020.nc
stochastic,76,0,False,191,191.0,,151.44409411340817,239.45189298949384,131.7044813719401,1.8180998132726376,0.0,nan,25.729824319276524,0.8848167539267016,0.0,0.19078947368421054,0.11518324607329843,0.8670511252121003,0.04833652700367386,nonhydro_winter_run017.nc
stochastic,76,1,True,191,191.0,191,123.21974667422205,293.3123316623854,202.44495373421753,1.4488498046114022,0.4200973957550924,0.4200973957550924,0.9798091704506491,0.7486910994764397,0.0,0.07236842105263158,0.4712041884816754,0.10353268635417123,0.04179961897072482,nonhydro_winter_run017.nc
stochastic,77,0,True,781,781.0,781,227.15577605030666,911.9116769733814,399.6906987867296,2.2815434027899832,0.24909843988864427,0.24909843988864427,3.4196182847375467,0.6888604353393086,0.028169014084507043,0.33560477001703576,0.09090909090909091,0.14655010496976928,0.04268560141537159,nonhydro_winter_run002.nc
stochastic,77,1,False,781,781.0,,152.98944368478223,789.0766840175718,41.855562721601764,18.852373082785654,0.0,nan,130.8802354294298,0.5070422535211268,0.015364916773367477,0.3411371237458194,0.03713188220230474,1.1886555270233004,0.10365158358112003,nonhydro_winter_run002.nc
stochastic,78,0,False,276,276.0,,29.425077814404656,301.15888706109166,194.21664140164708,1.5506337916650723,0.0,nan,29.425077814404656,0.08695652173913043,0.028985507246376812,0.2824074074074074,0.967391304347826,1.4049273510183653,0.03149404003842182,nonhydro_winter_run022.nc
stochastic,78,1,True,276,276.0,276,42.49199860909304,429.7852263433578,91.96240918511107,4.673488114890981,0.09886798336605908,0.09886798336605908,2.574632053543957,0.5942028985507246,0.0036231884057971015,0.19298245614035087,0.12681159420289856,0.13579207290266027,0.01724969013766764,nonhydro_winter_run022.nc
stochastic,79,0,True,6,6.0,6,7.5727654249378675,10.890014379399839,10.875607831431207,1.0013246660041377,0.6953861731590488,0.6953861731590488,3.993142905281276,0.8333333333333334,0.0,0.0,0.8333333333333334,0.09549012651775968,0.0013929973687631936,nonhydro_winter_run004.nc
stochastic,79,1,False,6,6.0,,30.4529504170783,7.038025216824326,6.462443766867705,1.0890656028463364,0.0,nan,29.023325213495667,1.0,0.0,0.0,0.0,1.5461236419753135,0.18269664025343013,nonhydro_winter_run004.nc
stochastic,80,0,False,427,427.0,,26.766388836206076,355.40160283499927,56.063221500038615,6.339300406323502,0.0,nan,26.766388836206076,0.5011709601873536,0.0351288056206089,0.3613138686131387,0.05152224824355972,1.6389913975092583,0.15429881788762245,nonhydro_winter_run028.nc
stochastic,80,1,True,427,427.0,427,83.68698477908858,451.6805971743031,183.81787077554728,2.457218089126015,0.18527912268676408,0.18527912268676408,1.5546420868624153,0.5737704918032787,0.03044496487119438,0.3241590214067278,0.48009367681498827,0.10615622502471922,0.02423158604393716,nonhydro_winter_run028.nc
stochastic,81,0,True,30,30.0,30,18.332861201169976,28.21943848916272,19.523138277736496,1.4454355692057552,0.6496536494944949,0.6496536494944949,3.1900112710644137,0.9333333333333333,0.0,0.06896551724137931,0.03333333333333333,0.07374689538694668,0.04890229651955513,nonhydro_winter_run002.nc
stochastic,81,1,False,30,30.0,,76.52172249250741,41.398668079707925,36.32955308150839,1.1395314439136246,0.0,nan,76.52172249250741,0.0,0.0,0.0,0.16666666666666666,0.9989420776194464,0.028231242464284212,nonhydro_winter_run002.nc
stochastic,82,0,False,1341,1341.0,,48.68404469800641,1457.374375094988,124.86209117395687,11.67187223434041,0.0,nan,40.27018202548262,0.4802386278896346,0.01640566741237882,0.37309160305343514,0.17747949291573453,0.9530513370719902,0.16287201428309805,nonhydro_winter_run022.nc
stochastic,82,1,True,1341,1341.0,1341,98.30255121374343,1624.8426649957291,335.9095039552275,4.8371440696488905,0.06049973534760783,0.06049973534760783,4.004208472692339,0.5257270693512305,0.010439970171513796,0.35260115606936415,0.10663683818046234,0.04185411561553565,0.04880661526258956,nonhydro_winter_run022.nc
stochastic,83,0,False,3600,3600.0,,42.42605470599869,2977.0384566127195,56.278222323283245,52.898587299213055,0.0,nan,11.292261765181024,0.4708333333333333,0.014722222222222222,0.3270123839009288,0.9605555555555556,0.6316918257836477,0.02485365291386432,nonhydro_winter_run023.nc
stochastic,83,1,False,3600,3600.0,,66.35999969299411,3429.739046442563,65.27435059637243,52.543441874290636,0.0,nan,33.139534258146284,0.5291666666666667,0.02388888888888889,0.2841409691629956,0.6772222222222222,0.5109847434740971,0.03547198213273939,nonhydro_winter_run023.nc
stochastic,84,0,False,178,178.0,,112.27623787450904,276.27104047734986,143.48771621723776,1.9253985481173914,0.0,nan,112.21056022017919,0.4157303370786517,0.011235955056179775,0.22388059701492538,0.12359550561797752,1.8862814319163732,0.11520052411984161,nonhydro_winter_run020.nc
stochastic,84,1,True,178,178.0,178,25.350007127792146,243.11660255139702,142.79068078093218,1.702608330051901,0.10427098298411326,0.10427098298411326,3.9447507177011176,0.6404494382022472,0.0,0.2857142857142857,0.10112359550561797,0.14681765352928977,0.044199433529296894,nonhydro_winter_run020.nc
stochastic,85,0,True,81,81.0,81,35.032956104140524,93.10280058219664,62.627377533587044,1.4866150276253485,0.3762825165845722,0.3762825165845722,1.8727249408535098,0.7901234567901234,0.0,0.05333333333333334,0.012345679012345678,0.05145092592371725,0.04522735282802648,nonhydro_winter_run022.nc
stochastic,85,1,False,81,81.0,,61.80602845508819,97.95914403020726,59.44545804747592,1.6478827356662389,0.0,nan,47.596395066636205,0.6172839506172839,0.0,0.5555555555555556,0.0,2.9458794707003904,0.3801894317594867,nonhydro_winter_run022.nc
stochastic,86,0,True,511,511.0,511,182.03880648553744,678.6844331217019,397.5364970277941,1.70722547035537,0.26822304682638004,0.26822304682638004,2.2808597106163235,0.6790606653620352,0.007827788649706457,0.28388746803069054,0.37377690802348335,0.1350990060166808,0.03742990720433015,nonhydro_winter_run029.nc
stochastic,86,1,False,511,511.0,,799.2486463175718,593.2612868480314,433.02127591371516,1.370051126463001,0.0,nan,578.1354576047936,0.7455968688845401,0.0,0.4327485380116959,0.0,3.6490259838950365,0.289071068643981,nonhydro_winter_run029.nc
stochastic,87,0,True,72,72.0,72,40.95338294667317,80.29650461011038,42.12951903913813,1.9059440136384014,0.5100269699849003,0.5100269699849003,2.4267506191495123,0.8055555555555556,0.0,0.1016949152542373,0.06944444444444445,0.12816341495565808,0.017845173309491424,nonhydro_winter_run019.nc
stochastic,87,1,False,72,72.0,,45.981254269231734,79.31183911835879,45.563476985776006,1.7406889106184398,0.0,nan,41.23982062227122,0.4583333333333333,0.013888888888888888,0.3673469387755102,0.0,1.9435293943558065,0.28390662714528403,nonhydro_winter_run019.nc
stochastic,88,0,False,3600,3600.0,,19.69356344803223,3335.800179640052,313.0169043305494,10.656933007418058,0.0,nan,16.04747832714798,0.4558333333333333,0.028055555555555556,0.40942028985507245,0.08833333333333333,0.9450400432088983,0.1414966295656337,nonhydro_winter_run016.nc
stochastic,88,1,False,3600,3600.0,,438.261820261556,3272.686918503615,298.4464971314466,10.96574076077095,0.0,nan,162.1040237873453,0.5980555555555556,0.014722222222222222,0.36155606407322655,0.19611111111111112,1.75258779011223,0.03968799407804413,nonhydro_winter_run016.nc
stochastic,89,0,True,68,68.0,68,76.94397958708085,79.15465565240072,77.80656125451087,1.0173262302838464,0.9720714334855068,0.9720714334855068,5.791629682120267,1.0,0.0,0.0,0.014705882352941176,0.12489068781718515,0.045855680715235936,nonhydro_winter_run026.nc
stochastic,89,1,False,68,68.0,,32.666572924271115,86.65659730479535,60.83114987637198,1.4245431408235552,0.0,nan,15.176066011002009,0.6911764705882353,0.0,0.2653061224489796,0.47058823529411764,0.27099162874024785,0.0767367140786328,nonhydro_winter_run026.nc
stochastic,90,0,False,40,40.0,,131.43300466500526,46.63953782545082,32.72760258188109,1.4250826258588147,0.0,nan,118.98435006502386,0.725,0.0,0.20689655172413793,0.6,1.410069698970048,0.10549154808733918,nonhydro_winter_run020.nc
stochastic,90,1,True,40,40.0,40,27.353884041465943,46.893718661425225,36.250436269484226,1.2936042565893355,0.5833165895620739,0.5833165895620739,5.976838303397825,0.925,0.0,0.0,0.025,0.1448216599864054,0.04759035456527183,nonhydro_winter_run020.nc
stochastic,91,0,True,170,170.0,170,56.737737776843126,185.13802334736383,75.44736096028265,2.453870102160698,0.306461831832294,0.306461831832294,4.339510125179828,0.6882352941176471,0.023529411764705882,0.24427480916030533,0.17058823529411765,0.1491001804511427,0.015537720047266834,nonhydro_winter_run023.nc
stochastic,91,1,False,170,170.0,,193.36831441455269,224.28094571534206,153.28356739276418,1.4631767092206214,0.0,nan,151.90481248196534,0.5823529411764706,0.023529411764705882,0.308411214953271,1.0,1.0412707811324609,0.03682092637191181,nonhydro_winter_run023.nc
stochastic,92,0,True,29,29.0,29,12.406938710091808,42.187556689134176,36.16134097157306,1.1666480156888652,0.29409000387280876,0.29409000387280876,3.8351153813140293,0.6551724137931034,0.0,0.0,0.7931034482758621,0.14852217379297628,0.02918349527595876,nonhydro_winter_run014.nc
stochastic,92,1,False,29,29.0,,42.7423859942809,43.851474963015654,41.0912470814841,1.0671731348541944,0.0,nan,17.49978176342831,1.0,0.0,0.0,0.0,0.3199419188920132,0.13740655313944072,nonhydro_winter_run014.nc
stochastic,93,0,False,216,216.0,,77.35250483407884,251.82659351806709,142.32287288541485,1.7694035288397703,0.0,nan,59.03341127720774,0.41203703703703703,0.027777777777777776,0.35365853658536583,0.3101851851851852,1.1463133490906046,0.06826475704030355,nonhydro_winter_run029.nc
stochastic,93,1,True,216,216.0,216,33.084734348639365,257.92436595381844,133.30391308606053,1.9348596750292197,0.128273008353787,0.128273008353787,1.511644677757119,0.5462962962962963,0.037037037037037035,0.437125748502994,0.4027777777777778,0.1360340477408073,0.010589733207122531,nonhydro_winter_run029.nc
stochastic,94,0,True,77,77.0,77,72.8544208329871,87.41114336955917,72.0175734274603,1.2137474120480334,0.8334683431032498,0.8334683431032498,3.4831788976855016,1.0,0.0,0.0,0.012987012987012988,0.08508330690885657,0.049143123026798685,nonhydro_winter_run002.nc
stochastic,94,1,False,77,77.0,,17.434483652506525,77.6909759221065,29.807001644368256,2.606467327678544,0.0,nan,6.061448120133987,0.6233766233766234,0.0,0.038461538461538464,0.7922077922077922,0.39370163765403987,0.022584731363933352,nonhydro_winter_run002.nc
stochastic,95,0,False,521,521.0,,13.15831318273353,591.9164987332794,153.9009793852553,3.846086627243314,0.0,nan,12.43845902411594,0.45297504798464494,0.01727447216890595,0.31386861313868614,0.30518234165067176,1.5053870529696738,0.20120887050278136,nonhydro_winter_run014.nc
stochastic,95,1,True,521,521.0,521,122.0540453450754,703.0002240151355,471.8006473806671,1.490036582014114,0.17361878584898943,0.17361878584898943,4.173048235484326,0.6257197696737045,0.007677543186180422,0.37662337662337664,0.02111324376199616,0.14708940748949573,0.01372671951305704,nonhydro_winter_run014.nc
stochastic,96,0,False,359,359.0,,201.4488411691379,448.61740909966414,201.8669810279343,2.2223416965728764,0.0,nan,9.135051847402549,0.7103064066852368,0.0,0.18770226537216828,0.1532033426183844,0.4477176952698301,0.06648177926816534,nonhydro_winter_run025.nc
stochastic,96,1,True,359,359.0,359,81.94859438120093,354.85698030428466,106.17106409236818,3.342313495092799,0.2309341479232879,0.2309341479232879,1.3330645950375917,0.6267409470752089,0.005571030640668524,0.06289308176100629,0.298050139275766,0.0013083285545079093,0.04659572250967192,nonhydro_winter_run025.nc
stochastic,97,0,False,94,94.0,,96.18674024033263,112.51189465867185,50.46825223219891,2.229359838755995,0.0,nan,96.18674024033263,0.3723404255319149,0.0,0.024096385542168676,0.0,0.8794133864881175,0.08242152497366395,nonhydro_winter_run005.nc
stochastic,97,1,True,94,94.0,94,41.499300762617864,103.26084968224062,82.83428509536911,1.2465955318302548,0.40188804266400635,0.40188804266400635,3.737028365377421,0.8191489361702128,0.0,0.013333333333333334,0.23404255319148937,0.13802292885101508,0.04863360108130288,nonhydro_winter_run005.nc
stochastic,98,0,True,11,11.0,11,6.719633122910435,14.517914992007185,12.968917774822287,1.1194392041093901,0.46285111371776994,0.46285111371776994,1.6734508949973932,0.8181818181818182,0.0,0.0,1.0,0.14940109241717892,0.03755814122308887,nonhydro_winter_run011.nc
stochastic,98,1,False,11,11.0,,43.601786252947846,11.53030442190842,11.49692184443837,1.0029036100202942,0.0,nan,38.192471061816576,1.0,0.0,0.0,0.0,0.3221812807395352,0.0767781550795632,nonhydro_winter_run011.nc
stochastic,99,0,True,129,129.0,129,60.84815290712382,141.2631438923797,71.13488581496335,1.9858490285601154,0.4307433009807607,0.4307433009807607,2.905781793750255,0.8217054263565892,0.007751937984496124,0.05309734513274336,0.2868217054263566,0.14591358575916047,0.04880982669588063,nonhydro_winter_run029.nc
stochastic,99,1,False,129,129.0,,31.80556390121053,144.9714334214551,53.94590856543695,2.6873480728497365,0.0,nan,20.150999210937492,0.5348837209302325,0.007751937984496124,0.13592233009708737,0.5116279069767442,0.29477619672965716,0.007922074238820076,nonhydro_winter_run029.nc
