mode,episode,agent,success,steps,time_s,steps_to_success,spawn_dist,path_len,net_disp,tortuosity,spl,path_efficiency,min_dist,monotonic_frac,noop_frac,zflip_frac,depth_band_frac,final_dS,final_dtau,nc_file
greedy,0,0,False,193,193.0,,278.1506912282311,212.21787410442167,91.11880959136084,2.3290237773754066,0.0,nan,278.1506912282311,0.29533678756476683,0.0,0.07407407407407407,0.3160621761658031,0.7452319763696948,0.05372350549619731,nonhydro_winter_run026.nc
greedy,0,1,True,193,193.0,193,65.96094892145089,244.0039459304069,92.63554363218203,2.6340207696005655,0.2703273861819588,0.2703273861819588,1.6936682535859033,0.7305699481865285,0.0,0.13548387096774195,0.0051813471502590676,0.028505834475822667,0.04863762403753835,nonhydro_winter_run026.nc
greedy,1,0,False,3600,3600.0,,67.04110777533738,3268.2912578559963,134.7240860500953,24.2591458860647,0.0,nan,28.979841291595353,0.46055555555555555,0.0,0.4684459271615235,0.10444444444444445,0.6696578502463453,0.07767068718601233,nonhydro_winter_run015.nc
greedy,1,1,False,3600,3600.0,,215.98167067237966,3424.987412693358,102.0543771442903,33.560416598799236,0.0,nan,215.98167067237966,0.5280555555555555,0.002777777777777778,0.47447073474470736,0.05,1.80226188138937,0.128979019088713,nonhydro_winter_run015.nc
greedy,2,0,False,3600,3600.0,,327.7413696405902,3115.6288278388492,50.24750296256193,62.00564494041069,0.0,nan,296.9053627526494,0.33555555555555555,0.0,0.4573304157549234,0.09194444444444444,1.6461468790534113,0.09759662551267634,nonhydro_winter_run026.nc
greedy,2,1,False,3600,3600.0,,96.43099952120069,3453.79421234902,232.79978874654265,14.83589925465649,0.0,nan,5.466825252314479,0.5911111111111111,0.0033333333333333335,0.6389011962782455,0.04138888888888889,0.9091409158852457,0.17995915696464848,nonhydro_winter_run026.nc
greedy,3,0,True,371,371.0,371,57.99633419679201,377.06100374913194,136.96861196523795,2.7529008167566773,0.15381154142203052,0.15381154142203052,2.569379004669444,0.5444743935309974,0.0,0.3622291021671827,0.6172506738544474,0.04460377000221882,0.047537796438888114,nonhydro_winter_run025.nc
greedy,3,1,False,371,371.0,,20.79846717474991,367.72228924050876,34.09004061542037,10.786795281029157,0.0,nan,6.903929731563014,0.5768194070080862,0.0,0.6657534246575343,0.10512129380053908,0.3761304788990998,0.10744477004639652,nonhydro_winter_run025.nc
greedy,4,0,False,617,617.0,,376.2072368733783,750.6363306368946,410.38011046145795,1.8291245396684321,0.0,nan,2.753934657109456,0.8589951377633711,0.0,0.5350877192982456,0.39546191247974066,0.2831425450313034,0.03056785357483749,nonhydro_winter_run022.nc
greedy,4,1,True,617,617.0,617,215.06634493623778,794.8964807536456,547.2238829272659,1.4525982976135914,0.2705589345826921,0.2705589345826921,2.548161681106807,0.6952998379254457,0.029173419773095625,0.3403693931398417,0.24473257698541329,0.08973001504787703,0.046933202840952704,nonhydro_winter_run022.nc
greedy,5,0,False,100,100.0,,93.02128327917016,107.71043791403669,67.59877906172197,1.5933784516387528,0.0,nan,93.02128327917016,0.06,0.0,0.5806451612903226,0.0,1.5226744267147865,0.18245475298207015,nonhydro_winter_run021.nc
greedy,5,1,True,100,100.0,100,37.53441912281046,118.10846901900437,66.68955004670897,1.771019131727263,0.3177961702032641,0.3177961702032641,3.1947054738703238,0.64,0.0,0.2727272727272727,0.18,0.13475971087770944,0.045773484789172425,nonhydro_winter_run021.nc
greedy,6,0,False,243,243.0,,56.88935350855361,410.1139576461584,349.2172275313021,1.1743806585526992,0.0,nan,2.4520272223848902,0.4773662551440329,0.0,0.5206611570247934,0.34156378600823045,1.417615267036318,0.09176819830547112,nonhydro_winter_run014.nc
greedy,6,1,True,243,243.0,243,128.90647192958957,371.644340709115,283.70982631200184,1.3099452547703077,0.34685439224940146,0.34685439224940146,2.2407875453065675,0.6790123456790124,0.0,0.7631578947368421,0.3292181069958848,0.13461361794773552,0.04545236067000924,nonhydro_winter_run014.nc
greedy,7,0,False,264,264.0,,649.9576085366115,310.0410461547078,252.57457168891924,1.2275228027965004,0.0,nan,491.3766704780014,0.8712121212121212,0.2159090909090909,0.013422818791946308,0.01893939393939394,2.8756156096859655,0.22498243677062624,nonhydro_winter_run029.nc
greedy,7,1,True,264,264.0,264,65.07770211623993,310.1091946969948,83.23585522190334,3.725668389785346,0.20985415211511815,0.20985415211511815,5.612127658159351,0.6590909090909091,0.0,0.28634361233480177,0.5568181818181818,0.08048581603296157,0.025493008452288746,nonhydro_winter_run029.nc
greedy,8,0,True,85,85.0,85,54.922255120373855,87.67995037173256,68.28652749042026,1.284000718648828,0.6263946875827662,0.6263946875827662,4.781132098201387,0.8823529411764706,0.0,0.09523809523809523,0.2,0.13680925080956285,0.03458234351855538,nonhydro_winter_run022.nc
greedy,8,1,False,85,85.0,,45.484082651021815,142.43876851602292,130.16746447492082,1.0942732048335042,0.0,nan,3.360039574743695,0.6941176470588235,0.0,0.35714285714285715,0.2823529411764706,0.5179349742951302,0.017899931868742613,nonhydro_winter_run022.nc
greedy,9,0,True,367,367.0,367,123.56788008557244,460.1465712901995,262.13471526107674,1.7553820402303835,0.26854026041985257,0.26854026041985257,2.3099365058552066,0.667574931880109,0.0,0.2841225626740947,0.0027247956403269754,0.1474637084683934,0.047968189292582175,nonhydro_winter_run013.nc
greedy,9,1,False,367,367.0,,486.9698892677832,223.18353469274348,140.73846158950417,1.5858034269531038,0.0,nan,486.3475055923278,0.17166212534059946,0.0,0.0,0.2779291553133515,2.7653934904633104,0.005610254094282507,nonhydro_winter_run013.nc
greedy,10,0,True,812,812.0,812,328.4239012945333,898.3776192221234,381.20141426654857,2.356700645905653,0.365574446944599,0.365574446944599,4.844350900974632,0.7647783251231527,0.0,0.3910355486862442,0.054187192118226604,0.1408823754353321,0.020948937081185726,nonhydro_winter_run024.nc
greedy,10,1,False,812,812.0,,188.05555011905793,819.1300541225353,251.52691411138807,3.2566298402555267,0.0,nan,78.96022719762242,0.5369458128078818,0.0,0.6621067031463749,0.7463054187192119,0.5031864733798628,0.039474136269138205,nonhydro_winter_run024.nc
greedy,11,0,True,135,135.0,135,55.705453423348295,175.4270183456988,132.8963407576403,1.3200289590036238,0.3175420408364599,0.3175420408364599,0.9022759922615915,0.8444444444444444,0.0,0.19402985074626866,0.08888888888888889,0.12412626670877813,0.002546127164293477,nonhydro_winter_run005.nc
greedy,11,1,False,135,135.0,,46.089605378138195,129.5361492012179,58.12923821028798,2.2284164250116048,0.0,nan,8.33613239123048,0.7037037037037037,0.0,0.29850746268656714,0.4888888888888889,0.45633791274892843,0.00035327512746141654,nonhydro_winter_run005.nc
greedy,12,0,True,672,672.0,672,27.562947728923138,562.5737198865996,62.127967414886186,9.055080075769613,0.04899437487851213,0.04899437487851213,3.9277289604875643,0.5863095238095238,0.0,0.5424739195230999,0.0818452380952381,0.1281778553589561,0.04672790704351859,nonhydro_winter_run019.nc
greedy,12,1,False,672,672.0,,144.8094174507521,973.9884662975287,622.3439549544319,1.5650324206472679,0.0,nan,40.389218554404536,0.5163690476190477,0.0,0.5422960725075529,0.5714285714285714,1.976961648442071,0.05777423444315899,nonhydro_winter_run019.nc
greedy,13,0,False,137,137.0,,138.01485918576225,160.75684074993046,45.850156973835254,3.506135013707098,0.0,nan,137.57692804872514,0.39416058394160586,0.0,0.3469387755102041,0.6788321167883211,0.7957895051571384,0.054194342154866626,nonhydro_winter_run027.nc
greedy,13,1,True,137,137.0,137,20.137070407450043,163.50091290338605,107.01208117967158,1.5278734055164354,0.12316182246241765,0.12316182246241765,4.48158672196527,0.6277372262773723,0.0,0.75,0.8759124087591241,0.149256473693562,0.02264935068025764,nonhydro_winter_run027.nc
greedy,14,0,False,1317,1317.0,,214.35830585441508,1369.2927489620497,160.9808842035174,8.50593383019902,0.0,nan,22.91128377691513,0.6499620349278664,0.023538344722854973,0.4166666666666667,0.5322703113135915,0.9979034896949202,0.04538471245288089,nonhydro_winter_run005.nc
greedy,14,1,True,1317,1317.0,1317,296.2960705446694,1620.7589364364098,495.4995747870278,3.2709592881750367,0.1828131647980548,0.1828131647980548,2.032540551381449,0.7790432801822323,0.018223234624145785,0.46875,0.032649962034927864,0.06050280349459314,0.009696373212010667,nonhydro_winter_run005.nc
greedy,15,0,False,3600,3600.0,,203.2020441719045,3428.1579724932344,275.78284257541446,12.430642676967057,0.0,nan,3.398783927088738,0.4672222222222222,0.0,0.575993331480967,0.8569444444444444,0.23116564012619278,0.025464099073390534,nonhydro_winter_run028.nc
greedy,15,1,False,3600,3600.0,,100.95504928114029,2361.484143811598,260.97745891102375,9.04861344602451,0.0,nan,34.72441166986765,0.43583333333333335,0.0,0.32,0.030555555555555555,1.6880357979653766,0.16023134996786825,nonhydro_winter_run028.nc
greedy,16,0,False,191,191.0,,89.30185692233505,190.82546601591505,24.45982938275402,7.801586144769312,0.0,nan,89.30185692233505,0.4031413612565445,0.0,0.8052631578947368,0.0,2.017397327093512,0.23224787518821455,nonhydro_winter_run017.nc
greedy,16,1,True,191,191.0,191,88.38699606330792,272.66540406290903,165.05758965876413,1.6519410263206349,0.3241591883175446,0.3241591883175446,4.493782079542883,0.7172774869109948,0.0,0.34502923976608185,0.23036649214659685,0.1299542412455068,0.03835608681726532,nonhydro_winter_run017.nc
greedy,17,0,True,121,121.0,121,39.091845156015985,160.1155550702792,122.6062452335514,1.3059331094046367,0.2441477040682117,0.2441477040682117,4.345224146990764,0.6198347107438017,0.0,0.016666666666666666,0.008264462809917356,0.08283742437652108,0.04347920136591377,nonhydro_winter_run023.nc
greedy,17,1,False,121,121.0,,48.697133970214786,168.33465484249973,154.91958127176864,1.0865937892460322,0.0,nan,21.186518788177047,0.6859504132231405,0.0,0.1271186440677966,0.0,0.6380257827005167,0.0775519835303764,nonhydro_winter_run023.nc
greedy,18,0,False,43,43.0,,287.8395908715486,51.60596326546436,37.75444699228367,1.366884364006489,0.0,nan,253.0539195538983,0.8372093023255814,0.0,0.0,0.0,1.5281300894425627,0.2806368678231469,nonhydro_winter_run027.nc
greedy,18,1,True,43,43.0,43,29.100150752272448,60.62817258491416,58.58456537347124,1.034883031023873,0.47997736879691655,0.47997736879691655,1.7971224699151573,0.9302325581395349,0.0,0.0,0.023255813953488372,0.0819425763161945,0.048797190061804274,nonhydro_winter_run027.nc
greedy,19,0,False,805,805.0,,144.25421938072498,801.7192628280736,95.90180584978613,8.359793183496778,0.0,nan,45.02093831600747,0.537888198757764,0.0,0.5696517412935324,0.6198757763975156,1.5449041153657035,0.02228394286458346,nonhydro_winter_run018.nc
greedy,19,1,True,805,805.0,805,13.760239785102403,905.9370546870434,292.8468329673832,3.0935525083446787,0.015188957901557396,0.015188957901557396,4.499265429016936,0.5341614906832298,0.012422360248447204,0.6039279869067103,0.5652173913043478,0.11270047212934031,0.021781200653903654,nonhydro_winter_run018.nc
greedy,20,0,False,118,118.0,,20.574159194352205,111.53436725517402,38.568806210055435,2.8918283508110094,0.0,nan,9.128404345178566,0.6101694915254238,0.0,0.39316239316239315,0.6440677966101694,0.6703987560025766,0.020950860120462544,nonhydro_winter_run027.nc
greedy,20,1,True,118,118.0,118,67.12760054420819,184.3284920585776,145.68281092858473,1.26527275856132,0.3641737627999244,0.3641737627999244,2.005320217116526,0.7966101694915254,0.0,0.06837606837606838,0.06779661016949153,0.1474766643768035,0.006499113763710707,nonhydro_winter_run027.nc
greedy,21,0,True,195,195.0,195,133.92763805229183,278.20993545690567,207.12697565358002,1.343185428064242,0.48139056512249195,0.48139056512249195,2.2584472269674642,0.8205128205128205,0.0,0.24742268041237114,0.005128205128205128,0.06659794532428975,0.049727405502690614,nonhydro_winter_run010.nc
greedy,21,1,False,195,195.0,,200.0238590128279,169.67954989641498,50.46576176728713,3.3622706554764523,0.0,nan,200.0238590128279,0.49743589743589745,0.0,0.6597938144329897,0.0,1.2313633188211952,0.22363461066943502,nonhydro_winter_run010.nc
greedy,22,0,True,62,62.0,62,11.485328904564758,52.53848913235919,17.003718670615857,3.0898234762699883,0.2186079024014184,0.2186079024014184,1.9695455437443434,0.5645161290322581,0.0,0.36065573770491804,0.016129032258064516,0.1494639824120938,0.0489569414370955,nonhydro_winter_run024.nc
greedy,22,1,False,62,62.0,,407.07090879313483,83.69401846693789,74.69491953029618,1.1204780591937273,0.0,nan,407.07090879313483,0.0,0.0,0.0,0.2903225806451613,2.7795910904263863,0.1473982223922824,nonhydro_winter_run024.nc
greedy,23,0,False,3600,3600.0,,65.51304943591566,2010.5674568677973,169.90559280620337,11.833438933120217,0.0,nan,65.51304943591566,0.7141666666666666,0.0,0.42514636186228044,0.009722222222222222,2.362082599495018,0.5423777170853302,nonhydro_winter_run002.nc
greedy,23,1,False,3600,3600.0,,49.98935515853866,1379.2411734473544,160.28923362674345,8.604702525804797,0.0,nan,20.44603369452842,0.23555555555555555,0.0,0.09601634320735444,0.0,2.6004266128237035,0.08301012944538355,nonhydro_winter_run002.nc
greedy,24,0,False,3600,3600.0,,33.07944528139917,3532.7293700047953,300.51528137703286,11.755573140297507,0.0,nan,5.385936978787833,0.4722222222222222,0.010555555555555556,0.7721399306649858,0.06666666666666667,1.7341281445443215,0.23131095824806924,nonhydro_winter_run012.nc
greedy,24,1,False,3600,3600.0,,280.54363847938816,3331.7409206097395,100.19530647086408,33.25246499024962,0.0,nan,258.3835726853531,0.6980555555555555,0.0,0.8572871087176035,0.0,2.448975596442942,0.35531241092165666,nonhydro_winter_run012.nc
greedy,25,0,False,3600,3600.0,,584.2472103899926,352.83523031508986,131.41787869257135,2.6848343149753986,0.0,nan,474.22966107039053,0.3327777777777778,0.0,0.052236732425673796,0.0022222222222222222,3.2618041430846247,0.33412067164793,nonhydro_winter_run016.nc
greedy,25,1,False,3600,3600.0,,110.37171359115115,3438.1598065514445,69.19994132485219,49.684432395850564,0.0,nan,93.91129238568803,0.5969444444444445,0.0,0.7574131601242586,0.008055555555555555,0.5865530805611598,0.061416032468075366,nonhydro_winter_run016.nc
greedy,26,0,False,3600,3600.0,,188.42092347628088,1458.498573753649,443.22743287987146,3.2906324508775335,0.0,nan,5.901883108632542,0.8327777777777777,0.0,0.128428927680798,0.8633333333333333,0.201192812694984,0.03358483976523474,nonhydro_winter_run026.nc
greedy,26,1,False,3600,3600.0,,251.3859488416246,2846.432510222111,452.42820043706325,6.2914568708854715,0.0,nan,71.08602114024832,0.3813888888888889,0.0025,0.7854035766070565,0.0,2.4829937276731116,0.4949922090072192,nonhydro_winter_run026.nc
greedy,27,0,True,202,202.0,202,43.7349187030906,237.97175170707175,109.08228039463637,2.1815802790897,0.18378197575704502,0.18378197575704502,4.526036688985428,0.5841584158415841,0.0,0.26582278481012656,0.07425742574257425,0.13077773512251412,0.047104899985417115,nonhydro_winter_run001.nc
greedy,27,1,False,202,202.0,,82.24920960861316,258.20760464921,102.51819163429454,2.5186515732768155,0.0,nan,12.7159516753894,0.5544554455445545,0.0,0.25333333333333335,0.5247524752475248,0.5401000934611275,0.07778615992820193,nonhydro_winter_run001.nc
greedy,28,0,False,29,29.0,,74.07605505031772,46.05696492000048,45.82718260637729,1.0050141051785106,0.0,nan,47.117350832538186,1.0,0.0,0.0,0.0,1.1453160390295025,0.3377602955728207,nonhydro_winter_run020.nc
greedy,28,1,True,29,29.0,29,10.67275109748768,53.23150904420265,50.200369194891465,1.060380827829044,0.2004968727943667,0.2004968727943667,1.9720382834259178,0.6896551724137931,0.0,0.42857142857142855,0.896551724137931,0.09743074478600988,0.031994780817115376,nonhydro_winter_run020.nc
greedy,29,0,True,97,97.0,97,60.24762598902445,114.10611038691614,89.7668751106049,1.2711382706184438,0.5279964919033178,0.5279964919033178,2.947350309176096,0.8762886597938144,0.0,0.15625,0.14432989690721648,0.14469566645955467,0.037715779039781516,nonhydro_winter_run029.nc
greedy,29,1,False,97,97.0,,346.27587445033254,112.17282542631645,73.71579834682102,1.5216931504772055,0.0,nan,346.27587445033254,0.12371134020618557,0.0,0.4166666666666667,0.05154639175257732,1.2319484088134232,0.03637987598506587,nonhydro_winter_run029.nc
greedy,30,0,False,105,105.0,,37.430476455508746,134.36047424652583,76.34367776435069,1.7599423839817494,0.0,nan,16.794291931528765,0.6095238095238096,0.0,0.49473684210526314,0.0,0.40018258193009615,0.1804457295373857,nonhydro_winter_run004.nc
greedy,30,1,True,105,105.0,105,70.34443304218685,130.85119073049427,104.86547714438925,1.2478004610642766,0.5375910807496641,0.5375910807496641,3.2621074622486588,0.9047619047619048,0.0,0.04081632653061224,0.18095238095238095,0.1433360651272082,0.016110457017859847,nonhydro_winter_run004.nc
greedy,31,0,True,37,37.0,37,21.20998363469815,45.54103364562431,30.873214796338146,1.4750985262158673,0.4657334701654506,0.4657334701654506,1.1081865614157165,0.7027027027027027,0.0,0.1388888888888889,0.6756756756756757,0.1426170046331734,0.004592621647354078,nonhydro_winter_run017.nc
greedy,31,1,False,37,37.0,,455.6004245256207,39.63821208759128,39.22342032437432,1.0105751043582296,0.0,nan,455.6004245256207,0.0,0.0,0.0,0.0,1.1742883676916946,0.14249494029628806,nonhydro_winter_run017.nc
greedy,32,0,True,242,242.0,242,89.99275854018795,300.8190465398937,171.78903291814177,1.7510957564050977,0.299159111018103,0.299159111018103,1.7595361591342544,0.7066115702479339,0.0,0.3705357142857143,0.8884297520661157,0.11270086762697673,0.04448450279037497,nonhydro_winter_run027.nc
greedy,32,1,False,242,242.0,,88.34160600178073,238.05100629851796,61.258273924244264,3.8860221003436437,0.0,nan,40.258876820744774,0.5826446280991735,0.0,0.4772727272727273,0.3305785123966942,1.1137995619420735,0.07657773210424512,nonhydro_winter_run027.nc
greedy,33,0,True,608,608.0,608,476.47956224846666,961.8216922703195,784.7637011920933,1.2256194964283729,0.49539282184805655,0.49539282184805655,1.6736566578991823,0.9177631578947368,0.0,0.5152838427947598,0.4407894736842105,0.031014970566069167,0.0481369626989786,nonhydro_winter_run027.nc
greedy,33,1,False,608,608.0,,350.00868887035966,588.7005018891232,441.8618829725401,1.332317913300769,0.0,nan,14.500527319978598,0.9259868421052632,0.0,0.022181146025878003,0.06907894736842106,0.4730138666436545,0.040521505987448636,nonhydro_winter_run027.nc
greedy,34,0,True,1318,1318.0,1318,239.32912046608672,1102.9550427705362,384.41144500395603,2.86920448676856,0.21698900787915237,0.21698900787915237,2.6681707021672,0.7283763277693475,0.0,0.2857142857142857,0.8270106221547799,0.04630010387387529,0.04821306684288307,nonhydro_winter_run002.nc
greedy,34,1,False,1318,1318.0,,70.17167430628596,1317.0629854975093,106.66131915370583,12.348084534746253,0.0,nan,69.20920321234486,0.5629742033383915,0.0,0.8247787610619469,0.05083459787556904,0.9710298621612168,0.19565599506479026,nonhydro_winter_run002.nc
greedy,35,0,False,3600,3600.0,,78.87191820740848,3576.9172279597065,60.03346570449951,59.582054542148754,0.0,nan,72.23732344105093,0.5766666666666667,0.014444444444444444,0.4117647058823529,0.004722222222222222,0.7504302779952781,0.16779250313864558,nonhydro_winter_run004.nc
greedy,35,1,False,3600,3600.0,,82.8930124461748,2492.0586420920745,18.348878031049665,135.81531458626813,0.0,nan,82.8930124461748,0.30416666666666664,0.0,0.5675182481751825,0.9936111111111111,0.363416688878587,0.02014752677360132,nonhydro_winter_run004.nc
greedy,36,0,False,3600,3600.0,,383.01970888151095,4012.2247517628366,277.1356087966025,14.477478261220192,0.0,nan,336.7166321159457,0.47555555555555556,0.006111111111111111,0.2037765538945712,0.15055555555555555,2.4370329472434733,0.10139115211840233,nonhydro_winter_run012.nc
greedy,36,1,False,3600,3600.0,,50.09391069343616,4035.1497872920354,130.4574231490403,30.93077948260639,0.0,nan,8.583074588212794,0.4563888888888889,0.014722222222222222,0.25720823798627,0.4280555555555556,1.5385676935038362,0.0008414790561892538,nonhydro_winter_run012.nc
greedy,37,0,False,160,160.0,,262.0194585242265,212.44547395067852,176.49014379419785,1.2037242952128113,0.0,nan,126.69205766978477,0.9625,0.0,0.018867924528301886,0.0,2.8077071084830223,0.4106327081481598,nonhydro_winter_run005.nc
greedy,37,1,True,160,160.0,160,13.118195321863205,179.26897974115414,97.00144419923942,1.8481062959530636,0.07317604719346606,0.07317604719346606,0.9515800370896651,0.65625,0.0,0.1761006289308176,0.23125,0.14572664296044024,0.021173020344032567,nonhydro_winter_run005.nc
greedy,38,0,False,555,555.0,,209.67285869749327,499.2059330626636,218.55133586073018,2.284158690207128,0.0,nan,123.3631096275144,0.3567567567567568,0.0,0.3087071240105541,0.0,1.9327574508282979,0.21941429946027324,nonhydro_winter_run008.nc
greedy,38,1,True,555,555.0,555,389.4610991392443,801.2412493947628,559.0867868727751,1.4331249963471093,0.4860722028894959,0.4860722028894959,3.6561124967634355,0.8072072072072072,0.0,0.30861244019138756,0.02702702702702703,0.11488144718892812,0.021548610476127217,nonhydro_winter_run008.nc
greedy,39,0,False,3600,3600.0,,377.2725494551172,2223.99696976619,216.1022358022825,10.291411199470337,0.0,nan,105.09164098296895,0.24083333333333334,0.0,0.2314497716894977,0.06583333333333333,2.0204635453359643,0.14027072914080452,nonhydro_winter_run030.nc
greedy,39,1,False,3600,3600.0,,331.1009189154577,3099.4263412440328,287.692034734274,10.773417290147814,0.0,nan,122.66494708628815,0.7394444444444445,0.0,0.4598290598290598,0.8833333333333333,1.0437636374177757,0.02626614358050383,nonhydro_winter_run030.nc
greedy,40,0,False,3600,3600.0,,535.0459182449382,3207.0210289267643,393.48612946821436,8.150277198489727,0.0,nan,293.4765069709864,0.4575,0.06916666666666667,0.5463917525773195,0.0,3.719216285721018,0.37039221609126993,nonhydro_winter_run017.nc
greedy,40,1,False,3600,3600.0,,216.0165674784657,2860.2679267660087,113.65046208182062,25.16723534926598,0.0,nan,206.4352759400925,0.40694444444444444,0.0,0.7941834451901566,0.01,2.399495413736993,0.2565244081983341,nonhydro_winter_run017.nc
greedy,41,0,False,913,913.0,,272.8120462694022,1051.9819018937096,409.0764375338175,2.571602285958463,0.0,nan,65.00416954937111,0.6845564074479737,0.0,0.4375,0.3493975903614458,1.3489512324742563,0.10271210582025414,nonhydro_winter_run020.nc
greedy,41,1,True,913,913.0,913,103.68107507290459,1267.5083413026762,227.5229948381562,5.5709021508102605,0.08179912643915764,0.08179912643915764,2.08491104672365,0.552026286966046,0.0,0.3511111111111111,0.12924424972617743,0.14944716474755637,0.029647932176961156,nonhydro_winter_run020.nc
greedy,42,0,True,2,2.0,2,5.3259419228638905,2.4549790214925036,2.4546243627335698,1.0001444859605886,1.0,2.1694449835363505,3.5588233087845658,1.0,0.0,0.0,1.0,0.13719112149404822,0.01964173687150983,nonhydro_winter_run003.nc
greedy,42,1,False,2,2.0,,57.03157426487188,3.3289859580326167,3.3289421454095205,1.0000131611248206,0.0,nan,53.799923881722854,1.0,0.0,0.0,0.0,1.31403630757071,0.06601357379356931,nonhydro_winter_run003.nc
greedy,43,0,False,3600,3600.0,,876.5376197644165,2199.6909095072842,45.76716323665012,48.062644786028216,0.0,nan,870.7223411403397,0.7252777777777778,0.0,0.5437621561544873,0.0,2.9493465456840156,0.2699707596615084,nonhydro_winter_run016.nc
greedy,43,1,False,3600,3600.0,,225.02833805208815,3121.2067209525458,269.7461129084417,11.570905275702557,0.0,nan,222.61836757624138,0.39,0.0,0.6525280898876404,0.0275,1.7003310713054418,0.29518338649361986,nonhydro_winter_run016.nc
greedy,44,0,True,11,11.0,11,8.204506073222788,19.676691514336245,19.21049080195373,1.0242680271518676,0.4169657316243976,0.4169657316243976,5.325536423555393,0.5454545454545454,0.0,0.0,1.0,0.13047121984457988,0.010293438312551917,nonhydro_winter_run021.nc
greedy,44,1,False,11,11.0,,51.2989785853699,13.000263509292132,12.997373554516454,1.0002223491356586,0.0,nan,42.35872895748725,1.0,0.0,0.0,0.0,1.4204507830862099,0.24469219388420405,nonhydro_winter_run021.nc
greedy,45,0,True,6,6.0,6,5.8376365304645965,10.348041846390856,10.347521119154521,1.0000503238631107,0.564129582883415,0.564129582883415,3.644950789306302,0.6666666666666666,0.0,0.0,1.0,0.13859191689391537,0.024869267726085664,nonhydro_winter_run028.nc
greedy,45,1,False,6,6.0,,26.31887532068811,8.909175359026342,8.909064836537501,1.0000124056217874,0.0,nan,21.846083911436917,1.0,0.0,0.0,0.3333333333333333,0.40089400768309247,0.04433733025820774,nonhydro_winter_run028.nc
greedy,46,0,False,9,9.0,,226.17350812644702,10.057611968645194,10.052752431807766,1.0004834036121344,0.0,nan,221.5064391315835,1.0,0.0,0.0,0.0,1.5543128781934854,0.05217647461322994,nonhydro_winter_run016.nc
greedy,46,1,True,9,9.0,9,8.64526887489224,12.013736710419252,11.387078782365279,1.05503236958582,0.7196153106463858,0.7196153106463858,2.557955041444181,1.0,0.0,0.125,1.0,0.14640984254265277,0.019617320676531103,nonhydro_winter_run016.nc
greedy,47,0,True,379,379.0,379,205.97335147168872,420.8146632988959,210.40271512446415,2.0000438827510476,0.4894633420256797,0.4894633420256797,1.5638508547529812,0.8839050131926122,0.0,0.46703296703296704,0.24538258575197888,0.14925452500721548,0.031471645002832394,nonhydro_winter_run003.nc
greedy,47,1,False,379,379.0,,512.0119241285695,503.5124048112379,340.0444339520618,1.4807253245092704,0.0,nan,358.1178258809045,0.783641160949868,0.0,0.1111111111111111,0.24010554089709762,1.311038811667494,0.0635120310717574,nonhydro_winter_run003.nc
greedy,48,0,False,3600,3600.0,,382.42890865012197,3656.209983292664,306.26836102227645,11.93792911252341,0.0,nan,196.70151035840433,0.6894444444444444,0.0,0.025024061597690085,0.10138888888888889,1.2393570463131454,0.05760447714284034,nonhydro_winter_run004.nc
greedy,48,1,False,3600,3600.0,,154.64806130994012,3184.128946701614,148.8720004089792,21.38836677114714,0.0,nan,23.51050192380053,0.9158333333333334,0.0,0.6410024154589372,0.006388888888888889,1.4643782286923965,0.09777955259915505,nonhydro_winter_run004.nc
greedy,49,0,True,94,94.0,94,33.041621522841155,100.13203699860021,54.34377012309126,1.8425669910607292,0.3299805188553495,0.3299805188553495,1.980377966100012,0.723404255319149,0.0,0.2903225806451613,0.010638297872340425,0.026453263046334996,0.04378593499104566,nonhydro_winter_run002.nc
greedy,49,1,False,94,94.0,,55.373529757665615,116.09447998188833,78.18292282050825,1.4849084146984006,0.0,nan,2.153919756720869,0.7872340425531915,0.0,0.1935483870967742,0.2127659574468085,0.24001934638379652,0.05301548956542934,nonhydro_winter_run002.nc
greedy,50,0,False,200,200.0,,89.71951943625653,265.31088462735624,233.96016218446837,1.1340002594893444,0.0,nan,89.71951943625653,0.115,0.05,0.0,0.345,3.0663342363432946,0.04261190414246552,nonhydro_winter_run024.nc
greedy,50,1,True,200,200.0,200,26.301029833519035,217.90257413499182,74.57502237364005,2.9219243548227696,0.12070086798160266,0.12070086798160266,5.063231975232142,0.495,0.0,0.39195979899497485,0.475,0.08967448617620732,0.027335807854569683,nonhydro_winter_run024.nc
greedy,51,0,False,3600,3600.0,,385.15295163037155,3620.4172583963277,122.28049848198434,29.60747873406589,0.0,nan,373.32924382842185,0.3786111111111111,0.0,0.5512642400666852,0.0,2.942878300643642,0.45191610845940644,nonhydro_winter_run012.nc
greedy,51,1,False,3600,3600.0,,142.45016361246093,3804.002765854412,722.8965551975442,5.2621675100041125,0.0,nan,45.986998298567755,0.39166666666666666,0.0,0.3368575624082232,0.0525,3.096837660932607,0.33127491409523935,nonhydro_winter_run012.nc
greedy,52,0,True,6,6.0,6,6.3923121932077,7.237553246833476,7.220283589914118,1.002391825293882,0.8832145305465519,0.8832145305465519,3.856206210564307,0.6666666666666666,0.0,0.0,0.16666666666666666,0.11359358005080367,0.047371251275658555,nonhydro_winter_run029.nc
greedy,52,1,False,6,6.0,,12.958596140922346,9.352401387078267,9.351930979930708,1.0000503005367092,0.0,nan,7.679489345082095,1.0,0.0,0.0,0.0,0.46494471308742646,0.05375191582048244,nonhydro_winter_run029.nc
greedy,53,0,True,93,93.0,93,24.087794697656598,156.05295305175306,130.00526169379916,1.2003587471659718,0.15435654517648362,0.15435654517648362,3.733280667876404,0.6451612903225806,0.0,0.0975609756097561,0.5806451612903226,0.13435584043906346,0.023789608148956254,nonhydro_winter_run023.nc
greedy,53,1,False,93,93.0,,201.38652126670289,106.30597388483804,79.5567391590425,1.3362283950869447,0.0,nan,194.1629881834788,0.44086021505376344,0.0,0.09523809523809523,0.26881720430107525,2.102972521338323,0.2455315931330171,nonhydro_winter_run023.nc
greedy,54,0,False,2,2.0,,243.7905508119414,2.3361348842088145,2.3360312013883275,1.0000443841762154,0.0,nan,243.67116584550953,1.0,0.0,0.0,0.0,3.4431735198111397,0.31186449428924623,nonhydro_winter_run010.nc
greedy,54,1,True,2,2.0,2,2.099853649836796,3.137999317035641,2.801082938241643,1.120280757914828,0.6691695687876869,0.6691695687876869,2.099853649836796,0.0,0.0,1.0,1.0,0.14307822842093287,0.011745970188386856,nonhydro_winter_run010.nc
greedy,55,0,False,460,460.0,,134.09695864732817,162.6320961158216,135.15637814066307,1.2032883564441434,0.0,nan,50.249475879979684,0.2217391304347826,0.0,0.0,0.9239130434782609,0.7910007356368851,0.04140412033835139,nonhydro_winter_run029.nc
greedy,55,1,True,460,460.0,460,87.06747361328013,570.3042513100895,208.05633345001985,2.741104977931808,0.15266846321638103,0.15266846321638103,2.517850566375113,0.591304347826087,0.0,0.45,0.6347826086956522,0.12936531510902682,0.02949917876634678,nonhydro_winter_run029.nc
greedy,56,0,False,155,155.0,,235.80672592611737,156.1273386778259,90.59671479495735,1.7233222974053801,0.0,nan,190.69176993473528,0.7806451612903226,0.0,0.2962962962962963,0.0,1.5258057731212347,0.13751317568965993,nonhydro_winter_run012.nc
greedy,56,1,True,155,155.0,155,51.637507590160766,181.5157082126741,85.69655993515447,2.1181212915667187,0.28447955330488167,0.28447955330488167,1.4919179438257333,0.6903225806451613,0.0,0.2077922077922078,0.08387096774193549,0.12637353685330055,0.04756565750538133,nonhydro_winter_run012.nc
greedy,57,0,False,9,9.0,,336.3393753284035,11.60298329083288,8.24807187561723,1.406750991723698,0.0,nan,328.331045565766,1.0,0.0,0.125,0.0,2.4362538214614204,0.3053749510631433,nonhydro_winter_run002.nc
greedy,57,1,True,9,9.0,9,12.371705897982238,12.831730659539161,12.799459897520732,1.0025212596685178,0.9641494375339823,0.9641494375339823,4.1860340091181145,0.8888888888888888,0.0,0.0,0.1111111111111111,0.1109079171178422,0.0499411356060635,nonhydro_winter_run002.nc
greedy,58,0,False,73,73.0,,81.206395567752,85.19938213875217,70.09571280463048,1.215472084237425,0.0,nan,70.81610787881438,0.547945205479452,0.0,0.013888888888888888,0.0,0.653210337923845,0.11898185815666318,nonhydro_winter_run016.nc
greedy,58,1,True,73,73.0,73,69.92813182600145,83.41317564194638,74.04012940532988,1.1265941363406338,0.8383343672967218,0.8383343672967218,2.098786658928934,0.9452054794520548,0.0,0.027777777777777776,0.0136986301369863,0.010175238176252321,0.048686942062185046,nonhydro_winter_run016.nc
greedy,59,0,True,1378,1378.0,1378,93.84998094649599,1671.8725190960147,272.63178363030187,6.132346334802738,0.05613465134126428,0.05613465134126428,2.4268918347656543,0.5050798258345428,0.0,0.38863976083707025,0.1516690856313498,0.13726292104529136,0.0073732215468145235,nonhydro_winter_run024.nc
greedy,59,1,False,1378,1378.0,,352.4045034310588,1592.8566932363774,322.0937679805496,4.945319815478596,0.0,nan,225.23032047670978,0.5769230769230769,0.0,0.33099209833187004,0.0,2.9321099788051015,0.45677978853965184,nonhydro_winter_run024.nc
greedy,60,0,True,706,706.0,706,48.16166808595784,496.78397042163,296.7471001255201,1.674098820886529,0.09694690439605393,0.09694690439605393,3.108063556244204,0.4730878186968839,0.0,0.3574468085106383,0.4603399433427762,0.10690356361204323,0.038507783549417085,nonhydro_winter_run006.nc
greedy,60,1,False,706,706.0,,87.94796716885928,644.8526200068247,90.5428629177619,7.122070135914857,0.0,nan,51.33644864848251,0.5878186968838527,0.0,0.07990867579908675,0.014164305949008499,0.49222469670826996,0.28117538059229086,nonhydro_winter_run006.nc
greedy,61,0,True,34,34.0,34,14.324622636885179,35.7319611578026,19.845643633608248,1.8004939430279376,0.40089102788463055,0.40089102788463055,2.461530849334077,0.5882352941176471,0.0,0.45454545454545453,0.7058823529411765,0.1479203408157872,0.005324586572108436,nonhydro_winter_run013.nc
greedy,61,1,False,34,34.0,,50.830107686881405,58.863069358151265,58.62914350016962,1.003989924532685,0.0,nan,42.36403138785535,0.5588235294117647,0.0,0.0,0.29411764705882354,1.0662047778425148,0.0148717845563765,nonhydro_winter_run013.nc
greedy,62,0,True,343,343.0,343,390.6587645876124,574.8971287719087,507.21904938912746,1.133429687753821,0.6795281190952109,0.6795281190952109,5.602661311944997,0.9446064139941691,0.01749271137026239,0.3443708609271523,0.6647230320699709,0.06667807734520181,0.04859726098787387,nonhydro_winter_run014.nc
greedy,62,1,False,343,343.0,,95.17488079258307,333.53978108042065,82.6556985275002,4.035290815060372,0.0,nan,39.29102282521654,0.5276967930029155,0.0,0.25196850393700787,0.239067055393586,1.5920739759554436,0.05164112344163485,nonhydro_winter_run014.nc
greedy,63,0,True,319,319.0,319,35.8770531974533,365.38514506607095,243.27176888319428,1.5019627914224145,0.09818968746243315,0.09818968746243315,3.6016574113005895,0.6238244514106583,0.0,0.29874213836477986,0.003134796238244514,0.09094539914857336,0.04816375555350283,nonhydro_winter_run014.nc
greedy,63,1,False,319,319.0,,62.10620513583713,401.28242171200907,217.72537356791946,1.8430668650883217,0.0,nan,62.10620513583713,0.3573667711598746,0.0,0.5222929936305732,0.15987460815047022,2.5454992685229385,0.31646709608694357,nonhydro_winter_run014.nc
greedy,64,0,False,3600,3600.0,,376.65752783160946,4668.707297787783,117.9491460235233,39.582374736792715,0.0,nan,339.24342910951657,0.5072222222222222,0.0,0.08937544867193109,0.8305555555555556,1.0983349652591414,0.0019575084058043313,nonhydro_winter_run016.nc
greedy,64,1,False,3600,3600.0,,114.30186322374387,4113.721655253286,328.4576861286214,12.52435801926214,0.0,nan,51.258761691556586,0.44027777777777777,0.006111111111111111,0.3033428165007112,0.20722222222222222,0.8706720996931381,0.18371978583855453,nonhydro_winter_run016.nc
greedy,65,0,True,130,130.0,130,72.48185956163597,170.9603815144722,88.67813268081989,1.927875298522711,0.4239687518216038,0.4239687518216038,3.533070184016032,0.8846153846153846,0.0,0.0625,0.03076923076923077,0.124926697132139,0.0353342149322613,nonhydro_winter_run006.nc
greedy,65,1,False,130,130.0,,82.39098018402655,191.75435402078588,110.6881884106093,1.73238316368006,0.0,nan,9.743561086845693,0.7615384615384615,0.0,0.15447154471544716,0.35384615384615387,0.5455819480105006,0.03320397579754475,nonhydro_winter_run006.nc
greedy,66,0,False,3600,3600.0,,275.89032132676607,3289.121343660214,44.224477057945315,74.37332360879311,0.0,nan,264.71689034643504,0.6655555555555556,0.0,0.5668241178105029,0.015555555555555555,1.075211142616027,0.05756423703237279,nonhydro_winter_run029.nc
greedy,66,1,False,3600,3600.0,,129.41624764575843,3178.939555388057,89.20139081316638,35.63778015576453,0.0,nan,114.1828807138929,0.23055555555555557,0.0,0.5257015837732704,0.006944444444444444,0.7781636287647373,0.09926847962392016,nonhydro_winter_run029.nc
greedy,67,0,True,51,51.0,51,41.47822793222136,65.21492497270073,63.98981263362908,1.0191454278212373,0.6360235475174485,0.6360235475174485,3.363735976589511,0.803921568627451,0.0,0.0,0.29411764705882354,0.12860371979209617,0.008625944661248441,nonhydro_winter_run024.nc
greedy,67,1,False,51,51.0,,59.50626427694848,59.70887276532809,33.610554988995055,1.776491723652831,0.0,nan,28.670333253066474,0.7843137254901961,0.0,0.06666666666666667,0.0,0.5155824605765176,0.06648151573684169,nonhydro_winter_run024.nc
greedy,68,0,False,3600,3600.0,,37.69650677060662,3201.074490550036,206.7632430835802,15.481835372721742,0.0,nan,37.69650677060662,0.44583333333333336,0.0,0.32772098616957307,0.0,2.3812895426835397,0.2777785023080964,nonhydro_winter_run015.nc
greedy,68,1,False,3600,3600.0,,57.26553668032155,3568.4074564297403,45.492865897609065,78.43883620040923,0.0,nan,30.57200647075992,0.7622222222222222,0.0,0.7215859030837004,0.024722222222222222,0.4079138993488911,0.08545707967450256,nonhydro_winter_run015.nc
greedy,69,0,False,3600,3600.0,,24.152525634853546,3572.0097083657042,209.2030049741963,17.07437093843985,0.0,nan,21.79294494973629,0.6569444444444444,0.005555555555555556,0.3052464228934817,0.028055555555555556,0.8813260766897528,0.2002467513303453,nonhydro_winter_run002.nc
greedy,69,1,False,3600,3600.0,,56.10432410268892,3421.780732151972,443.7480059809175,7.711089821323318,0.0,nan,6.040983890337657,0.5541666666666667,0.0011111111111111111,0.7922613384078655,0.011111111111111112,0.9308944653994473,0.12485413780282684,nonhydro_winter_run002.nc
greedy,70,0,False,17,17.0,,74.39116659089069,25.304226380604533,25.08005532352139,1.0089382201989365,0.0,nan,58.179981795390866,1.0,0.0,0.0,0.0,1.2499081156661873,0.37910598487923663,nonhydro_winter_run020.nc
greedy,70,1,True,17,17.0,17,14.542235868628723,33.10547771586369,32.1864665155548,1.028552721059479,0.4392697786584207,0.4392697786584207,3.7715679878359576,0.7647058823529411,0.0,0.0625,0.11764705882352941,0.1058719512997186,0.04816955935240419,nonhydro_winter_run020.nc
greedy,71,0,False,36,36.0,,46.25046203475551,32.90362451361527,32.83581127954339,1.0020652218242625,0.0,nan,31.072097986788286,0.9444444444444444,0.0,0.0,0.0,0.3030755692241698,0.1349672582231196,nonhydro_winter_run029.nc
greedy,71,1,True,36,36.0,36,7.270694846484107,42.30316898961097,24.905550303822288,1.6985438375605233,0.1718711628499908,0.1718711628499908,5.1963674588511415,0.5555555555555556,0.0,0.37142857142857144,0.027777777777777776,0.04316536555344186,0.04953579369165162,nonhydro_winter_run029.nc
greedy,72,0,True,67,67.0,67,49.00278790395686,58.43243868707024,54.62590235023287,1.0696837246263107,0.8386230149726757,0.8386230149726757,5.056761306348734,1.0,0.0,0.0,0.11940298507462686,0.07689477574399461,0.018312254680582618,nonhydro_winter_run029.nc
greedy,72,1,False,67,67.0,,55.00621096948536,75.53821276158898,63.36222674406566,1.1921647429896187,0.0,nan,10.373736850543692,0.9104477611940298,0.0,0.0,0.014925373134328358,0.24650856309949631,0.04682594705732246,nonhydro_winter_run029.nc
greedy,73,0,True,199,199.0,199,54.484707967509145,254.09646940361705,140.66323556850418,1.8064170668096848,0.21442528538625008,0.21442528538625008,2.5434568430155426,0.592964824120603,0.0,0.07772020725388601,0.2613065326633166,0.14490588327424092,0.04577242717370866,nonhydro_winter_run025.nc
greedy,73,1,False,199,199.0,,486.72554257166604,220.08464245546384,94.75344083843005,2.322708711240827,0.0,nan,460.3948513718838,0.2562814070351759,0.0,0.20833333333333334,0.18592964824120603,2.5994802873379186,0.13874767374327424,nonhydro_winter_run025.nc
greedy,74,0,False,3600,3600.0,,11.064834250023528,3390.7604681343055,129.34451766665308,26.214953129076406,0.0,nan,1.136770473999018,0.51,0.0,0.5886355903368493,0.9969444444444444,1.2828096278594572,0.002120589835994502,nonhydro_winter_run006.nc
greedy,74,1,False,3600,3600.0,,417.1299973913944,3590.095689558465,121.1695627205683,29.628692296576666,0.0,nan,269.3891481815134,0.6394444444444445,0.0,0.31825795644891125,0.06805555555555555,1.8709335031224796,0.14633097702692566,nonhydro_winter_run006.nc
greedy,75,0,False,116,116.0,,119.15688672069626,148.42713409312861,147.15096824454292,1.0086724937240297,0.0,nan,93.31003698872453,0.5689655172413793,0.0,0.0,0.0,0.5396448992589811,0.11162151892843608,nonhydro_winter_run020.nc
greedy,75,1,True,116,116.0,116,87.73703583139894,134.44990055012795,107.8078251876509,1.2471256174225174,0.6525630400052791,0.6525630400052791,3.3303361530398266,0.9913793103448276,0.0,0.0,0.008620689655172414,0.01796317478253684,0.042390423521014076,nonhydro_winter_run020.nc
greedy,76,0,False,343,343.0,,151.44409411340817,182.87338181465242,49.304981510319905,3.709024447689442,0.0,nan,131.64900107014608,0.26239067055393583,0.521865889212828,0.09574468085106383,0.924198250728863,1.3506950229609913,0.03625540388665671,nonhydro_winter_run017.nc
greedy,76,1,True,343,343.0,343,123.21974667422205,554.031500787855,389.1853725954776,1.4235671219938673,0.2224056691704328,0.2224056691704328,4.489415592117822,0.6880466472303207,0.0,0.06050955414012739,0.10787172011661808,0.12553169254088914,0.04796323719137441,nonhydro_winter_run017.nc
greedy,77,0,True,1944,1944.0,1944,227.15577605030666,2612.18543366873,450.17226600712075,5.802635193051655,0.08696005004946133,0.08696005004946133,3.5471581473407565,0.6316872427983539,0.0,0.29035585353274884,0.021604938271604937,0.1473486270630744,0.004003657673039451,nonhydro_winter_run002.nc
greedy,77,1,False,1944,1944.0,,152.98944368478223,2977.6420619792243,287.079878836168,10.372172630317007,0.0,nan,128.93411669244804,0.4583333333333333,0.0,0.18104426787741204,0.1558641975308642,2.4025701480179222,0.35991756201756464,nonhydro_winter_run002.nc
greedy,78,0,False,180,180.0,,29.425077814404656,239.0257155436812,188.25790036973396,1.2696716317043826,0.0,nan,29.425077814404656,0.03888888888888889,0.18888888888888888,0.07291666666666667,0.7944444444444444,0.9230345457043114,0.029197232428600062,nonhydro_winter_run022.nc
greedy,78,1,True,180,180.0,180,42.49199860909304,222.97139660155767,145.02201376774576,1.5375003477654685,0.190571522880241,0.190571522880241,2.757844577162938,0.6555555555555556,0.0,0.4147727272727273,0.6611111111111111,0.10902386505649986,0.0267371438862688,nonhydro_winter_run022.nc
greedy,79,0,True,12,12.0,12,7.5727654249378675,23.116424651702214,23.053027250246508,1.0027500683865729,0.3275924170384296,0.3275924170384296,1.296523492850582,0.75,0.0,0.0,0.8333333333333334,0.12511957228522874,0.03794434357454557,nonhydro_winter_run004.nc
greedy,79,1,False,12,12.0,,30.4529504170783,15.919878708442889,15.709677088538603,1.0133803908711556,0.0,nan,27.750967326881646,0.75,0.0,0.0,0.0,1.0256559898811162,0.16256808361720698,nonhydro_winter_run004.nc
greedy,80,0,False,243,243.0,,26.766388836206076,139.53277838386157,48.56140328694968,2.873326735625027,0.0,nan,7.10067375153492,0.3497942386831276,0.0,0.2066115702479339,0.2139917695473251,0.296422427798646,0.1775022463866638,nonhydro_winter_run028.nc
greedy,80,1,True,243,243.0,243,83.68698477908858,282.70983507591455,184.94488385452846,1.5286166839753448,0.29601723886477654,0.29601723886477654,2.419970851482978,0.7860082304526749,0.0823045267489712,0.17475728155339806,0.7777777777777778,0.14241074670945864,0.04322145441117131,nonhydro_winter_run028.nc
greedy,81,0,False,746,746.0,,18.332861201169976,693.9688355540945,58.28550099178384,11.906371631804609,0.0,nan,7.663072588142167,0.4932975871313673,0.0,0.5402455661664393,0.0,0.31405769158508434,0.06449179375876901,nonhydro_winter_run002.nc
greedy,81,1,True,746,746.0,746,76.52172249250741,920.0732848410862,176.08763454977301,5.225087424188311,0.08316916027588404,0.08316916027588404,3.5777309660258756,0.5254691689008043,0.0,0.2912751677852349,0.19571045576407506,0.03444378228019929,0.045817703711044766,nonhydro_winter_run002.nc
greedy,82,0,False,3600,3600.0,,48.68404469800641,3446.8631023500957,429.64460334107395,8.02259140588762,0.0,nan,13.995791491876435,0.4836111111111111,0.028055555555555556,0.7881118881118881,0.07666666666666666,1.642785006494158,0.27292726075677254,nonhydro_winter_run022.nc
greedy,82,1,False,3600,3600.0,,98.30255121374343,3412.2460607102385,589.2521436077831,5.790808056833292,0.0,nan,35.38958277707881,0.4161111111111111,0.009722222222222222,0.6777815583531813,0.04027777777777778,3.048944685565317,0.39806162770626496,nonhydro_winter_run022.nc
greedy,83,0,True,123,123.0,123,42.42605470599869,144.29935404691162,68.34812718819992,2.111240790103528,0.2940141692679096,0.2940141692679096,5.893652048154226,0.6829268292682927,0.0,0.30434782608695654,0.37398373983739835,0.14509138778088015,0.0456783116784486,nonhydro_winter_run023.nc
greedy,83,1,False,123,123.0,,66.35999969299411,147.29071193085284,87.59776906858265,1.6814436428801625,0.0,nan,49.91245344191825,0.43089430894308944,0.0,0.452991452991453,0.8211382113821138,0.40895387387158166,0.02766321678295236,nonhydro_winter_run023.nc
greedy,84,0,False,3600,3600.0,,112.27623787450904,3533.9411151505374,244.3962787266208,14.459881032409532,0.0,nan,22.24759589938012,0.7491666666666666,0.0,0.4231966053748232,0.014166666666666666,0.628777183533586,0.10743011973284389,nonhydro_winter_run020.nc
greedy,84,1,False,3600,3600.0,,25.350007127792146,3759.3829099780314,519.2793776158288,7.239615266907986,0.0,nan,9.609256195333147,0.40055555555555555,0.0,0.501020110754882,0.011666666666666667,1.723756358178818,0.16156765423669317,nonhydro_winter_run020.nc
greedy,85,0,True,112,112.0,112,35.032956104140524,127.65708941488789,69.2832995703651,1.842537670788002,0.274430164941978,0.274430164941978,3.2726834973409895,0.8303571428571429,0.0,0.3333333333333333,0.008928571428571428,0.13493658451412927,0.0452095011572865,nonhydro_winter_run022.nc
greedy,85,1,False,112,112.0,,61.80602845508819,172.6410968569644,146.2921875067902,1.18011152747956,0.0,nan,59.28437151731029,0.4017857142857143,0.0,0.42342342342342343,0.0,2.385388541841415,0.45056484266412034,nonhydro_winter_run022.nc
greedy,86,0,True,292,292.0,292,182.03880648553744,474.4793140090178,353.66093893220926,1.3416220503219536,0.38366015358485717,0.38366015358485717,1.0167462969894792,0.726027397260274,0.0,0.3238434163701068,0.2636986301369863,0.126053875723386,0.04494855173787604,nonhydro_winter_run029.nc
greedy,86,1,False,292,292.0,,799.2486463175718,434.1640535711971,425.8720354978118,1.0194706798808533,0.0,nan,560.5020992406252,0.9178082191780822,0.0,0.0,0.0,3.5209849331780703,0.2899589788643129,nonhydro_winter_run029.nc
greedy,87,0,True,70,70.0,70,40.95338294667317,80.55572808107135,43.372568428150174,1.857296696978363,0.5083857339785652,0.5083857339785652,2.0500424698820123,0.9,0.0,0.15151515151515152,0.21428571428571427,0.1420611939331593,0.008096825905446803,nonhydro_winter_run019.nc
greedy,87,1,False,70,70.0,,45.981254269231734,103.31917370279295,102.98824903993331,1.003213227391907,0.0,nan,29.03375351460645,0.8285714285714286,0.0,0.0,0.0,1.167227903422095,0.09212856203463504,nonhydro_winter_run019.nc
greedy,88,0,False,3600,3600.0,,19.69356344803223,3438.9466160948973,55.37282094307532,62.10531732942092,0.0,nan,14.762312980010606,0.3894444444444444,0.0,0.6745152354570637,0.006111111111111111,0.3166948038380042,0.07663611526317071,nonhydro_winter_run016.nc
greedy,88,1,False,3600,3600.0,,438.261820261556,2034.8949174491552,135.1443068773844,15.057200443488922,0.0,nan,436.8149752616946,0.7877777777777778,0.0,0.36175566116857705,0.04027777777777778,2.251723535124704,0.1391836754550586,nonhydro_winter_run016.nc
greedy,89,0,False,102,102.0,,76.94397958708085,107.99419096251121,99.35197273037404,1.086985874508912,0.0,nan,2.6012351709960075,0.9803921568627451,0.0,0.019801980198019802,0.0392156862745098,0.211564683483779,0.03909139631718639,nonhydro_winter_run026.nc
greedy,89,1,True,102,102.0,102,32.666572924271115,151.36302478528856,123.51626600060067,1.2254501345155016,0.21581606849235005,0.21581606849235005,4.11587778764554,0.6274509803921569,0.0,0.13414634146341464,0.8823529411764706,0.10888288881051267,0.024104328584990453,nonhydro_winter_run026.nc
greedy,90,0,False,36,36.0,,131.43300466500526,37.75443971252225,21.36850557703246,1.766826396746336,0.0,nan,122.96095820159732,0.8055555555555556,0.0,0.37142857142857144,0.9722222222222222,1.25823070006863,0.007935380031322548,nonhydro_winter_run020.nc
greedy,90,1,True,36,36.0,36,27.353884041465943,49.82178291174413,48.02227076471344,1.0374724501439645,0.5490346278839814,0.5490346278839814,2.417809244778246,1.0,0.0,0.0,0.027777777777777776,0.13290689638143505,0.04875812957677872,nonhydro_winter_run020.nc
greedy,91,0,True,276,276.0,276,56.737737776843126,281.72329886661555,71.42210569368865,3.9444832398929197,0.20139526267476415,0.20139526267476415,4.427084006311017,0.4891304347826087,0.0,0.5166051660516605,0.11956521739130435,0.14733819443784313,0.0024144190722922287,nonhydro_winter_run023.nc
greedy,91,1,False,276,276.0,,193.36831441455269,378.70670926622904,294.81213855623906,1.284569594457136,0.0,nan,38.10761609854403,0.7934782608695652,0.0,0.29454545454545455,1.0,0.5741522804552162,0.0043215700856057415,nonhydro_winter_run023.nc
greedy,92,0,True,46,46.0,46,12.406938710091808,58.13494139727501,46.975527669212084,1.2375580282278944,0.2134162073942224,0.2134162073942224,1.3287703557391444,0.5869565217391305,0.0,0.19047619047619047,0.8043478260869565,0.13598824765438167,0.03368230112164439,nonhydro_winter_run014.nc
greedy,92,1,False,46,46.0,,42.7423859942809,58.641555177197716,48.46265761130588,1.2100358929452766,0.0,nan,10.095240501108192,0.9782608695652174,0.0,0.0,0.0,0.2564674732756558,0.077768901353932,nonhydro_winter_run014.nc
greedy,93,0,False,570,570.0,,77.35250483407884,476.62002387145446,110.27210326627939,4.322217584990984,0.0,nan,77.35250483407884,0.3894736842105263,0.0,0.5518453427065027,0.22456140350877193,1.1240309209168586,0.059946644326267506,nonhydro_winter_run029.nc
greedy,93,1,True,570,570.0,570,33.084734348639365,554.7681371996889,250.49563925011947,2.2146818158608896,0.0596370485796853,0.0596370485796853,3.767163336661346,0.5947368421052631,0.0,0.5518453427065027,0.8789473684210526,0.0818484176642329,0.010013269308251638,nonhydro_winter_run029.nc
greedy,94,0,True,109,109.0,109,72.8544208329871,151.72066123980503,114.65867002289428,1.3232375816805693,0.48018786787275886,0.48018786787275886,3.1920768787010836,0.9908256880733946,0.0,0.0,0.009174311926605505,0.02835506302282198,0.04836309162504837,nonhydro_winter_run002.nc
greedy,94,1,False,109,109.0,,17.434483652506525,114.37489483005976,57.06645479261529,2.0042404113889427,0.0,nan,14.432078897640789,0.29357798165137616,0.0,0.48314606741573035,1.0,0.7602653124938072,0.014516914176444962,nonhydro_winter_run002.nc
greedy,95,0,False,426,426.0,,13.15831318273353,352.36993738666513,88.51390304246455,3.980955819083197,0.0,nan,3.846956224714897,0.27699530516431925,0.0,0.548235294117647,0.7723004694835681,2.5794188940402094,0.062356189214318736,nonhydro_winter_run014.nc
greedy,95,1,True,426,426.0,426,122.0540453450754,529.2536201299615,308.91969981552324,1.7132401088244438,0.23061541896511595,0.23061541896511595,3.051852685391412,0.5821596244131455,0.0,0.3853904282115869,0.018779342723004695,0.13288815868716597,0.01783142440438945,nonhydro_winter_run014.nc
greedy,96,0,False,3600,3600.0,,201.4488411691379,2466.3261746691887,110.77866873810686,22.26354769165767,0.0,nan,201.4488411691379,0.3975,0.3566666666666667,0.06149341142020498,0.008888888888888889,1.566554782922843,0.10325222534102874,nonhydro_winter_run025.nc
greedy,96,1,False,3600,3600.0,,81.94859438120093,3229.079160024715,92.58997155661491,34.87504214266085,0.0,nan,5.6158224732996,0.2836111111111111,0.0,0.5223673242567379,0.0038888888888888888,0.3756646474116465,0.11801606348791072,nonhydro_winter_run025.nc
greedy,97,0,False,32,32.0,,96.18674024033263,50.216922169068056,50.090202517328905,1.002529829095726,0.0,nan,96.18674024033263,0.0,0.0,0.0,0.0,0.08926956609347059,0.22876203601321254,nonhydro_winter_run005.nc
greedy,97,1,True,32,32.0,32,41.499300762617864,51.14147279748741,50.62824412841153,1.010137200645832,0.8114608065150742,0.8114608065150742,3.478524758838527,1.0,0.0,0.0,0.03125,0.11818044609025691,0.0448542811882936,nonhydro_winter_run005.nc
greedy,98,0,True,6,6.0,6,6.719633122910435,7.911435027251065,7.910462695858271,1.000122917132686,0.8493570508718773,0.8493570508718773,1.2979221524477296,1.0,0.0,0.0,1.0,0.13947540879630083,0.01940232369390371,nonhydro_winter_run011.nc
greedy,98,1,False,6,6.0,,43.601786252947846,4.913703307096402,4.895107749350212,1.0037988045817086,0.0,nan,39.58868410706679,1.0,0.0,0.0,0.0,0.10145028807244216,0.1365668776870348,nonhydro_winter_run011.nc
greedy,99,0,True,142,142.0,142,60.84815290712382,161.81065744635828,84.778134515364,1.9086366829295351,0.37604539693125927,0.37604539693125927,1.1260598831631439,0.6971830985915493,0.0,0.3900709219858156,0.5211267605633803,0.1378385153627022,0.006604282958159291,nonhydro_winter_run029.nc
greedy,99,1,False,142,142.0,,31.80556390121053,185.92547088728642,104.74910949165488,1.7749599188917085,0.0,nan,14.819272314333404,0.28169014084507044,0.0,0.5035460992907801,0.6690140845070423,0.2829010529808258,0.018900226889980942,nonhydro_winter_run029.nc
stochastic,0,0,False,251,251.0,,278.1506912282311,309.425574569692,136.86171745447032,2.260862864537911,0.0,nan,278.1506912282311,0.3784860557768924,0.0,0.25,0.350597609561753,0.7567984337475195,0.05454209567463497,nonhydro_winter_run026.nc
stochastic,0,1,True,251,251.0,251,65.96094892145089,310.6393628937791,111.80271049647949,2.7784600347731345,0.21233931304451512,0.21233931304451512,2.418236782865015,0.649402390438247,0.00398406374501992,0.2760416666666667,0.00398406374501992,0.11985146810362579,0.04757194731744652,nonhydro_winter_run026.nc
stochastic,1,0,False,3600,3600.0,,67.04110777533738,3415.3672189580266,94.90332075157846,35.9878578737849,0.0,nan,27.855691069640784,0.3566666666666667,0.0,0.40948275862068967,0.755,0.9723938498274052,0.03826718848398836,nonhydro_winter_run015.nc
stochastic,1,1,False,3600,3600.0,,215.98167067237966,3115.6580835147824,140.25405995155606,22.214387837264283,0.0,nan,72.17446494161263,0.5466666666666666,0.15555555555555556,0.4307228915662651,0.4216666666666667,0.9094945516368611,0.028786912521570618,nonhydro_winter_run015.nc
stochastic,2,0,True,1352,1352.0,1352,327.7413696405902,1396.3840040460582,392.77449647942274,3.555179922735167,0.2347071927857604,0.2347071927857604,3.8979777966399625,0.6346153846153846,0.038461538461538464,0.29172932330827067,0.47485207100591714,0.1326215845172456,0.0409911888766602,nonhydro_winter_run026.nc
stochastic,2,1,False,1352,1352.0,,96.43099952120069,1512.7944073607823,237.17144539887045,6.378484580285765,0.0,nan,4.233344094503418,0.5717455621301775,0.029585798816568046,0.3185840707964602,0.1390532544378698,1.048950026061668,0.16423191002568538,nonhydro_winter_run026.nc
stochastic,3,0,True,358,358.0,358,57.99633419679201,377.11628475686064,139.66403030723563,2.7001675658884605,0.15378899437923815,0.15378899437923815,3.039763001926386,0.5279329608938548,0.0,0.3449367088607595,0.6284916201117319,0.014581042009098155,0.0472350820955485,nonhydro_winter_run025.nc
stochastic,3,1,False,358,358.0,,20.79846717474991,354.5659648803655,37.073017690773774,9.563989849377842,0.0,nan,6.645239784124324,0.5279329608938548,0.0,0.5116959064327485,0.11452513966480447,0.4219944711169745,0.09388633840764227,nonhydro_winter_run025.nc
stochastic,4,0,False,431,431.0,,376.2072368733783,581.6318211214436,407.0274026666897,1.4289746029648418,0.0,nan,10.778261692595994,0.988399071925754,0.0,0.33810888252148996,0.07888631090487239,0.4365994427675588,0.01219152972000237,nonhydro_winter_run022.nc
stochastic,4,1,True,431,431.0,431,215.06634493623778,565.8452657706146,385.59403897096433,1.4674637276050404,0.3800797814281308,0.3800797814281308,3.0507436540209834,0.7331786542923434,0.016241299303944315,0.43727598566308246,0.09976798143851508,0.033635375777969045,0.047082238290955924,nonhydro_winter_run022.nc
stochastic,5,0,False,122,122.0,,93.02128327917016,129.75645428173289,69.73498382673937,1.8607081720147862,0.0,nan,92.12368157468724,0.29508196721311475,0.0,0.5595238095238095,0.0,1.358682354350151,0.12430602478255504,nonhydro_winter_run021.nc
stochastic,5,1,True,122,122.0,122,37.53441912281046,137.4209469286453,65.9707369650687,2.0830591448661435,0.2731346273017599,0.2731346273017599,3.073037476419282,0.6311475409836066,0.0,0.2892561983471074,0.13934426229508196,0.14272403272586587,0.04246336218910096,nonhydro_winter_run021.nc
stochastic,6,0,True,90,90.0,90,56.88935350855361,115.67995973080953,83.44818133541204,1.3862490216035375,0.4917822727543882,0.4917822727543882,1.7411432933503848,0.9333333333333333,0.0,0.3258426966292135,0.011111111111111112,0.14620361397607695,0.046580119567122824,nonhydro_winter_run014.nc
stochastic,6,1,False,90,90.0,,128.90647192958957,128.24549026288932,91.40667407467961,1.403021076536624,0.0,nan,105.22131750642961,0.7222222222222222,0.0,0.5119047619047619,0.6888888888888889,0.5191921515273137,0.06240098084767176,nonhydro_winter_run014.nc
stochastic,7,0,False,244,244.0,,649.9576085366115,283.1185902191455,213.7295814996808,1.3246579543766541,0.0,nan,529.6139364178383,0.7581967213114754,0.14344262295081966,0.0390625,0.02459016393442623,2.731292712062512,0.19075908879315795,nonhydro_winter_run029.nc
stochastic,7,1,True,244,244.0,244,65.07770211623993,315.31703312918285,84.1851336651657,3.745519183746992,0.2063881594673578,0.2063881594673578,6.4856457632617905,0.6557377049180327,0.0,0.21982758620689655,0.45491803278688525,0.015342518435161878,0.02541008335426298,nonhydro_winter_run029.nc
stochastic,8,0,True,79,79.0,79,54.922255120373855,86.88361674773982,68.59989827870788,1.266526903505728,0.6321359213191663,0.6321359213191663,4.578281008536146,0.8987341772151899,0.0,0.07692307692307693,0.16455696202531644,0.11642303041796964,0.03791214049174907,nonhydro_winter_run022.nc
stochastic,8,1,False,79,79.0,,45.484082651021815,122.44044211305456,109.36365071499314,1.1195716429779776,0.0,nan,3.2488707641098733,0.6582278481012658,0.0,0.29333333333333333,0.13924050632911392,0.5940784669129116,0.05420124755163347,nonhydro_winter_run022.nc
stochastic,9,0,True,571,571.0,571,123.56788008557244,657.8241128972259,271.23655965182485,2.425278191633338,0.187843342411618,0.187843342411618,1.5271062783502027,0.5551663747810858,0.0,0.3165735567970205,0.01576182136602452,0.12680264444109213,0.02923713410215878,nonhydro_winter_run013.nc
stochastic,9,1,False,571,571.0,,486.9698892677832,291.5302609374761,129.13134195242216,2.257625891047342,0.0,nan,440.8039540297775,0.5569176882661997,0.012259194395796848,0.027522935779816515,0.7653239929947461,2.4187230998938247,0.005610254094282507,nonhydro_winter_run013.nc
stochastic,10,0,True,951,951.0,951,328.4239012945333,1050.8801599076178,387.033863183532,2.715215023470153,0.31252269652079534,0.31252269652079534,6.1769647047956004,0.7634069400630915,0.002103049421661409,0.38549075391180654,0.056782334384858045,0.1363360693401603,0.024096513891397997,nonhydro_winter_run024.nc
stochastic,10,1,False,951,951.0,,188.05555011905793,946.0064586483342,261.83528851734843,3.6129830474919142,0.0,nan,59.30956386109911,0.576235541535226,0.005257623554153523,0.4616457461645746,0.8033648790746583,0.5809244119780885,0.007258123975828257,nonhydro_winter_run024.nc
stochastic,11,0,True,232,232.0,232,55.705453423348295,312.1995012861232,63.189315870828295,4.940700765368658,0.17842902757328752,0.17842902757328752,3.9887524431022543,0.6681034482758621,0.0,0.3072916666666667,0.4525862068965517,0.1371509632562251,0.027251888439172145,nonhydro_winter_run005.nc
stochastic,11,1,False,232,232.0,,46.089605378138195,257.766885905521,104.14533224327742,2.475069024729717,0.0,nan,13.179935147810953,0.4827586206896552,0.0,0.2577777777777778,0.23275862068965517,0.3381174670015241,0.12258659829423058,nonhydro_winter_run005.nc
stochastic,12,0,False,3600,3600.0,,27.562947728923138,2961.146878839266,181.19598342867423,16.342232442502723,0.0,nan,18.988233649785403,0.525,0.0,0.47181266261925414,0.4597222222222222,0.7366275076682385,0.021726168908162702,nonhydro_winter_run019.nc
stochastic,12,1,False,3600,3600.0,,144.8094174507521,3696.2184752622634,708.984482393264,5.213398271828496,0.0,nan,41.3179202261031,0.5291666666666667,0.0,0.4051178838412881,0.3186111111111111,1.894279791144541,0.038002313287834655,nonhydro_winter_run019.nc
stochastic,13,0,False,136,136.0,,138.01485918576225,156.7797999046485,44.109519982221286,3.5543302209554746,0.0,nan,137.57692804872514,0.3382352941176471,0.007352941176470588,0.3125,0.875,0.8019408872987128,0.05315288060572432,nonhydro_winter_run027.nc
stochastic,13,1,True,136,136.0,136,20.137070407450043,163.08551274293154,106.89317663536092,1.525686838732996,0.12347553175487579,0.12347553175487579,4.606626463660877,0.6323529411764706,0.0,0.6666666666666666,0.8823529411764706,0.08203310810632303,0.03072437617389301,nonhydro_winter_run027.nc
stochastic,14,0,False,1242,1242.0,,214.35830585441508,1310.801474349841,295.87203310661147,4.430298668605561,0.0,nan,4.966720980185588,0.6119162640901772,0.0748792270531401,0.24603174603174602,0.2713365539452496,0.784514389809388,0.12070885025221789,nonhydro_winter_run005.nc
stochastic,14,1,True,1242,1242.0,1242,296.2960705446694,1616.618838788643,494.2373052493583,3.2709364947128137,0.18328134216639994,0.18328134216639994,2.041655061980499,0.7286634460547504,0.01288244766505636,0.328537170263789,0.020933977455716585,0.09137097264525806,0.04972097256548602,nonhydro_winter_run005.nc
stochastic,15,0,False,3600,3600.0,,203.2020441719045,3134.4637345790643,156.37434930160313,20.044615683954312,0.0,nan,88.5381306081162,0.43583333333333335,0.0,0.323911814584511,0.8033333333333333,1.372096441450232,0.003047713200953761,nonhydro_winter_run028.nc
stochastic,15,1,False,3600,3600.0,,100.95504928114029,3348.03449372597,288.65719273659295,11.598652581580176,0.0,nan,69.29097559808852,0.4736111111111111,0.0,0.5001684068710003,0.029444444444444443,1.8755003098615504,0.15005239757790445,nonhydro_winter_run028.nc
stochastic,16,0,False,194,194.0,,89.30185692233505,197.52053667737596,30.76943897384253,6.419374004358368,0.0,nan,89.30185692233505,0.4845360824742268,0.0,0.4973821989528796,0.0,2.2286847542889845,0.2564826550474155,nonhydro_winter_run017.nc
stochastic,16,1,True,194,194.0,194,88.38699606330792,276.8477405731827,164.67340135019444,1.6811928235115416,0.31926211816037364,0.31926211816037364,4.419885070904356,0.7061855670103093,0.0,0.3045977011494253,0.30927835051546393,0.13435918323866503,0.03526587272434756,nonhydro_winter_run017.nc
stochastic,17,0,True,163,163.0,163,39.091845156015985,201.19016354618321,103.17795943494637,1.949933538596811,0.1943029642552204,0.1943029642552204,3.718539266880576,0.7116564417177914,0.0,0.2839506172839506,0.147239263803681,0.1452968039894813,0.04506182586332319,nonhydro_winter_run023.nc
stochastic,17,1,False,163,163.0,,48.697133970214786,213.2215008653217,173.58463193571743,1.228343191949635,0.0,nan,22.589625643613086,0.5337423312883436,0.0,0.21568627450980393,0.06134969325153374,0.8781720788887029,0.14384701008007228,nonhydro_winter_run023.nc
stochastic,18,0,False,60,60.0,,287.8395908715486,73.59516568385422,41.380104022933,1.778515724442537,0.0,nan,253.0539195538983,0.6333333333333333,0.0,0.0,0.0,1.5799358355264417,0.21282162349330258,nonhydro_winter_run027.nc
stochastic,18,1,True,60,60.0,60,29.100150752272448,70.42786381717502,57.25647435465356,1.2300419229611708,0.41319087609719446,0.41319087609719446,5.031288115729006,0.8666666666666667,0.03333333333333333,0.0,0.03333333333333333,0.14988382625552532,0.047567247880690555,nonhydro_winter_run027.nc
stochastic,19,0,False,929,929.0,,144.25421938072498,763.2847886002173,88.23974319957311,8.650124772846233,0.0,nan,103.94106674459209,0.5048439181916039,0.0,0.5324532453245324,0.8665231431646933,0.9483127540619449,0.01772323480266902,nonhydro_winter_run018.nc
stochastic,19,1,True,929,929.0,929,13.760239785102403,1064.3333148871252,362.4474118896005,2.936517905696386,0.012928506129268071,0.012928506129268071,1.3706567526030045,0.5231431646932185,0.013993541442411194,0.3666191155492154,0.5683530678148547,0.13859814065683196,0.035239233911201984,nonhydro_winter_run018.nc
stochastic,20,0,False,121,121.0,,20.574159194352205,116.5376558489721,43.169847701586654,2.699515102636994,0.0,nan,9.897346893252541,0.6033057851239669,0.0,0.24786324786324787,0.4132231404958678,0.8845224869123669,0.002496692661835165,nonhydro_winter_run027.nc
stochastic,20,1,True,121,121.0,121,67.12760054420819,188.68343214597255,145.43901589406718,1.2973371071446407,0.3557683882508337,0.3557683882508337,2.0386905356484326,0.8181818181818182,0.0,0.15,0.05785123966942149,0.14864979814025503,0.007595745192431114,nonhydro_winter_run027.nc
stochastic,21,0,True,204,204.0,204,133.92763805229183,289.62966108348724,213.7396022126486,1.3550584827763268,0.46240995328750706,0.46240995328750706,1.6256665843962088,0.8088235294117647,0.00980392156862745,0.25870646766169153,0.004901960784313725,0.03208913979579364,0.04985998398513747,nonhydro_winter_run010.nc
stochastic,21,1,False,204,204.0,,200.0238590128279,181.2364254187047,49.109481084681974,3.690456942645953,0.0,nan,200.0238590128279,0.5049019607843137,0.0,0.46798029556650245,0.0,1.1156616186778479,0.22400119265603557,nonhydro_winter_run010.nc
stochastic,22,0,True,34,34.0,34,11.485328904564758,27.058732961774364,14.913354525723463,1.8143961450860577,0.4244592280351775,0.4244592280351775,2.1894440888078934,0.8235294117647058,0.0,0.18181818181818182,0.029411764705882353,0.06022780296651575,0.04963690100787599,nonhydro_winter_run024.nc
stochastic,22,1,False,34,34.0,,407.07090879313483,50.80999108054639,47.071148084538116,1.079429611304433,0.0,nan,407.07090879313483,0.058823529411764705,0.0,0.0,0.17647058823529413,2.3754559698962225,0.024987815552247716,nonhydro_winter_run024.nc
stochastic,23,0,False,3600,3600.0,,65.51304943591566,3551.8710073520842,190.80330264035072,18.615353917888324,0.0,nan,20.231882323579573,0.4538888888888889,0.0,0.329157532101472,0.009166666666666667,3.058895180978901,0.24562362286253425,nonhydro_winter_run002.nc
stochastic,23,1,False,3600,3600.0,,49.98935515853866,3590.5444246968855,362.19599013818953,9.913263874972708,0.0,nan,2.382956875627366,0.6511111111111111,0.0,0.3894523326572008,0.0125,0.5674848934154895,0.0543699922634997,nonhydro_winter_run002.nc
stochastic,24,0,False,3600,3600.0,,33.07944528139917,3647.8882466316004,439.294999465213,8.303960325231223,0.0,nan,5.385936978787833,0.5283333333333333,0.02388888888888889,0.2863869863013699,0.07166666666666667,1.8794177705369037,0.1659000307942754,nonhydro_winter_run012.nc
stochastic,24,1,False,3600,3600.0,,280.54363847938816,3571.061529988529,274.1414320091656,13.026347399648568,0.0,nan,31.251140254018836,0.5905555555555555,0.025833333333333333,0.3617988883274381,0.0,1.5615724297975078,0.19528350261224203,nonhydro_winter_run012.nc
stochastic,25,0,False,3600,3600.0,,584.2472103899926,3068.532426801026,513.4150284557335,5.976709400250043,0.0,nan,66.80399054033686,0.5383333333333333,0.0,0.4028755868544601,0.0022222222222222222,1.5392921024134338,0.15431100937097364,nonhydro_winter_run016.nc
stochastic,25,1,False,3600,3600.0,,110.37171359115115,3306.843538181669,180.9165966931461,18.278276281033683,0.0,nan,8.085858889614148,0.4363888888888889,0.0,0.45612788632326823,0.8969444444444444,0.6593453927726429,0.0007275516717426544,nonhydro_winter_run016.nc
stochastic,26,0,True,365,365.0,365,188.42092347628088,529.4325729905298,415.1278887455871,1.2753481212508824,0.3558922006101261,0.3558922006101261,2.4385830084306224,0.6931506849315069,0.0,0.33807829181494664,0.2876712328767123,0.1313401916511694,0.044389208877661845,nonhydro_winter_run026.nc
stochastic,26,1,False,365,365.0,,251.3859488416246,389.20599262004123,121.87417476572153,3.193506691374207,0.0,nan,251.3859488416246,0.4136986301369863,0.0547945205479452,0.42081447963800905,0.0,1.6925867875342533,0.18941818202865068,nonhydro_winter_run026.nc
stochastic,27,0,True,231,231.0,231,43.7349187030906,273.2998485191948,114.71500059368505,2.382424679464629,0.16002540411221244,0.16002540411221244,3.3097007255650475,0.6103896103896104,0.0,0.26635514018691586,0.12121212121212122,0.1361518458520834,0.048811546889798496,nonhydro_winter_run001.nc
stochastic,27,1,False,231,231.0,,82.24920960861316,304.83896585626735,92.19411388028846,3.306490545069856,0.0,nan,12.953254132922632,0.5497835497835498,0.0,0.22164948453608246,0.42857142857142855,0.7656911103332078,0.23113512090134603,nonhydro_winter_run001.nc
stochastic,28,0,False,27,27.0,,74.07605505031772,43.36391973106965,43.14682951639856,1.0050314291247884,0.0,nan,48.5266016393168,1.0,0.0,0.0,0.0,1.164957676753339,0.3490369750723149,nonhydro_winter_run020.nc
stochastic,28,1,True,27,27.0,27,10.67275109748768,50.237916058121115,47.41493178571218,1.0595378748021231,0.21244414448123583,0.21244414448123583,2.657152403270925,0.6666666666666666,0.0,0.38461538461538464,0.8888888888888888,0.10910292437063163,0.032300377364168575,nonhydro_winter_run020.nc
stochastic,29,0,True,85,85.0,85,60.24762598902445,95.22665571065886,77.16552088517327,1.2340570583636907,0.6326760667946133,0.6326760667946133,3.6144286781517656,0.9058823529411765,0.0,0.14285714285714285,0.011764705882352941,0.1386354076132008,0.04820374335182642,nonhydro_winter_run029.nc
stochastic,29,1,False,85,85.0,,346.27587445033254,100.52266562186576,67.74856761578964,1.4837607518426368,0.0,nan,346.27587445033254,0.09411764705882353,0.0,0.2619047619047619,0.011764705882352941,0.9893516218369385,0.056063225242765635,nonhydro_winter_run029.nc
stochastic,30,0,False,105,105.0,,37.430476455508746,129.13642658708,68.90752592805869,1.8740540289010217,0.0,nan,17.345878077357884,0.638095238095238,0.0,0.4725274725274725,0.0,0.47034823150204375,0.14343352940697673,nonhydro_winter_run004.nc
stochastic,30,1,True,105,105.0,105,70.34443304218685,130.04240431000008,104.7343765447291,1.2416401242858655,0.5409345775743817,0.5409345775743817,2.8013175019486805,0.9142857142857143,0.0,0.04081632653061224,0.17142857142857143,0.14748552315313646,0.017919135747510584,nonhydro_winter_run004.nc
stochastic,31,0,True,38,38.0,38,21.20998363469815,46.99325847584565,31.579469626462284,1.4880952413610915,0.45134098640127285,0.45134098640127285,1.4025418210991378,0.6842105263157895,0.0,0.1891891891891892,0.6842105263157895,0.13577138723213267,0.004196639956947523,nonhydro_winter_run017.nc
stochastic,31,1,False,38,38.0,,455.6004245256207,41.136132838328635,38.93139567976022,1.056631341365309,0.0,nan,455.6004245256207,0.05263157894736842,0.0,0.0,0.0,1.205614766116689,0.1369122353184974,nonhydro_winter_run017.nc
stochastic,32,0,True,250,250.0,250,89.99275854018795,309.7590162890556,172.18477351231243,1.7989919199615267,0.2905250656407369,0.2905250656407369,2.9049194013659845,0.72,0.0,0.3230088495575221,0.888,0.13021575018287734,0.029219477279709416,nonhydro_winter_run027.nc
stochastic,32,1,False,250,250.0,,88.34160600178073,244.83655903403107,64.45679911063648,3.798459781004372,0.0,nan,36.71498368586146,0.616,0.0,0.41496598639455784,0.28,1.1263430333483484,0.08252744228283071,nonhydro_winter_run027.nc
stochastic,33,0,False,550,550.0,,476.47956224846666,862.0779450993426,695.4285994140839,1.239635450462729,0.0,nan,19.378665533247702,0.9490909090909091,0.0,0.3954022988505747,0.42727272727272725,0.9898030283447454,0.015119978677782031,nonhydro_winter_run027.nc
stochastic,33,1,True,550,550.0,550,350.00868887035966,706.2740312240917,507.83512942979377,1.3907545781976693,0.49557066152317075,0.49557066152317075,1.9651006541665696,0.8672727272727273,0.005454545454545455,0.09698275862068965,0.1709090909090909,0.12582947751545248,0.043777070286947994,nonhydro_winter_run027.nc
stochastic,34,0,True,684,684.0,684,239.32912046608672,691.656100928554,381.1996093114266,1.814419752889871,0.34602329126394665,0.34602329126394665,0.6399503141841832,0.7631578947368421,0.0,0.31784107946026985,0.7032163742690059,0.041692622182601724,0.04880483292283788,nonhydro_winter_run002.nc
stochastic,34,1,False,684,684.0,,70.17167430628596,816.7047618764034,79.09399622192736,10.325749119880568,0.0,nan,7.357230450297401,0.6052631578947368,0.017543859649122806,0.4543828264758497,0.15789473684210525,0.6059810487304347,0.05690756745584191,nonhydro_winter_run002.nc
stochastic,35,0,False,3600,3600.0,,78.87191820740848,3545.8193556096357,312.92936159260944,11.331053556507745,0.0,nan,65.63190550132992,0.5111111111111111,0.051666666666666666,0.4087527352297593,0.08166666666666667,1.5017383964321027,0.17519496236078447,nonhydro_winter_run004.nc
stochastic,35,1,False,3600,3600.0,,82.8930124461748,2614.6221637010512,120.41008149653206,21.714312715387997,0.0,nan,11.826069313257744,0.62,0.0005555555555555556,0.15859213250517598,0.012222222222222223,0.21279142199127676,0.1779359178838087,nonhydro_winter_run004.nc
stochastic,36,0,False,3600,3600.0,,383.01970888151095,3793.3846390686394,270.9229887498853,14.001708221854413,0.0,nan,358.36687828396526,0.43694444444444447,0.021666666666666667,0.12724989535370448,0.16722222222222222,2.3794246516552775,0.10158544557639548,nonhydro_winter_run012.nc
stochastic,36,1,False,3600,3600.0,,50.09391069343616,3234.964091747368,148.42749243071182,21.794911702476533,0.0,nan,23.754231958425787,0.4686111111111111,0.020833333333333332,0.2101593625498008,0.8213888888888888,1.549351758745381,0.0020551586104904374,nonhydro_winter_run012.nc
stochastic,37,0,False,300,300.0,,262.0194585242265,397.3694219972297,299.36408114754386,1.32737842320296,0.0,nan,95.63749129781846,0.81,0.0,0.3310580204778157,0.0,2.6120847186685623,0.41277687727730605,nonhydro_winter_run005.nc
stochastic,37,1,True,300,300.0,300,13.118195321863205,352.76605322458425,190.1183760098796,1.8555073982235815,0.03718667145535022,0.03718667145535022,4.278919191459967,0.6066666666666667,0.0,0.36394557823129253,0.45,0.14593968949699843,0.01603820109103704,nonhydro_winter_run005.nc
stochastic,38,0,False,658,658.0,,209.67285869749327,733.6704429111994,432.1792584704896,1.6976067882288166,0.0,nan,7.299921874495888,0.5562310030395137,0.0243161094224924,0.26170798898071623,0.00303951367781155,0.45002301324391425,0.03995636845781059,nonhydro_winter_run008.nc
stochastic,38,1,True,658,658.0,658,389.4610991392443,899.2959027833588,613.9818961488342,1.464694494127824,0.4330733609859066,0.4330733609859066,3.269244351095725,0.7674772036474165,0.010638297872340425,0.22048997772828507,0.0182370820668693,0.14527808570881717,0.0019483293990477657,nonhydro_winter_run008.nc
stochastic,39,0,False,3600,3600.0,,377.2725494551172,3484.2746337805684,512.6108057029209,6.797115072521217,0.0,nan,11.508938609741838,0.43,0.0,0.48620082207868465,0.16694444444444445,1.3438378272096898,0.12498803500490618,nonhydro_winter_run030.nc
stochastic,39,1,False,3600,3600.0,,331.1009189154577,3342.829113437306,360.4157829459074,9.274924327992071,0.0,nan,52.280361284642034,0.6458333333333334,0.0,0.5022042615723733,0.7027777777777777,0.9000928005467159,0.02166636060131588,nonhydro_winter_run030.nc
stochastic,40,0,True,1511,1511.0,1511,535.0459182449382,1823.9599113298225,654.9143563251808,2.7850357740885774,0.2933430252065376,0.2933430252065376,3.6616641791656512,0.6942422236929185,0.03044341495698213,0.37819905213270144,0.15618795499669094,0.14474779445228592,0.021737911089441675,nonhydro_winter_run017.nc
stochastic,40,1,False,1511,1511.0,,216.0165674784657,1305.6558127206788,85.49327517267466,15.272029409138746,0.0,nan,209.72745204952926,0.456651224354732,0.05162144275314361,0.47717842323651455,0.020516214427531435,1.954642850729968,0.2572351172848123,nonhydro_winter_run017.nc
stochastic,41,0,False,1495,1495.0,,272.8120462694022,1533.5769618285688,453.8065270915115,3.379362944947943,0.0,nan,15.383916955069473,0.5632107023411371,0.0,0.42138364779874216,0.7959866220735786,0.8875433914460018,0.01215735659602657,nonhydro_winter_run020.nc
stochastic,41,1,True,1495,1495.0,1495,103.68107507290459,2091.943178609208,540.441447253842,3.870804486293657,0.04956208951231416,0.04956208951231416,3.9955716706471827,0.5678929765886288,0.0,0.37542662116040953,0.07692307692307693,0.12595711310672186,0.002298213490338874,nonhydro_winter_run020.nc
stochastic,42,0,True,2,2.0,2,5.3259419228638905,2.4549790214925036,2.4546243627335698,1.0001444859605886,1.0,2.1694449835363505,3.5588233087845658,1.0,0.0,0.0,1.0,0.13719112149404822,0.01964173687150983,nonhydro_winter_run003.nc
stochastic,42,1,False,2,2.0,,57.03157426487188,3.3289859580326167,3.3289421454095205,1.0000131611248206,0.0,nan,53.799923881722854,1.0,0.0,0.0,0.0,1.31403630757071,0.06601357379356931,nonhydro_winter_run003.nc
stochastic,43,0,False,3600,3600.0,,876.5376197644165,2793.831217082529,46.763944044798095,59.74327602492519,0.0,nan,807.4037571176041,0.4675,0.0,0.3566610455311973,0.0,3.3876770553968996,0.3889381438299343,nonhydro_winter_run016.nc
stochastic,43,1,False,3600,3600.0,,225.02833805208815,4211.758859982927,301.726931940566,13.958842960735627,0.0,nan,216.66165598602277,0.40305555555555556,0.0,0.38384146341463415,0.18138888888888888,2.182572623421464,0.2786519013253882,nonhydro_winter_run016.nc
stochastic,44,0,True,14,14.0,14,8.204506073222788,24.888169298225137,23.99167873379356,1.0373667292888855,0.3296548643217354,0.3296548643217354,4.633387011896974,0.5714285714285714,0.0,0.0,1.0,0.141619859778217,0.0149802338370022,nonhydro_winter_run021.nc
stochastic,44,1,False,14,14.0,,51.2989785853699,16.823678168563724,15.139072790753062,1.1112753337733878,0.0,nan,42.102105980403444,1.0,0.0,0.16666666666666666,0.0,1.3492403029217286,0.23908409469636338,nonhydro_winter_run021.nc
stochastic,45,0,True,6,6.0,6,5.8376365304645965,10.348041846390856,10.347521119154521,1.0000503238631107,0.564129582883415,0.564129582883415,3.644950789306302,0.6666666666666666,0.0,0.0,1.0,0.13859191689391537,0.024869267726085664,nonhydro_winter_run028.nc
stochastic,45,1,False,6,6.0,,26.31887532068811,8.909175359026342,8.909064836537501,1.0000124056217874,0.0,nan,21.846083911436917,1.0,0.0,0.0,0.3333333333333333,0.40089400768309247,0.04433733025820774,nonhydro_winter_run028.nc
stochastic,46,0,False,14,14.0,,226.17350812644702,15.960802826670529,15.928036415206236,1.0020571532240479,0.0,nan,218.8635024946302,1.0,0.0,0.0,0.35714285714285715,1.5222930096931222,0.03639350785502893,nonhydro_winter_run016.nc
stochastic,46,1,True,14,14.0,14,8.64526887489224,19.54998241545912,17.9334688396989,1.0901394811126435,0.44221363943816167,0.44221363943816167,1.6944802365285525,0.7857142857142857,0.0,0.23076923076923078,1.0,0.14081994669592035,0.018150129706618112,nonhydro_winter_run016.nc
stochastic,47,0,True,358,358.0,358,205.97335147168872,409.37823588825785,215.25913469525779,1.901792629928641,0.5031370342020584,0.5031370342020584,3.054575256217854,0.8519553072625698,0.0,0.35398230088495575,0.2905027932960894,0.14544797875613824,0.03610538623543147,nonhydro_winter_run003.nc
stochastic,47,1,False,358,358.0,,512.0119241285695,454.6212175354567,338.94031434452626,1.3413016932336443,0.0,nan,273.23837797572025,0.9497206703910615,0.0,0.3333333333333333,0.0,0.9571076427144263,0.19040649815889643,nonhydro_winter_run003.nc
stochastic,48,0,False,3600,3600.0,,382.42890865012197,3599.8423677234696,309.628282385595,11.626335746811439,0.0,nan,194.52230281659988,0.6108333333333333,0.015555555555555555,0.1819505094614265,0.052222222222222225,1.291316768851651,0.07830748784034292,nonhydro_winter_run004.nc
stochastic,48,1,False,3600,3600.0,,154.64806130994012,3197.3222850244056,148.00315785621652,21.603068011093182,0.0,nan,14.523772158111171,0.7733333333333333,0.0002777777777777778,0.5917254650416934,0.008333333333333333,1.576875490936743,0.09558451678277946,nonhydro_winter_run004.nc
stochastic,49,0,False,104,104.0,,33.041621522841155,106.49397363552998,42.69028372964711,2.4945716994982896,0.0,nan,21.261507518282443,0.5961538461538461,0.0,0.5,0.0,1.0879454904730963,0.17411902587816364,nonhydro_winter_run002.nc
stochastic,49,1,True,104,104.0,104,55.373529757665615,127.64429387714631,88.18023128949115,1.4475386604294185,0.4338112427568515,0.4338112427568515,4.477586460228512,0.8269230769230769,0.0,0.0625,0.15384615384615385,0.12929758661475432,0.045452229909257125,nonhydro_winter_run002.nc
stochastic,50,0,False,159,159.0,,89.71951943625653,222.3643126778167,184.69886101595299,1.203928987188559,0.0,nan,89.71951943625653,0.16981132075471697,0.06918238993710692,0.0,0.23270440251572327,2.9131631256252177,0.06395895422637121,nonhydro_winter_run024.nc
stochastic,50,1,True,159,159.0,159,26.301029833519035,178.4457620506688,66.9462524284538,2.6655078600758983,0.1473894898442642,0.1473894898442642,3.8912216809577327,0.5660377358490566,0.0,0.33121019108280253,0.6226415094339622,0.14079636919097283,0.025524786340084704,nonhydro_winter_run024.nc
stochastic,51,0,False,3600,3600.0,,385.15295163037155,3418.2705939800044,314.6770852208086,10.862788409208148,0.0,nan,121.70022692601836,0.44666666666666666,0.0,0.34464385866517105,0.0,3.737672397577377,0.42945932036003,nonhydro_winter_run012.nc
stochastic,51,1,False,3600,3600.0,,142.45016361246093,3165.773402946103,780.0225948458356,4.058566282393127,0.0,nan,106.00379900455646,0.5438888888888889,0.0,0.3714464229928147,0.03361111111111111,3.527284777944004,0.212797514253377,nonhydro_winter_run012.nc
stochastic,52,0,True,6,6.0,6,6.3923121932077,7.237553246833476,7.220283589914118,1.002391825293882,0.8832145305465519,0.8832145305465519,3.856206210564307,0.6666666666666666,0.0,0.0,0.16666666666666666,0.11359358005080367,0.047371251275658555,nonhydro_winter_run029.nc
stochastic,52,1,False,6,6.0,,12.958596140922346,9.352401387078267,9.351930979930708,1.0000503005367092,0.0,nan,7.679489345082095,1.0,0.0,0.0,0.0,0.46494471308742646,0.05375191582048244,nonhydro_winter_run029.nc
stochastic,53,0,True,92,92.0,92,24.087794697656598,154.58633597224176,131.53706934854588,1.1752301973721195,0.1558209821467139,0.1558209821467139,2.8003904490958855,0.6195652173913043,0.0,0.0975609756097561,0.5108695652173914,0.12884377198538743,0.022908479478445876,nonhydro_winter_run023.nc
stochastic,53,1,False,92,92.0,,201.38652126670289,95.51145823877535,51.60300757424007,1.8508893711546792,0.0,nan,201.1542032904901,0.358695652173913,0.03260869565217391,0.0,0.29347826086956524,2.2101548139581837,0.23284745500292503,nonhydro_winter_run023.nc
stochastic,54,0,False,1,1.0,,243.7905508119414,1.1696100136569896,1.1696100136569896,1.0,0.0,nan,243.7188312974422,1.0,0.0,0.0,0.0,3.344057223162473,0.30841284037503436,nonhydro_winter_run010.nc
stochastic,54,1,True,1,1.0,1,2.099853649836796,1.5536164022941437,1.5536164022941437,1.0,1.0,1.3515908088612172,2.099853649836796,0.0,0.0,0.0,1.0,0.13057006822291584,0.018064275402111973,nonhydro_winter_run010.nc
stochastic,55,0,False,778,778.0,,134.09695864732817,419.95956823666927,175.42952197424225,2.393893362477101,0.0,nan,48.04576148103233,0.3496143958868895,0.0,0.22781456953642384,0.9305912596401028,0.9084810477573413,0.04140412033835139,nonhydro_winter_run029.nc
stochastic,55,1,True,778,778.0,778,87.06747361328013,946.7700336402693,391.8426281251759,2.416199682434294,0.09196264195066604,0.09196264195066604,4.909310209419267,0.5179948586118251,0.0,0.515625,0.37532133676092544,0.14944420028651706,0.018761359025695867,nonhydro_winter_run029.nc
stochastic,56,0,False,171,171.0,,235.80672592611737,177.98444912736255,96.92944845944363,1.8362267809852775,0.0,nan,182.23284310801392,0.7777777777777778,0.0,0.2222222222222222,0.0,1.6241243823455562,0.12552678469804146,nonhydro_winter_run012.nc
stochastic,56,1,True,171,171.0,171,51.637507590160766,200.1040310499775,89.46662048215386,2.236633394349491,0.25805331016676974,0.25805331016676974,3.819685549002617,0.6666666666666666,0.0,0.25149700598802394,0.08771929824561403,0.059970141677951005,0.047904997638040125,nonhydro_winter_run012.nc
stochastic,57,0,False,9,9.0,,336.3393753284035,10.673962698873439,7.661309652051849,1.3932295108336656,0.0,nan,330.0331292649852,1.0,0.0,0.2,0.0,2.4534541841441353,0.2923726997670113,nonhydro_winter_run002.nc
stochastic,57,1,True,9,9.0,9,12.371705897982238,12.831730659539161,12.799459897520732,1.0025212596685178,0.9641494375339823,0.9641494375339823,4.1860340091181145,0.8888888888888888,0.0,0.0,0.1111111111111111,0.1109079171178422,0.0499411356060635,nonhydro_winter_run002.nc
stochastic,58,0,False,73,73.0,,81.206395567752,85.36922136233613,74.73415601063193,1.1423052847508068,0.0,nan,70.12460088715099,0.547945205479452,0.0136986301369863,0.07042253521126761,0.0,0.5969401143124742,0.10067381201742598,nonhydro_winter_run016.nc
stochastic,58,1,True,73,73.0,73,69.92813182600145,83.42186572704064,74.02134306735871,1.1269974614095768,0.8382470377108182,0.8382470377108182,2.113764932813024,0.9452054794520548,0.0,0.027777777777777776,0.0136986301369863,0.01043045594283143,0.04878256227933642,nonhydro_winter_run016.nc
stochastic,59,0,True,771,771.0,771,93.84998094649599,934.5439685977134,318.08519540214724,2.9380303833889303,0.10042329103821432,0.10042329103821432,3.1213376708286167,0.5486381322957199,0.0,0.4454787234042553,0.057068741893644616,0.04559112661900855,0.0493795199042425,nonhydro_winter_run024.nc
stochastic,59,1,False,771,771.0,,352.4045034310588,958.3378771454833,423.029674495417,2.2654152531700604,0.0,nan,22.19208546503065,0.7833981841763943,0.0,0.30294906166219837,0.0,0.7765483297849229,0.11085795679241262,nonhydro_winter_run024.nc
stochastic,60,0,True,1150,1150.0,1150,48.16166808595784,789.4779274019241,338.26140112112876,2.333928508500496,0.0610044516943647,0.0610044516943647,3.1554253390640152,0.6391304347826087,0.0,0.3465259454705365,0.10869565217391304,0.11638554533514878,0.02782516101580179,nonhydro_winter_run006.nc
stochastic,60,1,False,1150,1150.0,,87.94796716885928,1385.8354092177478,611.8906331067027,2.264841679601399,0.0,nan,15.743808729275115,0.5869565217391305,0.00608695652173913,0.3052362707535121,0.20869565217391303,1.1905239127642915,0.258187786339648,nonhydro_winter_run006.nc
stochastic,61,0,True,36,36.0,36,14.324622636885179,41.05905721872589,24.5644782610998,1.6714809401731456,0.34887850835386736,0.34887850835386736,0.9974047588694712,0.6388888888888888,0.0,0.45454545454545453,0.6388888888888888,0.14776556372298444,0.01538631957658465,nonhydro_winter_run013.nc
stochastic,61,1,False,36,36.0,,50.830107686881405,61.7614043717697,61.08889373392788,1.0110087218270956,0.0,nan,41.314018495217844,0.5277777777777778,0.0,0.0,0.3333333333333333,1.0471216079426569,0.0344726910763028,nonhydro_winter_run013.nc
stochastic,62,0,True,403,403.0,403,390.6587645876124,628.9600945347361,506.8093198982461,1.2410191956632026,0.6211185224343946,0.6211185224343946,5.889465495570104,0.9230769230769231,0.004962779156327543,0.3724137931034483,0.6575682382133995,0.0903078889941753,0.04793021703072031,nonhydro_winter_run014.nc
stochastic,62,1,False,403,403.0,,95.17488079258307,434.5898009964792,160.36422368331975,2.7100171784866935,0.0,nan,18.85065582803402,0.56575682382134,0.04962779156327544,0.22897196261682243,0.6277915632754343,1.9263506566378936,0.040484123113460724,nonhydro_winter_run014.nc
stochastic,63,0,True,466,466.0,466,35.8770531974533,526.7659160830581,266.6410724174382,1.9755617966401784,0.0681081522210643,0.0681081522210643,6.52401479240406,0.5429184549356223,0.0,0.3609865470852018,0.055793991416309016,0.13037492480573576,0.03441062556030883,nonhydro_winter_run014.nc
stochastic,63,1,False,466,466.0,,62.10620513583713,607.7292963044077,220.91633501593782,2.750947757034642,0.0,nan,62.10620513583713,0.4356223175965665,0.0,0.3925233644859813,0.11802575107296137,2.0100808628480067,0.25466814069223254,nonhydro_winter_run014.nc
stochastic,64,0,False,3600,3600.0,,376.65752783160946,4434.144576244284,127.1576752845094,34.87123027629352,0.0,nan,330.66529289035947,0.5194444444444445,0.0,0.20344827586206896,0.7483333333333333,1.1982514274566114,0.09025863588702532,nonhydro_winter_run016.nc
stochastic,64,1,False,3600,3600.0,,114.30186322374387,3594.2640405993125,298.37581054283635,12.046097282686063,0.0,nan,54.74017256199676,0.4461111111111111,0.0025,0.11443898077782745,0.9077777777777778,0.855940343194689,0.003579816792927293,nonhydro_winter_run016.nc
stochastic,65,0,True,131,131.0,131,72.48185956163597,173.22311443180388,89.83197003714676,1.9283014093999467,0.41843064535230556,0.41843064535230556,2.935584959801901,0.8931297709923665,0.0,0.10101010101010101,0.06870229007633588,0.11697513779363078,0.034585636841332534,nonhydro_winter_run006.nc
stochastic,65,1,False,131,131.0,,82.39098018402655,177.9273871999404,90.69674504357442,1.9617836022059756,0.0,nan,36.7446663974179,0.7938931297709924,0.0,0.09448818897637795,0.09923664122137404,0.6617270278318088,0.012728748110311439,nonhydro_winter_run006.nc
stochastic,66,0,False,3600,3600.0,,275.89032132676607,3373.64008154588,44.53418738754034,75.75393825395696,0.0,nan,261.00417653227436,0.4091666666666667,0.0,0.46119929453262787,0.3111111111111111,1.066838226515621,0.05381819262701426,nonhydro_winter_run029.nc
stochastic,66,1,False,3600,3600.0,,129.41624764575843,2867.3792514647503,171.15546045500238,16.753069074407932,0.0,nan,111.29463076103616,0.4261111111111111,0.0,0.27403439526360307,0.47444444444444445,0.645783855973626,0.028360500022009516,nonhydro_winter_run029.nc
stochastic,67,0,True,51,51.0,51,41.47822793222136,65.21492497270073,63.98981263362908,1.0191454278212373,0.6360235475174485,0.6360235475174485,3.363735976589511,0.803921568627451,0.0,0.0,0.29411764705882354,0.12860371979209617,0.008625944661248441,nonhydro_winter_run024.nc
stochastic,67,1,False,51,51.0,,59.50626427694848,59.53727198145412,35.68176700960679,1.6685628815810774,0.0,nan,28.35527407736405,0.8235294117647058,0.0,0.1111111111111111,0.0196078431372549,0.5227299490029296,0.05751950276313833,nonhydro_winter_run024.nc
stochastic,68,0,False,3600,3600.0,,37.69650677060662,3366.5068351702403,175.68560411434055,19.162109793465117,0.0,nan,35.77163291984784,0.5941666666666666,0.006111111111111111,0.4998350379412735,0.0,2.0758550590967886,0.31397661734567495,nonhydro_winter_run015.nc
stochastic,68,1,False,3600,3600.0,,57.26553668032155,3686.300753069445,51.94698643829996,70.96274501790107,0.0,nan,31.137784244594975,0.6711111111111111,0.0,0.47269763651181745,0.12222222222222222,0.36675374963026286,0.00627871628019272,nonhydro_winter_run015.nc
stochastic,69,0,False,3600,3600.0,,24.152525634853546,3540.9886938065147,207.58911872637296,17.057679687315197,0.0,nan,21.79294494973629,0.6655555555555556,0.021111111111111112,0.40015692428403293,0.030555555555555555,0.8653127716895526,0.20800654855994838,nonhydro_winter_run002.nc
stochastic,69,1,False,3600,3600.0,,56.10432410268892,3265.366700047679,397.57697475755356,8.213168536832226,0.0,nan,10.594255341763867,0.5577777777777778,0.021944444444444444,0.3944618599791014,0.11027777777777778,0.20831808661846907,0.09720190016949193,nonhydro_winter_run002.nc
stochastic,70,0,False,17,17.0,,74.39116659089069,25.3926749910697,24.557684150685525,1.034001204480874,0.0,nan,59.656065750006306,1.0,0.0,0.0,0.0,1.2361113843950235,0.3853857410946413,nonhydro_winter_run020.nc
stochastic,70,1,True,17,17.0,17,14.542235868628723,33.15347766181182,32.25131613592228,1.0279728592187496,0.438633799354912,0.438633799354912,3.7715679878359576,0.8235294117647058,0.0,0.125,0.058823529411764705,0.10673710706629436,0.04832618420326018,nonhydro_winter_run020.nc
stochastic,71,0,False,36,36.0,,46.25046203475551,32.82898017239993,31.35054938025595,1.047158050540418,0.0,nan,31.45463931171536,0.9444444444444444,0.0,0.0,0.0,0.3247503864606358,0.13502179570347672,nonhydro_winter_run029.nc
stochastic,71,1,True,36,36.0,36,7.270694846484107,42.251691754063266,25.139948672189615,1.6806594279487552,0.1720805616211781,0.1720805616211781,4.082038247826843,0.5833333333333334,0.0,0.2,0.027777777777777776,0.05537195823649199,0.049975285749222054,nonhydro_winter_run029.nc
stochastic,72,0,True,68,68.0,68,49.00278790395686,59.671511026863755,54.689511027437156,1.0910960786781798,0.8212091006359148,0.8212091006359148,5.679154926911752,0.9852941176470589,0.0,0.0,0.11764705882352941,0.03935168381076437,0.019116716113255383,nonhydro_winter_run029.nc
stochastic,72,1,False,68,68.0,,55.00621096948536,77.44245896613539,62.6920224163426,1.2352841076306964,0.0,nan,9.961218801722067,0.8823529411764706,0.014705882352941176,0.015151515151515152,0.04411764705882353,0.25341615128449035,0.050310754117550704,nonhydro_winter_run029.nc
stochastic,73,0,False,3600,3600.0,,54.484707967509145,3319.1833177812277,685.2496033397221,4.843758101579953,0.0,nan,4.52830940403063,0.345,0.0075,0.4803370786516854,0.14833333333333334,1.0475934256053776,0.0705640648840743,nonhydro_winter_run025.nc
stochastic,73,1,False,3600,3600.0,,486.72554257166604,3411.580912792968,76.19350320336555,44.77522058130377,0.0,nan,456.84371236375114,0.38416666666666666,0.003611111111111111,0.021693121693121695,0.02361111111111111,2.5627105909552483,0.11780508510964471,nonhydro_winter_run025.nc
stochastic,74,0,True,72,72.0,72,11.064834250023528,76.07054686493329,10.935914067915888,6.956030048563689,0.14545490608434358,0.14545490608434358,1.4073191179227287,0.5833333333333334,0.0,0.27692307692307694,0.9444444444444444,0.14688770363368064,0.01576871168606575,nonhydro_winter_run006.nc
stochastic,74,1,False,72,72.0,,417.1299973913944,108.36841992936505,86.23038483256339,1.256731257082847,0.0,nan,340.24851544016036,1.0,0.0,0.2653061224489796,0.0,1.7531487326954647,0.15855550002437768,nonhydro_winter_run006.nc
stochastic,75,0,False,92,92.0,,119.15688672069626,111.79393505334698,110.25080956856188,1.0139965002599411,0.0,nan,116.7905077317774,0.42391304347826086,0.0,0.0,0.0,0.612366537978744,0.2453876210446425,nonhydro_winter_run020.nc
stochastic,75,1,True,92,92.0,92,87.73703583139894,108.94118821237832,93.4752031713942,1.1654554846232965,0.8053614732047683,0.8053614732047683,1.3161860350372663,1.0,0.0,0.0,0.010869565217391304,0.0795491111188511,0.04693554682939394,nonhydro_winter_run020.nc
stochastic,76,0,False,367,367.0,,151.44409411340817,259.8046025395139,48.35664888948214,5.372675909227923,0.0,nan,129.29966966599233,0.3814713896457766,0.21525885558583105,0.3404255319148936,0.9318801089918256,1.2937564366653902,0.027354593896766866,nonhydro_winter_run017.nc
stochastic,76,1,True,367,367.0,367,123.21974667422205,582.823405963837,407.4323828597838,1.4304788487183486,0.21141866543682974,0.21141866543682974,5.622601300571535,0.670299727520436,0.02452316076294278,0.10509554140127389,0.11716621253405994,0.10979581031197228,0.04800095139437599,nonhydro_winter_run017.nc
stochastic,77,0,True,619,619.0,619,227.15577605030666,839.52491793251,501.1097356244914,1.6753314857997716,0.27057657396247514,0.27057657396247514,2.3298649741250124,0.7366720516962844,0.0,0.3778501628664495,0.009693053311793215,0.14830079403868268,0.0050512168230300025,nonhydro_winter_run002.nc
stochastic,77,1,False,619,619.0,,152.98944368478223,887.9357773088104,653.8421140784033,1.3580278146511937,0.0,nan,152.98944368478223,0.172859450726979,0.0,0.376425855513308,0.26978998384491115,4.1862297178710435,0.07774454264563435,nonhydro_winter_run002.nc
stochastic,78,0,False,170,170.0,,29.425077814404656,234.0991280599122,176.77791318754933,1.3242555240006084,0.0,nan,29.425077814404656,0.20588235294117646,0.07058823529411765,0.32,0.6588235294117647,0.8333578575262308,0.06220535199936583,nonhydro_winter_run022.nc
stochastic,78,1,True,170,170.0,170,42.49199860909304,222.19057429345384,152.11801638241968,1.4606460140452664,0.1912412294905569,0.1912412294905569,3.4708311665213776,0.6470588235294118,0.0,0.375,0.6529411764705882,0.12214757135475196,0.018338947870398914,nonhydro_winter_run022.nc
stochastic,79,0,True,12,12.0,12,7.5727654249378675,23.116424651702214,23.053027250246508,1.0027500683865729,0.3275924170384296,0.3275924170384296,1.296523492850582,0.75,0.0,0.0,0.8333333333333334,0.12511957228522874,0.03794434357454557,nonhydro_winter_run004.nc
stochastic,79,1,False,12,12.0,,30.4529504170783,15.873283258443747,14.892271099708612,1.0658739121902185,0.0,nan,28.04245090877348,0.6666666666666666,0.0,0.0,0.0,1.0087262998956348,0.16158346955993796,nonhydro_winter_run004.nc
stochastic,80,0,False,249,249.0,,26.766388836206076,147.04973191904844,48.00911975537841,3.0629541359706898,0.0,nan,7.114556242449642,0.357429718875502,0.0,0.19262295081967212,0.20883534136546184,0.27990287236134037,0.1716020401896976,nonhydro_winter_run028.nc
stochastic,80,1,True,249,249.0,249,83.68698477908858,299.52574734916175,189.77383396493204,1.5783300631661927,0.2793983005458739,0.2793983005458739,3.850088122029264,0.7068273092369478,0.040160642570281124,0.24817518248175183,0.6305220883534136,0.12781172750226233,0.039891144912346244,nonhydro_winter_run028.nc
stochastic,81,0,True,375,375.0,375,18.332861201169976,304.9155739507259,75.81917355742415,4.021615636838722,0.06012438447677504,0.06012438447677504,1.5499814491093036,0.43466666666666665,0.0,0.16338028169014085,0.0026666666666666666,0.09195011743334192,0.049924446978290904,nonhydro_winter_run002.nc
stochastic,81,1,False,375,375.0,,76.52172249250741,441.9174542287794,146.58614394936097,3.0147286934667052,0.0,nan,76.52172249250741,0.28,0.0,0.35365853658536583,0.5546666666666666,2.116124909364501,0.2773348265275214,nonhydro_winter_run002.nc
stochastic,82,0,False,3600,3600.0,,48.68404469800641,3416.805932826118,433.66328688942997,7.878937498569696,0.0,nan,13.835491485202487,0.6136111111111111,0.029444444444444443,0.5499814195466369,0.06694444444444445,1.6141592199735868,0.28525797987390134,nonhydro_winter_run022.nc
stochastic,82,1,False,3600,3600.0,,98.30255121374343,3529.8325973772867,463.0711287464203,7.622657467186294,0.0,nan,61.351894423067655,0.4658333333333333,0.01138888888888889,0.5241502683363148,0.022222222222222223,2.3545195053035,0.3639901142422275,nonhydro_winter_run022.nc
stochastic,83,0,True,123,123.0,123,42.42605470599869,141.19325608973358,66.9502201123548,2.1089289303722274,0.3004821609825001,0.3004821609825001,6.211683125439413,0.7317073170731707,0.0,0.27102803738317754,0.7317073170731707,0.1494588342972989,0.0392950174628689,nonhydro_winter_run023.nc
stochastic,83,1,False,123,123.0,,66.35999969299411,143.3643938333517,82.27925606836627,1.7424123732259984,0.0,nan,49.94811935394874,0.5121951219512195,0.0,0.308411214953271,0.8211382113821138,0.4253232694959266,0.01904066867634502,nonhydro_winter_run023.nc
stochastic,84,0,False,3600,3600.0,,112.27623787450904,3691.5180985587713,212.68221044753204,17.356966954551453,0.0,nan,22.748903207467038,0.5719444444444445,0.0016666666666666668,0.4268292682926829,0.3852777777777778,0.2961628759675321,0.006585782534148321,nonhydro_winter_run020.nc
stochastic,84,1,False,3600,3600.0,,25.350007127792146,3657.7997847398124,559.0040321298757,6.543422899479159,0.0,nan,20.392359516550716,0.6755555555555556,0.0008333333333333334,0.38798856053384173,0.8727777777777778,1.027805342754796,0.01091854136734327,nonhydro_winter_run020.nc
stochastic,85,0,True,117,117.0,117,35.032956104140524,136.2590187549072,71.74218192524178,1.8992873522705866,0.25710559509572906,0.25710559509572906,0.8401350839516616,0.7692307692307693,0.0,0.28448275862068967,0.008547008547008548,0.09682213022365005,0.04471750788856932,nonhydro_winter_run022.nc
stochastic,85,1,False,117,117.0,,61.80602845508819,162.07222623359368,124.13878713425134,1.3055728187381013,0.0,nan,57.44945970079686,0.37606837606837606,0.0,0.47413793103448276,0.0,2.5056396912637027,0.4497849166808908,nonhydro_winter_run022.nc
stochastic,86,0,False,3600,3600.0,,182.03880648553744,3571.821169515296,248.37445893756785,14.380790942812359,0.0,nan,4.265697229841009,0.43527777777777776,0.011944444444444445,0.33109619686800895,0.13361111111111112,0.9295473657363047,0.11161951518476387,nonhydro_winter_run029.nc
stochastic,86,1,False,3600,3600.0,,799.2486463175718,3099.2004847657126,650.5059936527979,4.7642919742564045,0.0,nan,327.8668509742224,0.5127777777777778,0.04694444444444444,0.04440574662603396,0.3675,2.7918890034019768,0.22946660030662736,nonhydro_winter_run029.nc
stochastic,87,0,True,77,77.0,77,40.95338294667317,91.4702367452563,42.20191914316445,2.1674425856074357,0.44772359189063804,0.44772359189063804,2.153250111154882,0.8441558441558441,0.0,0.2191780821917808,0.2857142857142857,0.12085826144758016,0.034522164256491794,nonhydro_winter_run019.nc
stochastic,87,1,False,77,77.0,,45.981254269231734,99.75831318235532,80.7565291820952,1.2352971851652221,0.0,nan,40.69995938375258,0.6103896103896104,0.0,0.3561643835616438,0.0,1.7504449149654562,0.24114976843989921,nonhydro_winter_run019.nc
stochastic,88,0,False,3600,3600.0,,19.69356344803223,3443.9025090168234,54.097609569443875,63.66089992564207,0.0,nan,15.206574203621956,0.4866666666666667,0.003611111111111111,0.5089490592014686,0.005833333333333334,0.32527317683917545,0.0823461154470343,nonhydro_winter_run016.nc
stochastic,88,1,False,3600,3600.0,,438.261820261556,2703.3777670857903,149.5971696297132,18.071048896026987,0.0,nan,437.43195339924546,0.5755555555555556,0.0,0.3201320132013201,0.4066666666666667,2.669737499274895,0.006530822477804121,nonhydro_winter_run016.nc
stochastic,89,0,False,108,108.0,,76.94397958708085,116.1120550505179,95.88512693337812,1.210949588993021,0.0,nan,3.8640506429569403,0.9074074074074074,0.0,0.08571428571428572,0.0,0.12013717749387354,0.07679020042665075,nonhydro_winter_run026.nc
stochastic,89,1,True,108,108.0,108,32.666572924271115,155.54728153518266,125.36386539413063,1.2407664764177349,0.21001056785992356,0.21001056785992356,4.26823942522572,0.6388888888888888,0.0,0.16049382716049382,0.8518518518518519,0.08134148228408122,0.020037110862611618,nonhydro_winter_run026.nc
stochastic,90,0,False,37,37.0,,131.43300466500526,39.72094271966365,23.698598191900125,1.6760882815946367,0.0,nan,123.51141987092397,0.7297297297297297,0.0,0.4411764705882353,0.972972972972973,1.321383188790584,0.023205293135791782,nonhydro_winter_run020.nc
stochastic,90,1,True,37,37.0,37,27.353884041465943,47.81716820622878,42.41234931348683,1.127435027302844,0.5720515260019676,0.5720515260019676,3.875074744889123,0.972972972972973,0.0,0.0,0.02702702702702703,0.14231032504984142,0.047314604465720445,nonhydro_winter_run020.nc
stochastic,91,0,True,140,140.0,140,56.737737776843126,158.95435380004884,63.68539493394705,2.4959310366986407,0.3569435905367802,0.3569435905367802,3.750184128038721,0.6857142857142857,0.0,0.3684210526315789,0.07142857142857142,0.14562770791121693,0.03769706630692293,nonhydro_winter_run023.nc
stochastic,91,1,False,140,140.0,,193.36831441455269,196.01625639159062,145.11594410220505,1.3507561667623271,0.0,nan,153.33607139732385,0.6714285714285714,0.0,0.4626865671641791,1.0,0.7558586975308188,0.04473835982140362,nonhydro_winter_run023.nc
stochastic,92,0,True,34,34.0,34,12.406938710091808,49.65505050402316,46.697160268137026,1.063341972379087,0.24986257357822184,0.24986257357822184,1.7555292379847363,0.7058823529411765,0.0,0.1,0.7352941176470589,0.14879352921566635,0.034075325978329296,nonhydro_winter_run014.nc
stochastic,92,1,False,34,34.0,,42.7423859942809,49.309031174180355,43.05491492043157,1.1452590549837764,0.0,nan,17.056224294843897,0.9411764705882353,0.0,0.0,0.0,0.15545916258079018,0.12313449008072153,nonhydro_winter_run014.nc
stochastic,93,0,False,312,312.0,,77.35250483407884,284.03286020358144,146.98762801776823,1.9323589613218797,0.0,nan,75.40061724123754,0.2467948717948718,0.0,0.2435064935064935,0.0,1.066968835151684,0.07001266551447971,nonhydro_winter_run029.nc
stochastic,93,1,True,312,312.0,312,33.084734348639365,336.79252135356944,128.04531502729645,2.630260398685986,0.0982347654742207,0.0982347654742207,1.5374815441081622,0.483974358974359,0.0,0.4735099337748344,0.8653846153846154,0.14473468686637148,0.040303724743217306,nonhydro_winter_run029.nc
stochastic,94,0,True,109,109.0,109,72.8544208329871,148.821329942753,107.77366702636148,1.380869131105572,0.4895428690296744,0.4895428690296744,3.6589878260699233,0.9908256880733946,0.0,0.0,0.009174311926605505,0.1132621439910011,0.04927146420523143,nonhydro_winter_run002.nc
stochastic,94,1,False,109,109.0,,17.434483652506525,118.48384950678513,68.41208269094467,1.7319140836866846,0.0,nan,14.303926794204642,0.29357798165137616,0.0,0.39361702127659576,1.0,0.5955226180772684,0.018716048789636286,nonhydro_winter_run002.nc
stochastic,95,0,True,2311,2311.0,2311,13.15831318273353,2014.0941346933805,376.77965791010337,5.3455490295442845,0.00653311727395339,0.00653311727395339,3.7493052043357293,0.4906966681090437,0.00043271311120726956,0.4632128863735307,0.7888360017308524,0.1284418775917473,0.045828888306528204,nonhydro_winter_run014.nc
stochastic,95,1,False,2311,2311.0,,122.0540453450754,2267.46723901498,150.96705048760435,15.019616742139092,0.0,nan,7.5505115550575725,0.5452185201211597,0.0,0.4024831867563373,0.08135006490696668,1.2361385915678298,0.09020088690719374,nonhydro_winter_run014.nc
stochastic,96,0,True,1935,1935.0,1935,201.4488411691379,1940.1341856505085,460.5620315010713,4.212536103610606,0.10383242698318519,0.10383242698318519,1.386437370244568,0.5302325581395348,0.12041343669250645,0.46934865900383144,0.17777777777777778,0.07604324228483961,0.01031879900079724,nonhydro_winter_run025.nc
stochastic,96,1,False,1935,1935.0,,81.94859438120093,1772.9910173815952,91.87009872675313,19.298890955314597,0.0,nan,10.75945802378705,0.30645994832041346,0.0,0.4564629529475392,0.0,0.4507010411256829,0.12032249860816557,nonhydro_winter_run025.nc
stochastic,97,0,False,32,32.0,,96.18674024033263,50.216922169068056,50.090202517328905,1.002529829095726,0.0,nan,96.18674024033263,0.0,0.0,0.0,0.0,0.08926956609347059,0.22876203601321254,nonhydro_winter_run005.nc
stochastic,97,1,True,32,32.0,32,41.499300762617864,51.14147279748741,50.62824412841153,1.010137200645832,0.8114608065150742,0.8114608065150742,3.478524758838527,1.0,0.0,0.0,0.03125,0.11818044609025691,0.0448542811882936,nonhydro_winter_run005.nc
stochastic,98,0,True,6,6.0,6,6.719633122910435,7.911435027251065,7.910462695858271,1.000122917132686,0.8493570508718773,0.8493570508718773,1.2979221524477296,1.0,0.0,0.0,1.0,0.13947540879630083,0.01940232369390371,nonhydro_winter_run011.nc
stochastic,98,1,False,6,6.0,,43.601786252947846,4.913703307096402,4.895107749350212,1.0037988045817086,0.0,nan,39.58868410706679,1.0,0.0,0.0,0.0,0.10145028807244216,0.1365668776870348,nonhydro_winter_run011.nc
stochastic,99,0,True,162,162.0,162,60.84815290712382,189.11449207769257,104.07515355739658,1.81709548930329,0.32175298803714103,0.32175298803714103,0.8209538323928983,0.6790123456790124,0.006172839506172839,0.42138364779874216,0.5679012345679012,0.14561754230279433,0.0022120536255407774,nonhydro_winter_run029.nc
stochastic,99,1,False,162,162.0,,31.80556390121053,205.68238072823672,109.12739831207251,1.8847913897850395,0.0,nan,14.819272314333404,0.3271604938271605,0.0,0.41025641025641024,0.654320987654321,0.4091436688074026,0.05713683638747136,nonhydro_winter_run029.nc
