mode,episode,agent,success,steps,time_s,steps_to_success,spawn_dist,path_len,net_disp,tortuosity,spl,path_efficiency,min_dist,monotonic_frac,noop_frac,zflip_frac,depth_band_frac,final_dS,final_dtau,nc_file
greedy,0,0,True,1056,1056.0,1056,278.1506912282311,846.5645567775035,483.5756815257166,1.750635090057735,0.3285640640177846,0.3285640640177846,3.871865717005049,0.7660984848484849,0.0,0.2970106075216972,0.45738636363636365,0.13032045434162853,0.04838663598273574,nonhydro_winter_run026.nc
greedy,0,1,False,1056,1056.0,,65.96094892145089,1018.1166716067997,53.60125127361029,18.994270607784358,0.0,nan,65.96094892145089,0.42803030303030304,0.0,0.1803030303030303,0.0,1.9393182724155693,0.3061290131328178,nonhydro_winter_run026.nc
greedy,1,0,False,3600,3600.0,,67.04110777533738,3660.538896880094,110.61759887115912,33.091831085066985,0.0,nan,1.1581309680797807,0.5677777777777778,0.0,0.6049723756906077,0.4802777777777778,0.7882561844560385,0.04911524986335214,nonhydro_winter_run015.nc
greedy,1,1,False,3600,3600.0,,215.98167067237966,2134.0138854545976,296.81977918626137,7.189594612950149,0.0,nan,214.56250300737722,0.4872222222222222,0.0,0.0005672149744753262,0.03333333333333333,1.8907166411831184,0.10391869647413121,nonhydro_winter_run015.nc
greedy,2,0,False,3600,3600.0,,327.7413696405902,3549.8674092906313,432.7491588909342,8.203060217120617,0.0,nan,17.606842499119846,0.62,0.0,0.45816973723950466,0.04666666666666667,0.28771458950190265,0.18621650565353698,nonhydro_winter_run026.nc
greedy,2,1,False,3600,3600.0,,96.43099952120069,3237.2361211552397,65.38245846415168,49.512303409792594,0.0,nan,93.7095212287477,0.35555555555555557,0.0,0.7790622992935131,0.9913888888888889,0.653666448346776,0.005984915546846881,nonhydro_winter_run026.nc
greedy,3,0,True,164,164.0,164,57.99633419679201,216.649432202677,161.63937290007146,1.3403258643957607,0.26769668217979015,0.26769668217979015,1.8763187709790827,0.7012195121951219,0.0,0.4068965517241379,0.42073170731707316,0.13890504760303912,0.0075350245713917685,nonhydro_winter_run025.nc
greedy,3,1,False,164,164.0,,20.79846717474991,177.1717972310231,53.02211006913913,3.3414701338742794,0.0,nan,10.856261585902232,0.5609756097560976,0.0,0.6073619631901841,0.8048780487804879,0.6515115563556222,0.02488075336752038,nonhydro_winter_run025.nc
greedy,4,0,False,311,311.0,,376.2072368733783,377.18739918854556,254.33331852989636,1.4830435955806867,0.0,nan,153.39931809226658,0.6977491961414791,0.0,0.26666666666666666,0.0,2.2504170574758717,0.1410479693176695,nonhydro_winter_run022.nc
greedy,4,1,True,311,311.0,311,215.06634493623778,521.2565421917186,482.97981602842725,1.0792511920643872,0.41259212600373696,0.41259212600373696,7.611984043294513,0.77491961414791,0.0,0.519774011299435,0.003215434083601286,0.10140912671695901,0.04879321393380398,nonhydro_winter_run022.nc
greedy,5,0,False,56,56.0,,93.02128327917016,51.73756530110086,36.54739681763914,1.4156292870667706,0.0,nan,74.60886026102895,0.6785714285714286,0.0,0.0,0.0,0.9407062985984496,0.05325806319158677,nonhydro_winter_run021.nc
greedy,5,1,True,56,56.0,56,37.53441912281046,71.1194948410612,53.507611741011225,1.3291472470364667,0.5277655473607186,0.5277655473607186,3.116987540903328,0.9285714285714286,0.0,0.03636363636363636,0.14285714285714285,0.13088577288615255,0.031338677125593795,nonhydro_winter_run021.nc
greedy,6,0,True,55,55.0,55,56.88935350855361,84.68941501647963,77.97513989019339,1.0861078945897558,0.6717410138856618,0.6717410138856618,1.23718395558107,0.8727272727272727,0.0,0.0,0.12727272727272726,0.13396988220525685,0.010736524557729665,nonhydro_winter_run014.nc
greedy,6,1,False,55,55.0,,128.90647192958957,62.24500829136647,53.01078537686836,1.1741951727153155,0.0,nan,86.15238475263185,1.0,0.0,0.0,0.4,0.5062504920463127,0.008856354925692367,nonhydro_winter_run014.nc
greedy,7,0,False,3600,3600.0,,649.9576085366115,1582.7315923486485,215.71962149334732,7.336984838894033,0.0,nan,520.6113824525257,0.24194444444444443,0.0,0.001658374792703151,0.029444444444444443,2.3515764977438565,0.10799997946154383,nonhydro_winter_run029.nc
greedy,7,1,False,3600,3600.0,,65.07770211623993,2434.414289430214,140.21588195008962,17.361901202438343,0.0,nan,18.132572136745246,0.6919444444444445,0.0,0.5120892746435214,0.0044444444444444444,1.1045182938814406,0.1709712873050322,nonhydro_winter_run029.nc
greedy,8,0,False,37,37.0,,54.922255120373855,45.79119051113029,40.70580331013053,1.1249302749845045,0.0,nan,52.09912966846527,0.5135135135135135,0.0,0.0,0.0,1.6867505849670223,0.36146803486864654,nonhydro_winter_run022.nc
greedy,8,1,True,37,37.0,37,45.484082651021815,65.9446053067718,61.23681196898813,1.0768784851204831,0.6897316685638133,0.6897316685638133,3.8683549213489443,1.0,0.0,0.0,0.4864864864864865,0.14146128571506722,0.027858889378220897,nonhydro_winter_run022.nc
greedy,9,0,True,356,356.0,356,123.56788008557244,453.7212007126957,345.44122436651037,1.313454123909951,0.2723431920119109,0.2723431920119109,1.6173687908839514,0.7275280898876404,0.0,0.0,0.6797752808988764,0.149532616276133,0.005610254094282507,nonhydro_winter_run013.nc
greedy,9,1,False,356,356.0,,486.9698892677832,378.6829823926099,326.5044360088003,1.1598096093934944,0.0,nan,172.07995363859308,1.0,0.0,0.0,0.7078651685393258,1.4535466666018166,0.005610254094282507,nonhydro_winter_run013.nc
greedy,10,0,False,3600,3600.0,,328.4239012945333,2696.6874016404927,268.74178214739055,10.034492515799062,0.0,nan,158.99390570024266,0.2811111111111111,0.0,0.33099112426035504,0.2752777777777778,1.1572933507370422,0.054805470383197274,nonhydro_winter_run024.nc
greedy,10,1,False,3600,3600.0,,188.05555011905793,2799.7131813624246,202.13705942864868,13.850568467137917,0.0,nan,127.39276298958696,0.43333333333333335,0.0,0.2363481228668942,0.10777777777777778,1.5214322714132322,0.07846646526691858,nonhydro_winter_run024.nc
greedy,11,0,True,153,153.0,153,55.705453423348295,165.79487902169853,71.93416708868281,2.3048140505651666,0.33599019313532474,0.33599019313532474,3.367828833893328,0.7908496732026143,0.0,0.0,0.006535947712418301,0.009986860998758118,0.048405114755258216,nonhydro_winter_run005.nc
greedy,11,1,False,153,153.0,,46.089605378138195,206.9828703773543,126.63901699809645,1.6344320674920076,0.0,nan,10.088951788056605,0.4444444444444444,0.0,0.08547008547008547,0.20915032679738563,0.5133975685298395,0.0741796009190151,nonhydro_winter_run005.nc
greedy,12,0,False,3600,3600.0,,27.562947728923138,3201.455601520711,60.768722962854184,52.68262101669719,0.0,nan,3.5016857285325256,0.49,0.0,0.9469675599435825,0.0,0.1522262013571094,0.08987217106461487,nonhydro_winter_run019.nc
greedy,12,1,False,3600,3600.0,,144.8094174507521,3481.976744815365,595.6341683359266,5.845831098882821,0.0,nan,84.23880838854875,0.42027777777777775,0.05277777777777778,0.04431599229287091,0.06388888888888888,2.9046764556451166,0.27590922809043916,nonhydro_winter_run019.nc
greedy,13,0,False,256,256.0,,138.01485918576225,333.17096612732416,192.72939231319125,1.7286982651089928,0.0,nan,53.5092801925559,0.75390625,0.0,0.4972677595628415,0.5546875,1.2429446613455468,0.053299628096790896,nonhydro_winter_run027.nc
greedy,13,1,True,256,256.0,256,20.137070407450043,461.916412952932,457.86519789181585,1.008848051958894,0.04359461981166267,0.04359461981166267,1.293849248712408,0.5703125,0.0,0.07450980392156863,0.00390625,0.03903189401598439,0.045946336801593546,nonhydro_winter_run027.nc
greedy,14,0,False,3600,3600.0,,214.35830585441508,3506.3740083955136,330.84017555659295,10.598392418624863,0.0,nan,2.7245730026509447,0.5797222222222222,0.0,0.3980627306273063,0.11777777777777777,0.39757220554007944,0.09286113308099475,nonhydro_winter_run005.nc
greedy,14,1,False,3600,3600.0,,296.2960705446694,2225.4914631728875,273.7627620380937,8.12927019951389,0.0,nan,296.2960705446694,0.6380555555555556,0.0,0.004735256134309083,0.019166666666666665,1.812334572294894,0.13842194224338655,nonhydro_winter_run005.nc
greedy,15,0,True,1100,1100.0,1100,203.2020441719045,1030.425318263719,482.7684939351826,2.13440879263771,0.19720210729517282,0.19720210729517282,2.8394688777023522,0.6054545454545455,0.20636363636363636,0.299625468164794,0.41,0.14931580299122515,0.004495502357615089,nonhydro_winter_run028.nc
greedy,15,1,False,1100,1100.0,,100.95504928114029,1082.799263503878,130.03586290491214,8.326927966753816,0.0,nan,17.90939767980172,0.6990909090909091,0.0,0.7064579256360078,0.98,0.630500861726091,0.022834316641036745,nonhydro_winter_run028.nc
greedy,16,0,False,145,145.0,,89.30185692233505,153.25290803268535,49.98991559440071,3.0656764711531332,0.0,nan,89.30185692233505,0.2689655172413793,0.0,0.37719298245614036,0.0,1.832346250923095,0.16751750463984427,nonhydro_winter_run017.nc
greedy,16,1,True,145,145.0,145,88.38699606330792,217.15937831102048,190.39507395697166,1.140572462290161,0.4070144091899089,0.4070144091899089,3.899581862764104,0.7448275862068966,0.0,0.18115942028985507,0.4482758620689655,0.14215370100811242,0.017239520432380306,nonhydro_winter_run017.nc
greedy,17,0,False,74,74.0,,39.091845156015985,93.4626635524,63.11271047255207,1.4808849572868088,0.0,nan,23.300582162442375,0.6756756756756757,0.0,0.4027777777777778,0.0,1.0656705878756654,0.1574241880585603,nonhydro_winter_run023.nc
greedy,17,1,True,74,74.0,74,48.697133970214786,98.52641959556105,69.90540223475456,1.4094249721172065,0.4942545783162586,0.4942545783162586,3.4554065447498092,0.9594594594594594,0.0,0.0,0.10810810810810811,0.1368422055322256,0.005050640841475107,nonhydro_winter_run023.nc
greedy,18,0,False,78,78.0,,287.8395908715486,77.14574553627938,60.54610417436786,1.274165309036332,0.0,nan,272.2158214835142,0.44871794871794873,0.0,0.0,0.0,1.658648782804022,0.12475405121153871,nonhydro_winter_run027.nc
greedy,18,1,True,78,78.0,78,29.100150752272448,117.17657667187304,100.4384026227462,1.1666511375334851,0.24834443520022736,0.24834443520022736,1.9686921180116153,0.717948717948718,0.0,0.35064935064935066,0.2948717948717949,0.12939803961711505,0.03926838040132574,nonhydro_winter_run027.nc
greedy,19,0,False,3600,3600.0,,144.25421938072498,2159.8735873137657,79.98331684362859,27.00405125154321,0.0,nan,144.25421938072498,0.35138888888888886,0.0,0.0030959752321981426,0.0011111111111111111,0.6849909685449802,0.07605672882136061,nonhydro_winter_run018.nc
greedy,19,1,False,3600,3600.0,,13.760239785102403,3439.301819035518,80.33769522554644,42.810561211393335,0.0,nan,8.228667557153885,0.24388888888888888,0.0,0.5675973548861132,0.01,0.5509267199622556,0.12516141908653855,nonhydro_winter_run018.nc
greedy,20,0,False,139,139.0,,20.574159194352205,163.41975978735871,136.83497519893172,1.1942835488498305,0.0,nan,13.60199053324974,0.539568345323741,0.0,0.35507246376811596,0.0,0.42061859631053977,0.13463725215179323,nonhydro_winter_run027.nc
greedy,20,1,True,139,139.0,139,67.12760054420819,228.3955635613118,143.85105739376738,1.5877225214696786,0.2939093890332422,0.2939093890332422,3.034910520073303,0.762589928057554,0.0,0.02,0.10071942446043165,0.1492152639724651,0.022224852944181306,nonhydro_winter_run027.nc
greedy,21,0,True,235,235.0,235,133.92763805229183,357.3858321982862,208.07715753894,1.7175639864813332,0.37474243796543555,0.37474243796543555,1.015540763180488,0.774468085106383,0.0,0.30917874396135264,0.20851063829787234,0.012265221491595923,0.04871705122749248,nonhydro_winter_run010.nc
greedy,21,1,False,235,235.0,,200.0238590128279,120.48873571263213,55.38255261520525,2.1755720894589468,0.0,nan,200.0238590128279,0.1829787234042553,0.5914893617021276,0.12631578947368421,0.0,1.4521515252590262,0.2577568409085542,nonhydro_winter_run010.nc
greedy,22,0,True,125,125.0,125,11.485328904564758,124.04837665389566,54.355863981090494,2.2821526063324105,0.09258749863861333,0.09258749863861333,3.070561290793997,0.536,0.0,0.2112676056338028,0.216,0.01609300234061095,0.044577658646627105,nonhydro_winter_run024.nc
greedy,22,1,False,125,125.0,,407.07090879313483,179.18278524739728,105.40015828113397,1.7000238725397625,0.0,nan,347.51129270363055,0.84,0.0,0.0,0.648,2.810643387059173,0.07628351262671873,nonhydro_winter_run024.nc
greedy,23,0,False,3600,3600.0,,65.51304943591566,621.2405422462576,132.6328006920633,4.683913323134949,0.0,nan,65.49579884392392,0.43194444444444446,0.0,0.02290748898678414,0.025,1.8964999103585498,0.28814231862630946,nonhydro_winter_run002.nc
greedy,23,1,False,3600,3600.0,,49.98935515853866,1771.4418147209788,208.65301234834698,8.489893315144428,0.0,nan,20.467060749868804,0.49472222222222223,0.0,0.18658536585365854,0.04083333333333333,2.5060876665448504,0.24055243242352187,nonhydro_winter_run002.nc
greedy,24,0,False,1551,1551.0,,33.07944528139917,810.0079620077479,35.417052580457714,22.870563838355398,0.0,nan,12.102920467743951,0.2011605415860735,0.0,0.4176904176904177,0.0,0.1276979498387263,0.07760685245184995,nonhydro_winter_run012.nc
greedy,24,1,True,1551,1551.0,1551,280.54363847938816,1428.6897006787,474.02829937775266,3.0139333507179047,0.19636428984272492,0.19636428984272492,1.8993292491293858,0.6112185686653772,0.0,0.3516028955532575,0.32108317214700194,0.10622356176516945,0.015418493676595535,nonhydro_winter_run012.nc
greedy,25,0,False,3600,3600.0,,584.2472103899926,4067.992407854714,1076.228968215054,3.779857751461156,0.0,nan,3.2006785789346583,0.5377777777777778,0.043611111111111114,0.4278651685393258,0.3427777777777778,1.7169800112382205,0.03659472383262319,nonhydro_winter_run016.nc
greedy,25,1,False,3600,3600.0,,110.37171359115115,3229.9517821009445,231.07533810980348,13.977916503431103,0.0,nan,43.968867294387685,0.6511111111111111,0.0,0.3938053097345133,0.15444444444444444,1.6872790676128915,0.0968889597910837,nonhydro_winter_run016.nc
greedy,26,0,False,3600,3600.0,,188.42092347628088,1382.9446144723486,543.1057481994794,2.5463634274855833,0.0,nan,11.47272678255031,0.39361111111111113,0.0,0.5227524972253053,0.16583333333333333,0.2871642731635333,0.07699414819153372,nonhydro_winter_run026.nc
greedy,26,1,False,3600,3600.0,,251.3859488416246,3407.260409203055,111.70047639405773,30.503544113660695,0.0,nan,251.30785418943495,0.49027777777777776,0.0,0.4442675159235669,0.11055555555555556,1.7861619128533448,0.12875621001808568,nonhydro_winter_run026.nc
greedy,27,0,True,156,156.0,156,43.7349187030906,169.59212088474612,83.6264321544776,2.0279726937467544,0.2578829634002432,0.2578829634002432,1.603640618616519,0.6794871794871795,0.0,0.11320754716981132,0.17307692307692307,0.1391036396468337,0.021677993718401956,nonhydro_winter_run001.nc
greedy,27,1,False,156,156.0,,82.24920960861316,185.3007989425086,75.98735109530975,2.43857426626293,0.0,nan,13.035776040039279,0.5384615384615384,0.0,0.18461538461538463,0.36538461538461536,0.6997090616983996,0.07048624373075985,nonhydro_winter_run001.nc
greedy,28,0,False,12,12.0,,74.07605505031772,17.92199912345575,16.74709183212916,1.0701558994901155,0.0,nan,63.825966328947665,1.0,0.0,0.0,0.0,1.332413034645441,0.4504200090310648,nonhydro_winter_run020.nc
greedy,28,1,True,12,12.0,12,10.67275109748768,21.976385324759264,21.89062862419182,1.0039175074430102,0.4856463399130263,0.4856463399130263,1.6609628768161826,0.8333333333333334,0.0,0.0,0.8333333333333334,0.08784557816571237,0.025672404183102127,nonhydro_winter_run020.nc
greedy,29,0,True,90,90.0,90,60.24762598902445,101.094222386418,65.80628962127695,1.5362395140073588,0.5959551848446555,0.5959551848446555,2.958985250065504,0.9,0.0,0.12359550561797752,0.23333333333333334,0.14401756947158617,0.042233245443227485,nonhydro_winter_run029.nc
greedy,29,1,False,90,90.0,,346.27587445033254,86.80945862379707,57.84878866954027,1.5006270765615144,0.0,nan,346.27587445033254,0.011111111111111112,0.0,0.1111111111111111,0.07777777777777778,0.7532776075851473,0.06177600217056989,nonhydro_winter_run029.nc
greedy,30,0,True,62,62.0,62,37.430476455508746,71.72517901186187,42.4581277557677,1.689315634086536,0.5218596449835073,0.5218596449835073,4.35008434365597,0.9193548387096774,0.0,0.17391304347826086,0.6451612903225806,0.13885212889953635,0.0007334823393189138,nonhydro_winter_run004.nc
greedy,30,1,False,62,62.0,,70.34443304218685,68.10667530259607,49.44638811460666,1.3773842316801514,0.0,nan,36.06315622079235,0.967741935483871,0.0,0.0,0.0,0.5589575406068121,0.23786981842662402,nonhydro_winter_run004.nc
greedy,31,0,True,252,252.0,252,21.20998363469815,246.1648635328006,86.55267716264726,2.844104556930282,0.08616170208171076,0.08616170208171076,6.8397343646624735,0.5873015873015873,0.0,0.5336134453781513,0.8412698412698413,0.14091729597124214,0.04912774235026751,nonhydro_winter_run017.nc
greedy,31,1,False,252,252.0,,455.6004245256207,190.34096908296874,122.22275079602436,1.5573284666176908,0.0,nan,396.28741423929273,0.7976190476190477,0.0,0.20689655172413793,0.0992063492063492,1.8015982683090286,0.1208983177978149,nonhydro_winter_run017.nc
greedy,32,0,True,390,390.0,390,89.99275854018795,490.24378219455934,272.9720446928447,1.7959486757927703,0.18356736343975333,0.18356736343975333,4.351886734126695,0.6923076923076923,0.0,0.15948275862068967,0.3717948717948718,0.1455105522423068,0.009686841045957184,nonhydro_winter_run027.nc
greedy,32,1,False,390,390.0,,88.34160600178073,342.3081239658271,65.30450815270764,5.24172271790756,0.0,nan,28.202717299533163,0.7128205128205128,0.0,0.18315018315018314,1.0,1.088898318191248,0.040410927335593594,nonhydro_winter_run027.nc
greedy,33,0,False,322,322.0,,476.47956224846666,504.9680540619031,436.59802444614763,1.15659720334852,0.0,nan,202.65771010875451,0.7857142857142857,0.0,0.18064516129032257,0.30124223602484473,1.064843726934292,0.0034645952358756116,nonhydro_winter_run027.nc
greedy,33,1,True,322,322.0,322,350.00868887035966,566.7174800912064,515.9605957151317,1.0983735672793475,0.6176070108407984,0.6176070108407984,3.4866127006242666,0.8726708074534162,0.0,0.02564102564102564,0.4409937888198758,0.018019053171926203,0.04461175013109442,nonhydro_winter_run027.nc
greedy,34,0,True,309,309.0,309,239.32912046608672,484.2617039737785,373.4703578190542,1.2966536535903674,0.4942144268319961,0.4942144268319961,0.9461996374961791,0.8220064724919094,0.0,0.1267605633802817,0.598705501618123,0.04556027353177683,0.04968489124627651,nonhydro_winter_run002.nc
greedy,34,1,False,309,309.0,,70.17167430628596,419.3884946230717,215.95318870424555,1.9420342766850134,0.0,nan,35.17392315794934,0.598705501618123,0.0,0.1419753086419753,0.20388349514563106,0.9540271385029087,0.16286784364939477,nonhydro_winter_run002.nc
greedy,35,0,False,3600,3600.0,,78.87191820740848,3652.8281037512734,388.7998267549562,9.395138198077166,0.0,nan,61.42457155461333,0.47888888888888886,0.0,0.80017490161784,0.0033333333333333335,2.186389061033111,0.306333232832133,nonhydro_winter_run004.nc
greedy,35,1,False,3600,3600.0,,82.8930124461748,2073.974974591623,143.77758638441014,14.424883785756085,0.0,nan,12.169220278969462,0.8052777777777778,0.0,0.007107320540156361,0.02388888888888889,0.49905878040686247,0.26316253750404406,nonhydro_winter_run004.nc
greedy,36,0,True,559,559.0,559,383.01970888151095,737.2832173027969,487.10068336766096,1.513615649654713,0.5195014614366402,0.5195014614366402,1.551790792035023,0.7728085867620751,0.0,0.2642857142857143,0.012522361359570662,0.1184802651284187,0.04744084724702258,nonhydro_winter_run012.nc
greedy,36,1,False,559,559.0,,50.09391069343616,579.8578694219746,190.71154955035388,3.0404968696920673,0.0,nan,45.46468517291828,0.3685152057245081,0.0,0.30472103004291845,0.04114490161001789,1.6611146609866339,0.16373057977718353,nonhydro_winter_run012.nc
greedy,37,0,False,35,35.0,,262.0194585242265,44.792134694552225,41.80152419189075,1.0715430970634712,0.0,nan,239.37835186049335,1.0,0.0,0.0,0.0,3.044419553783193,0.08405763513743059,nonhydro_winter_run005.nc
greedy,37,1,True,35,35.0,35,13.118195321863205,28.404312648440676,12.829263294924893,2.2140252324291367,0.4618381540939474,0.4618381540939474,3.671960797725805,0.8571428571428571,0.0,0.0,0.02857142857142857,0.0944786644274842,0.04952302764861416,nonhydro_winter_run005.nc
greedy,38,0,False,3600,3600.0,,209.67285869749327,3486.44813187917,350.84239653663536,9.937362662824905,0.0,nan,52.466164122692575,0.5697222222222222,0.0,0.5550167847817978,0.9477777777777778,0.7257213604887056,0.011628335991784255,nonhydro_winter_run008.nc
greedy,38,1,False,3600,3600.0,,389.4610991392443,3575.1055777829793,364.99762170952033,9.794873624212793,0.0,nan,78.04288803380292,0.41694444444444445,0.0,0.2630725577624645,0.03638888888888889,1.1556883741237982,0.10095587507539316,nonhydro_winter_run008.nc
greedy,39,0,False,3600,3600.0,,377.2725494551172,2143.4922152284344,313.912646007732,6.828307946458576,0.0,nan,15.683658523853932,0.39166666666666666,0.4775,0.4917680744452398,0.205,2.0784177681190883,0.09827798440909907,nonhydro_winter_run030.nc
greedy,39,1,False,3600,3600.0,,331.1009189154577,4483.967698101285,80.06425142396967,56.004616521761086,0.0,nan,199.71563301203645,0.43694444444444447,0.015555555555555555,0.28961361219425735,0.1386111111111111,0.5467739142226051,0.03587829203637827,nonhydro_winter_run030.nc
greedy,40,0,True,746,746.0,746,535.0459182449382,1149.4647407239027,638.4130696548231,1.800503146568404,0.46547397174443156,0.46547397174443156,2.9537143431805384,0.7734584450402144,0.0,0.17333333333333334,0.029490616621983913,0.07725607660955802,0.048702089954228756,nonhydro_winter_run017.nc
greedy,40,1,False,746,746.0,,216.0165674784657,682.6704368559588,42.42996444707936,16.089347369296465,0.0,nan,210.90600893900927,0.4906166219839142,0.0,0.6091127098321343,0.9142091152815014,1.553398963554038,0.01078640627238081,nonhydro_winter_run017.nc
greedy,41,0,False,3600,3600.0,,272.8120462694022,3260.0006024499867,154.36795913892615,21.11837599353174,0.0,nan,270.4111926710236,0.4716666666666667,0.041944444444444444,0.4119533527696793,0.044444444444444446,2.4156633614047394,0.12457825823556079,nonhydro_winter_run020.nc
greedy,41,1,False,3600,3600.0,,103.68107507290459,3269.150177376924,370.1114894701793,8.832879471147374,0.0,nan,3.930068344476913,0.5508333333333333,0.0975,0.6615843553198542,0.7288888888888889,1.6164996121806467,0.004001452613814682,nonhydro_winter_run020.nc
greedy,42,0,True,3,3.0,3,5.3259419228638905,4.505792070451745,4.505054380677772,1.0001637471407974,1.0,1.1820212383502016,2.354815679052063,1.0,0.0,0.0,1.0,0.14311579083590686,0.013539804169351966,nonhydro_winter_run003.nc
greedy,42,1,False,3,3.0,,57.03157426487188,2.8172279407306053,2.8151978984590267,1.0007211010894437,0.0,nan,57.00741521832899,1.0,0.0,0.0,0.0,1.5707196532055008,0.08179628278385809,nonhydro_winter_run003.nc
greedy,43,0,False,3600,3600.0,,876.5376197644165,2874.2233007671957,310.9804257052749,9.24245728408379,0.0,nan,552.6321385131278,0.6413888888888889,0.23833333333333334,0.19599109131403117,0.012222222222222223,3.602636081149882,0.12196025823061585,nonhydro_winter_run016.nc
greedy,43,1,False,3600,3600.0,,225.02833805208815,2645.3062888995137,245.70267595080065,10.766290105156234,0.0,nan,208.46377735853747,0.5597222222222222,0.06833333333333333,0.6363636363636364,0.6811111111111111,2.2793241652398066,0.027016208286628207,nonhydro_winter_run016.nc
greedy,44,0,False,3600,3600.0,,8.204506073222788,3559.1459659843904,103.5578748201199,34.368665561809074,0.0,nan,4.035896235048356,0.43166666666666664,0.0,0.7429775280898876,0.006388888888888889,0.22670026290995793,0.10640186812524921,nonhydro_winter_run021.nc
greedy,44,1,False,3600,3600.0,,51.2989785853699,1818.8104929344406,177.23413097203726,10.262190938952946,0.0,nan,4.157931111956915,0.7908333333333334,0.0,0.18097074895531984,0.9525,0.48942910300138465,0.02063532257547185,nonhydro_winter_run021.nc
greedy,45,0,True,32,32.0,32,5.8376365304645965,49.83823200436629,48.706036723305715,1.0232454816123198,0.11713169379590282,0.11713169379590282,2.652313039496345,0.5625,0.0,0.0,1.0,0.1446841742155911,0.0370972529109278,nonhydro_winter_run028.nc
greedy,45,1,False,32,32.0,,26.31887532068811,48.61132044420242,47.039727455752164,1.0334099084636188,0.0,nan,22.67425222529217,0.28125,0.0,0.0,0.0,0.6764610759865803,0.0629880934013245,nonhydro_winter_run028.nc
greedy,46,0,False,103,103.0,,226.17350812644702,112.89301178826976,85.68881925602584,1.317476571254433,0.0,nan,219.29072505136193,0.47572815533980584,0.0,0.0,0.9320388349514563,1.2217555233995157,0.012148611989491132,nonhydro_winter_run016.nc
greedy,46,1,True,103,103.0,103,8.64526887489224,104.80584988325577,39.85950261543566,2.6293817786544467,0.08248841915334199,0.08248841915334199,3.91983343442118,0.5922330097087378,0.0,0.7029702970297029,0.3300970873786408,0.0322523990461292,0.04996778402725788,nonhydro_winter_run016.nc
greedy,47,0,False,3600,3600.0,,205.97335147168872,2334.346201515556,64.68838861090616,36.086015614895004,0.0,nan,157.83917069910535,0.6972222222222222,0.41083333333333333,0.8893148059415429,0.9808333333333333,0.8948406280141938,0.03981526073492303,nonhydro_winter_run003.nc
greedy,47,1,False,3600,3600.0,,512.0119241285695,3451.973598870768,358.38916661314937,9.631913909375726,0.0,nan,198.95214915770725,0.5738888888888889,0.05277777777777778,0.3509551310528654,0.6927777777777778,1.1109023570842567,0.011934270818167447,nonhydro_winter_run003.nc
greedy,48,0,False,3600,3600.0,,382.42890865012197,3532.372315450877,410.40483179503786,8.607043684161582,0.0,nan,137.44680681602318,0.5797222222222222,0.0,0.003374578177727784,0.06388888888888888,1.3106873382045308,0.0786673054707302,nonhydro_winter_run004.nc
greedy,48,1,False,3600,3600.0,,154.64806130994012,3340.0602481984274,518.5751467853779,6.440841349423123,0.0,nan,23.53321506153044,0.41388888888888886,0.0,0.19665271966527198,0.4875,1.9121302039196806,0.037808474738310505,nonhydro_winter_run004.nc
greedy,49,0,True,46,46.0,46,33.041621522841155,51.76926683128493,34.105939278557784,1.5178959420663716,0.6382478166152744,0.6382478166152744,1.9143248352078845,0.8043478260869565,0.0,0.05128205128205128,0.41304347826086957,0.007771867122038145,0.04831282438923523,nonhydro_winter_run002.nc
greedy,49,1,False,46,46.0,,55.373529757665615,70.54349135634766,69.4409903911283,1.0158768035854544,0.0,nan,16.907159777045486,1.0,0.0,0.0,0.0,0.45380567506614256,0.128112374487656,nonhydro_winter_run002.nc
greedy,50,0,False,3600,3600.0,,89.71951943625653,3666.370820796985,266.33567530351286,13.765977151272859,0.0,nan,6.077472676433692,0.5361111111111111,0.0,0.8007551553877432,0.021388888888888888,0.09907173015992043,0.0692847656683857,nonhydro_winter_run024.nc
greedy,50,1,False,3600,3600.0,,26.301029833519035,3495.9837190494445,76.59122922257463,45.644700503370856,0.0,nan,3.2700923986311854,0.8027777777777778,0.0,0.7353378981839833,0.9841666666666666,0.5429291148654372,0.020581853249803328,nonhydro_winter_run024.nc
greedy,51,0,False,3600,3600.0,,385.15295163037155,3375.3025262559613,132.59146192690613,25.456409313268367,0.0,nan,385.15295163037155,0.36194444444444446,0.010277777777777778,0.6993006993006993,0.0,3.264626940392013,0.36874856631773145,nonhydro_winter_run012.nc
greedy,51,1,False,3600,3600.0,,142.45016361246093,3419.203291252521,674.1625735104374,5.071778567368936,0.0,nan,103.33326479650553,0.5313888888888889,0.0005555555555555556,0.28108545970028354,0.14555555555555555,3.5115019483908583,0.4225700186329834,nonhydro_winter_run012.nc
greedy,52,0,True,16,16.0,16,6.3923121932077,22.891384677650798,19.688690818416813,1.1626666744260203,0.2792453267123072,0.2792453267123072,3.6724468769708905,0.625,0.0,0.0,0.0625,0.051067982428556036,0.04849118528328633,nonhydro_winter_run029.nc
greedy,52,1,False,16,16.0,,12.958596140922346,24.927851930521882,22.283786021469794,1.1186542496191898,0.0,nan,4.917680296429135,0.75,0.0,0.2,0.625,0.3859699074211136,0.02373888179930117,nonhydro_winter_run029.nc
greedy,53,0,True,27,27.0,27,24.087794697656598,24.566065570144172,24.384225852721066,1.007457268421044,0.9805312384629946,0.9805312384629946,4.450991443643268,0.9629629629629629,0.0,0.0,0.037037037037037035,0.12696285798740092,0.04745693545404783,nonhydro_winter_run023.nc
greedy,53,1,False,27,27.0,,201.38652126670289,30.521585932716345,27.600390208890914,1.105838928425165,0.0,nan,182.2085410934954,0.9629629629629629,0.0,0.0,1.0,1.9117931197813505,0.033858222872538035,nonhydro_winter_run023.nc
greedy,54,0,False,29,29.0,,243.7905508119414,32.19177772978011,24.850919580992443,1.295395835347776,0.0,nan,227.64578849893584,1.0,0.0,0.043478260869565216,0.0,3.788657501792322,0.3609338729632109,nonhydro_winter_run010.nc
greedy,54,1,True,29,29.0,29,2.099853649836796,43.80648194933674,38.83638691073857,1.127975216902165,0.0479347702987272,0.0479347702987272,1.1293850667220666,0.4482758620689655,0.0,0.6785714285714286,1.0,0.1431424116988964,0.005907658835386798,nonhydro_winter_run010.nc
greedy,55,0,False,96,96.0,,134.09695864732817,143.66086773165623,121.36374318095491,1.1837214638102915,0.0,nan,84.34228192091199,0.6458333333333334,0.0,0.018518518518518517,0.0,0.865535239725709,0.07812598734584686,nonhydro_winter_run029.nc
greedy,55,1,True,96,96.0,96,87.06747361328013,95.55508790466875,92.95725449634587,1.0279465376037435,0.9111756948007169,0.9111756948007169,1.321024146415552,1.0,0.0,0.0,0.010416666666666666,0.040029251844146074,0.0479610757657537,nonhydro_winter_run029.nc
greedy,56,0,True,834,834.0,834,235.80672592611737,765.7054430187544,420.29730608591024,1.8218185839674204,0.3079601014672972,0.3079601014672972,4.403416565355187,0.7769784172661871,0.0,0.22121212121212122,0.434052757793765,0.14771686195032885,0.012532178947828099,nonhydro_winter_run012.nc
greedy,56,1,False,834,834.0,,51.637507590160766,1140.2604476017514,523.0519706334484,2.1800136728685398,0.0,nan,3.5691186433896904,0.4028776978417266,0.0,0.3074141048824593,0.22182254196642687,0.9773172972080744,0.25504548231352875,nonhydro_winter_run012.nc
greedy,57,0,False,513,513.0,,336.3393753284035,629.2883603909256,310.7311627591781,2.0251858706512635,0.0,nan,279.3224241213861,0.45614035087719296,0.0,0.20238095238095238,0.0,2.3341832695475446,0.0989527933966241,nonhydro_winter_run002.nc
greedy,57,1,True,513,513.0,513,12.371705897982238,502.2220649762305,106.72372068155912,4.705814806389241,0.024633935385869145,0.024633935385869145,1.818055107099453,0.5009746588693957,0.0,0.6555555555555556,0.17153996101364521,0.0020779034863309676,0.049246900082072886,nonhydro_winter_run002.nc
greedy,58,0,False,65,65.0,,81.206395567752,62.41531989170458,59.61844499819302,1.0469129124987464,0.0,nan,52.44146400922168,1.0,0.0,0.0,0.0,0.5370644306770203,0.195521800029841,nonhydro_winter_run016.nc
greedy,58,1,True,65,65.0,65,69.92813182600145,78.87911475857446,70.71850525153235,1.1153956729998233,0.8865227765300192,0.8865227765300192,4.006228814171776,0.9846153846153847,0.0,0.0,0.015384615384615385,0.08445058498959668,0.04888509073580871,nonhydro_winter_run016.nc
greedy,59,0,False,3600,3600.0,,93.84998094649599,3342.4920869436814,178.58558556368635,18.71647186078015,0.0,nan,93.84998094649599,0.5580555555555555,0.30722222222222223,0.345679012345679,0.24888888888888888,2.789659599080302,0.10269721725946823,nonhydro_winter_run024.nc
greedy,59,1,False,3600,3600.0,,352.4045034310588,2000.2680923789922,67.65294413839979,29.566608192054137,0.0,nan,328.0854205554801,0.2086111111111111,0.0,0.3853848291191998,0.0,1.4910228681281907,0.24974291915577085,nonhydro_winter_run024.nc
greedy,60,0,True,346,346.0,346,48.16166808595784,394.7055085928508,309.8369826587476,1.2739134792942932,0.12201924482294946,0.12201924482294946,4.5132950010979895,0.6098265895953757,0.0,0.5950413223140496,0.13583815028901733,0.10260645795460022,0.04745566682903102,nonhydro_winter_run006.nc
greedy,60,1,False,346,346.0,,87.94796716885928,124.71021863242073,88.09487853290199,1.4156352867419362,0.0,nan,65.24834609949274,0.23121387283236994,0.0,0.003355704697986577,0.031791907514450865,0.6686580990584261,0.2723436156602306,nonhydro_winter_run006.nc
greedy,61,0,True,260,260.0,260,14.324622636885179,332.3234869148015,206.6887411661008,1.6078451348626537,0.043104454547799126,0.043104454547799126,3.1311691827076777,0.55,0.0,0.030303030303030304,0.4576923076923077,0.1496534767558373,0.03183461176074287,nonhydro_winter_run013.nc
greedy,61,1,False,260,260.0,,50.830107686881405,241.3676238886755,80.71869585351885,2.9902319572492613,0.0,nan,2.913789447872695,0.4307692307692308,0.0,0.48660714285714285,0.36538461538461536,0.06274797592833892,0.10720566710493462,nonhydro_winter_run013.nc
greedy,62,0,True,378,378.0,378,390.6587645876124,765.861458413556,735.2440569599072,1.0416425011039816,0.5100906440661509,0.5100906440661509,3.525942873393199,0.8835978835978836,0.0,0.25757575757575757,0.13227513227513227,0.14095112897337714,0.015305457479846574,nonhydro_winter_run014.nc
greedy,62,1,False,378,378.0,,95.17488079258307,663.6741594271311,486.38060130634017,1.3645160963340417,0.0,nan,13.754290116717748,0.5978835978835979,0.0,0.26380368098159507,0.11375661375661375,1.2719919187675401,0.1202944223245005,nonhydro_winter_run014.nc
greedy,63,0,True,72,72.0,72,35.8770531974533,60.58122877967651,39.19633986965419,1.5455838218858415,0.5922140227285908,0.5922140227285908,1.3607698857184751,0.8472222222222222,0.0,0.034482758620689655,0.2361111111111111,0.14184047126615695,0.043568608193550684,nonhydro_winter_run014.nc
greedy,63,1,False,72,72.0,,62.10620513583713,94.90517637757495,57.916803712413945,1.6386466499226524,0.0,nan,62.10620513583713,0.0,0.0,0.323943661971831,0.7083333333333334,1.5672330988791714,0.13687926391396854,nonhydro_winter_run014.nc
greedy,64,0,False,286,286.0,,376.65752783160946,285.78573362541795,62.06031318729429,4.604967634677154,0.0,nan,376.65752783160946,0.40559440559440557,0.05244755244755245,0.38492063492063494,0.32167832167832167,1.419325167045585,0.25146470330477844,nonhydro_winter_run016.nc
greedy,64,1,True,286,286.0,286,114.30186322374387,367.5310498637615,251.4951924183882,1.4613839983562615,0.3109992020160308,0.3109992020160308,2.5663234790937706,0.7832167832167832,0.0,0.41358024691358025,0.6118881118881119,0.05036026980857855,0.0487317075096837,nonhydro_winter_run016.nc
greedy,65,0,False,203,203.0,,72.48185956163597,271.04815114363055,148.46645801155407,1.8256524387652384,0.0,nan,2.2053129280994885,0.6945812807881774,0.0,0.4457831325301205,0.645320197044335,0.16125967889107784,0.005406052106548986,nonhydro_winter_run006.nc
greedy,65,1,True,203,203.0,203,82.39098018402655,292.62674552646615,192.57704631286245,1.5195307599175762,0.28155656119469374,0.28155656119469374,2.787296163690487,0.8571428571428571,0.0,0.07692307692307693,0.0049261083743842365,0.03552473554911728,0.04981033911153021,nonhydro_winter_run006.nc
greedy,66,0,False,3600,3600.0,,275.89032132676607,3775.508802806622,564.2085168764122,6.691690553890794,0.0,nan,120.22153995090346,0.5769444444444445,0.010833333333333334,0.42670825063793594,0.43833333333333335,2.2661241849158316,0.006836910586795697,nonhydro_winter_run029.nc
greedy,66,1,False,3600,3600.0,,129.41624764575843,2257.63352333246,175.7088699085373,12.848716883260577,0.0,nan,73.88945285317514,0.49444444444444446,0.05638888888888889,0.15144454799627213,0.47888888888888886,0.7192393870814229,0.05742544121538362,nonhydro_winter_run029.nc
greedy,67,0,True,51,51.0,51,41.47822793222136,65.21492497270073,63.98981263362908,1.0191454278212373,0.6360235475174485,0.6360235475174485,3.363735976589511,0.803921568627451,0.0,0.0,0.29411764705882354,0.12860371979209617,0.008625944661248441,nonhydro_winter_run024.nc
greedy,67,1,False,51,51.0,,59.50626427694848,49.85076993059634,44.88184387023314,1.1107112727972999,0.0,nan,19.973364510185196,1.0,0.0,0.08,0.21568627450980393,0.4673193443329495,0.024633381131281773,nonhydro_winter_run024.nc
greedy,68,0,False,3600,3600.0,,37.69650677060662,1853.1265942899001,155.4227260842554,11.923137889663005,0.0,nan,37.69650677060662,0.3761111111111111,0.0,0.012527634487840826,0.0,1.713971794660175,0.3558913267077658,nonhydro_winter_run015.nc
greedy,68,1,False,3600,3600.0,,57.26553668032155,3116.0774038849795,68.74067036959195,45.33091381173676,0.0,nan,24.973807323517804,0.37222222222222223,0.0,0.01249024199843872,0.02361111111111111,0.9499221250790697,0.08960270136139148,nonhydro_winter_run015.nc
greedy,69,0,False,119,119.0,,24.152525634853546,154.3983918542971,112.25040569419988,1.375481815851246,0.0,nan,11.182406547793171,0.29411764705882354,0.0,0.2112676056338028,0.37815126050420167,0.7760987082483126,0.12366225275646969,nonhydro_winter_run002.nc
greedy,69,1,True,119,119.0,119,56.10432410268892,141.6998710499805,122.14373573908065,1.160107558464357,0.39593772165748664,0.39593772165748664,7.544526624624508,0.8907563025210085,0.0,0.0,0.13445378151260504,0.14021340572476504,0.039682995368760854,nonhydro_winter_run002.nc
greedy,70,0,True,497,497.0,497,74.39116659089069,825.1799900416833,218.9191282918873,3.7693370902768333,0.0901514427017709,0.0901514427017709,4.564039404149338,0.5412474849094567,0.0,0.07563025210084033,0.13682092555331993,0.14447141581534595,0.038991450669872196,nonhydro_winter_run020.nc
greedy,70,1,False,497,497.0,,14.542235868628723,601.7379110275521,183.83811990711206,3.273194435036609,0.0,nan,9.304362303165888,0.5492957746478874,0.0,0.2575,0.12072434607645875,2.2973210618142588,0.17385599561510734,nonhydro_winter_run020.nc
greedy,71,0,False,7,7.0,,46.25046203475551,6.138976409969375,3.3868100272071566,1.812613155344801,0.0,nan,44.42934117164318,0.42857142857142855,0.0,0.0,0.0,0.47497957559247084,0.1834814366001929,nonhydro_winter_run029.nc
greedy,71,1,True,7,7.0,7,7.270694846484107,10.983194836157384,10.982977017160318,1.0000198324185443,0.6619835990297205,0.6619835990297205,4.112674217128996,0.8571428571428571,0.0,0.0,0.14285714285714285,0.10174839545420866,0.046229778768186236,nonhydro_winter_run029.nc
greedy,72,0,True,66,66.0,66,49.00278790395686,69.13217440202685,52.61943525357523,1.3138144502858315,0.7088275224642749,0.7088275224642749,0.9476694951605753,0.9848484848484849,0.0,0.0,0.09090909090909091,0.08887560529582572,0.025600002004022904,nonhydro_winter_run029.nc
greedy,72,1,False,66,66.0,,55.00621096948536,81.84496444108346,61.78840302533722,1.3246007411378113,0.0,nan,3.442417125047866,0.9696969696969697,0.0,0.0,0.030303030303030304,0.15485835991454167,0.04239874951066125,nonhydro_winter_run029.nc
greedy,73,0,True,160,160.0,160,54.484707967509145,230.9450552503527,174.37190333496505,1.3244396077200105,0.23592065181237923,0.23592065181237923,1.374752453222753,0.6875,0.0,0.009900990099009901,0.48125,0.12054917973840418,0.04512355309149607,nonhydro_winter_run025.nc
greedy,73,1,False,160,160.0,,486.72554257166604,249.9486997839294,205.15454694608897,1.2183434562121187,0.0,nan,289.92079096726957,1.0,0.0,0.16666666666666666,0.0,1.9770617911651627,0.12095358823100333,nonhydro_winter_run025.nc
greedy,74,0,True,27,27.0,27,11.064834250023528,36.12774795506936,25.54881791581132,1.4140672994781136,0.3062696923092029,0.3062696923092029,3.028180151008409,0.5555555555555556,0.0,0.038461538461538464,0.7777777777777778,0.02418485861758768,0.0022471203788897443,nonhydro_winter_run006.nc
greedy,74,1,False,27,27.0,,417.1299973913944,37.42742149683725,35.30248803268838,1.0601921729194068,0.0,nan,382.52186002363914,1.0,0.0,0.15384615384615385,0.3333333333333333,1.6041531576487316,0.03441107671169763,nonhydro_winter_run006.nc
greedy,75,0,False,135,135.0,,119.15688672069626,217.8304259226217,205.06703570942562,1.062240087340422,0.0,nan,93.9882608311233,0.5555555555555556,0.0,0.01680672268907563,0.37777777777777777,1.5948507756469326,0.02241103391867383,nonhydro_winter_run020.nc
greedy,75,1,True,135,135.0,135,87.73703583139894,138.67946095782338,119.72986199432987,1.1582696133433354,0.6326606350026298,0.6326606350026298,3.1175304749990254,0.9481481481481482,0.0,0.0,0.14814814814814814,0.14342963742870296,0.02241103391867383,nonhydro_winter_run020.nc
greedy,76,0,False,225,225.0,,151.44409411340817,251.28642610246135,187.59433286932995,1.3395203482905667,0.0,nan,11.74875158755751,0.8666666666666667,0.0,0.1989247311827957,0.06222222222222222,0.4780060226313765,0.10767232767558055,nonhydro_winter_run017.nc
greedy,76,1,True,225,225.0,225,123.21974667422205,403.4716984290806,308.89362015578644,1.3061833333611583,0.3053987359063321,0.3053987359063321,2.409065161616881,0.7466666666666667,0.0,0.009900990099009901,0.36,0.13389830670357128,0.049977566296189435,nonhydro_winter_run017.nc
greedy,77,0,False,3600,3600.0,,227.15577605030666,3384.1167301169103,89.33886354413538,37.8795587481934,0.0,nan,222.94787718223205,0.335,0.015833333333333335,0.014727540500736377,0.0,4.152714771711068,0.22930602731628436,nonhydro_winter_run002.nc
greedy,77,1,False,3600,3600.0,,152.98944368478223,2322.1136920301283,3.9151983529085745,593.1024389364707,0.0,nan,152.98944368478223,0.135,0.3433333333333333,0.4113415150232755,1.0,1.063994617434048,0.011812255323842002,nonhydro_winter_run002.nc
greedy,78,0,False,130,130.0,,29.425077814404656,199.23156304122884,172.5011095234674,1.1549581541336404,0.0,nan,29.425077814404656,0.08461538461538462,0.0,0.13333333333333333,0.6153846153846154,1.4252725860524507,0.06838368786457127,nonhydro_winter_run022.nc
greedy,78,1,True,130,130.0,130,42.49199860909304,180.87427292135308,122.78999742831076,1.4730375169765275,0.23492560839522608,0.23492560839522608,4.020683376141961,0.6230769230769231,0.0,0.3488372093023256,0.5461538461538461,0.12349124384495269,0.030317119671821935,nonhydro_winter_run022.nc
greedy,79,0,True,30,30.0,30,7.5727654249378675,58.68627292159574,54.96490711447796,1.0677043954493932,0.12903810461869006,0.12903810461869006,2.822691847964792,0.6,0.0,0.3333333333333333,0.43333333333333335,0.1493423420008,0.016625334841761985,nonhydro_winter_run004.nc
greedy,79,1,False,30,30.0,,30.4529504170783,45.35291890188096,45.01173041455063,1.0075799904644422,0.0,nan,26.649789469805807,0.36666666666666664,0.0,0.0,0.03333333333333333,0.6069222784559187,0.0470362237398384,nonhydro_winter_run004.nc
greedy,80,0,False,216,216.0,,26.766388836206076,202.88816003590063,103.02748782593214,1.9692624203230686,0.0,nan,26.766388836206076,0.1388888888888889,0.0,0.47668393782383417,0.375,1.4198457897798704,0.08998211375550924,nonhydro_winter_run028.nc
greedy,80,1,True,216,216.0,216,83.68698477908858,298.61463411634327,232.88216419368996,1.2822563511904805,0.28025078217192556,0.28025078217192556,1.5177507127519363,0.7638888888888888,0.0,0.20491803278688525,0.18981481481481483,0.05171117816917814,0.0496255706351334,nonhydro_winter_run028.nc
greedy,81,0,True,195,195.0,195,18.332861201169976,240.04321762473552,124.30273861072749,1.931117691432902,0.07637316889257048,0.07637316889257048,2.2085084202087737,0.6307692307692307,0.0,0.16574585635359115,0.005128205128205128,0.09640938211699535,0.04976129738625801,nonhydro_winter_run002.nc
greedy,81,1,False,195,195.0,,76.52172249250741,234.3018594736926,104.29950289102779,2.246433137063859,0.0,nan,76.52172249250741,0.4205128205128205,0.0,0.3829787234042553,0.2,1.0824307369488082,0.011649764529369944,nonhydro_winter_run002.nc
greedy,82,0,False,3600,3600.0,,48.68404469800641,969.3884063429535,533.6319301690336,1.8165862114658122,0.0,nan,35.723956458844796,0.8713888888888889,0.0,0.20710059171597633,0.04083333333333333,2.022316985090306,0.1681714781452014,nonhydro_winter_run022.nc
greedy,82,1,False,3600,3600.0,,98.30255121374343,1806.4063377398377,405.3945783503825,4.455921302870905,0.0,nan,66.23190338310073,0.2263888888888889,0.0,0.07306889352818371,0.07416666666666667,1.6385121627056733,0.21634963735512247,nonhydro_winter_run022.nc
greedy,83,0,True,134,134.0,134,42.42605470599869,138.9419335061158,55.081528705813106,2.5224778028256205,0.30535097385938725,0.30535097385938725,0.9544955892726301,0.7164179104477612,0.0,0.12396694214876033,0.291044776119403,0.14482314837889732,0.0032610645875861266,nonhydro_winter_run023.nc
greedy,83,1,False,134,134.0,,66.35999969299411,160.5394599855629,111.70915246555664,1.4371200250137262,0.0,nan,54.979191519233986,0.4701492537313433,0.0,0.2875,0.6716417910447762,0.37594799902858256,0.02038243519081895,nonhydro_winter_run023.nc
greedy,84,0,False,327,327.0,,112.27623787450904,298.2630532075786,135.95916438928072,2.1937693905913282,0.0,nan,112.27623787450904,0.5657492354740061,0.0,0.07692307692307693,0.21712538226299694,1.769284403305079,0.10947444871076029,nonhydro_winter_run020.nc
greedy,84,1,True,327,327.0,327,25.350007127792146,394.6572493475083,233.82480229157952,1.687833136090374,0.06423296967103385,0.06423296967103385,3.622574472781114,0.48623853211009177,0.0,0.3392226148409894,0.41896024464831805,0.1458718791808451,0.03421248895447082,nonhydro_winter_run020.nc
greedy,85,0,True,51,51.0,51,35.032956104140524,74.11832379222345,72.9136551682282,1.0165218520620836,0.47266255241212307,0.47266255241212307,3.309843574601463,0.8431372549019608,0.0,0.0,0.0196078431372549,0.11435017980207363,0.04834902700294319,nonhydro_winter_run022.nc
greedy,85,1,False,51,51.0,,61.80602845508819,75.6852411764666,66.65142565279406,1.1355382189532182,0.0,nan,28.89222052738998,0.9411764705882353,0.0,0.0,0.0,2.6419235056667105,0.25090939741867024,nonhydro_winter_run022.nc
greedy,86,0,True,663,663.0,663,182.03880648553744,788.408748879115,360.106722885325,2.1893752567629283,0.23089394523379272,0.23089394523379272,2.621644020962556,0.5746606334841629,0.0,0.30620985010706636,0.28205128205128205,0.04218905321445732,0.048031194934164634,nonhydro_winter_run029.nc
greedy,86,1,False,663,663.0,,799.2486463175718,585.6769719539674,159.5116014045742,3.671688872764162,0.0,nan,634.4929487355056,0.6515837104072398,0.0,0.018561484918793503,0.0,3.534581126416981,0.2899125213770063,nonhydro_winter_run029.nc
greedy,87,0,True,46,46.0,46,40.95338294667317,61.561327795002974,59.48417289298827,1.0349194550582639,0.6652452832571526,0.6652452832571526,3.939861904548327,1.0,0.0,0.0,0.021739130434782608,0.12277152044272555,0.04563901255017544,nonhydro_winter_run019.nc
greedy,87,1,False,46,46.0,,45.981254269231734,46.23334845537825,30.0419200015218,1.538961173354974,0.0,nan,35.62318821700039,0.782608695652174,0.0,0.0,0.0,1.78025436493877,0.22940024947792614,nonhydro_winter_run019.nc
greedy,88,0,False,3600,3600.0,,19.69356344803223,2099.5539583374957,430.53182477588683,4.87665217183519,0.0,nan,15.400654325807789,0.5536111111111112,0.0,0.013989637305699482,0.8375,0.6307978164051633,0.044151961084668456,nonhydro_winter_run016.nc
greedy,88,1,False,3600,3600.0,,438.261820261556,1024.062151526393,133.38157319379087,7.677688356835672,0.0,nan,438.1693080110593,0.8172222222222222,0.009444444444444445,0.011510791366906475,0.9708333333333333,2.413669322760043,0.03405812526915375,nonhydro_winter_run016.nc
greedy,89,0,True,108,108.0,108,76.94397958708085,118.15288988470104,95.24284256700723,1.2405435064747847,0.6512238478649678,0.6512238478649678,4.076506885018576,0.9259259259259259,0.0,0.0,0.009259259259259259,0.14144266686799511,0.048561057059302026,nonhydro_winter_run026.nc
greedy,89,1,False,108,108.0,,32.666572924271115,141.5959620982781,105.19167868680005,1.3460756959670637,0.0,nan,17.509599190665245,0.5648148148148148,0.0,0.11940298507462686,0.25925925925925924,0.4432910424369396,0.07789118579726195,nonhydro_winter_run026.nc
greedy,90,0,False,36,36.0,,131.43300466500526,39.94752308615295,22.75137049222154,1.7558293070657258,0.0,nan,123.40850202142029,0.6388888888888888,0.0,0.0,0.7222222222222222,1.4439010394435954,0.06586698743419639,nonhydro_winter_run020.nc
greedy,90,1,True,36,36.0,36,27.353884041465943,36.90328041277186,31.395796534383198,1.1754210590693925,0.7412317749399598,0.7412317749399598,4.3650614378716295,0.9444444444444444,0.0,0.0,0.027777777777777776,0.12131290140830231,0.049298407820822954,nonhydro_winter_run020.nc
greedy,91,0,True,172,172.0,172,56.737737776843126,200.88283106619087,108.54721551383203,1.8506493244922773,0.2824419462614406,0.2824419462614406,3.78047760388423,0.7209302325581395,0.0,0.1651376146788991,0.19767441860465115,0.1236080712401062,0.04909372853766458,nonhydro_winter_run023.nc
greedy,91,1,False,172,172.0,,193.36831441455269,235.49686053792337,180.81784860178826,1.3023983105592285,0.0,nan,112.20719498204464,0.7558139534883721,0.0,0.38571428571428573,0.25,0.9095274072827166,0.04924179145093832,nonhydro_winter_run023.nc
greedy,92,0,True,13,13.0,13,12.406938710091808,18.73998810644749,18.713110394578262,1.0014363038160143,0.662056914850613,0.662056914850613,3.369288420036183,0.6923076923076923,0.0,0.0,0.3076923076923077,0.14654165902329908,0.029043467187573224,nonhydro_winter_run014.nc
greedy,92,1,False,13,13.0,,42.7423859942809,21.106736533507267,20.143579051747864,1.0478146152322334,0.0,nan,35.3415488314117,0.9230769230769231,0.0,0.0,0.0,0.6182027798952205,0.3173440106339317,nonhydro_winter_run014.nc
greedy,93,0,False,82,82.0,,77.35250483407884,111.01927189029058,81.05594961500313,1.3696622199555524,0.0,nan,42.17653407303215,0.5,0.0,0.13580246913580246,0.5121951219512195,0.7731022862160231,0.038252737779448265,nonhydro_winter_run029.nc
greedy,93,1,True,82,82.0,82,33.084734348639365,81.06908163720753,44.14400618983225,1.8364686088658688,0.4081054537745592,0.4081054537745592,4.0758347673313935,0.7926829268292683,0.0,0.29411764705882354,0.24390243902439024,0.1051451936770249,0.01156525244117157,nonhydro_winter_run029.nc
greedy,94,0,False,159,159.0,,72.8544208329871,214.22392502594664,125.0128274129971,1.7136155501725305,0.0,nan,11.242655867698694,0.7735849056603774,0.0,0.1079136690647482,0.0,0.7327222385272307,0.12870873549724915,nonhydro_winter_run002.nc
greedy,94,1,True,159,159.0,159,17.434483652506525,208.57504700644273,146.32482185127986,1.4254249167542614,0.08358853996551173,0.08358853996551173,4.128842760249719,0.4968553459119497,0.0,0.3382352941176471,0.6289308176100629,0.1254523457188199,0.03114818941298636,nonhydro_winter_run002.nc
greedy,95,0,False,3600,3600.0,,13.15831318273353,2199.7105621233213,135.34642069083495,16.2524472453395,0.0,nan,10.437943210025175,0.39611111111111114,0.45055555555555554,0.33624678663239077,0.9219444444444445,0.6554512465504132,0.01759528248902642,nonhydro_winter_run014.nc
greedy,95,1,False,3600,3600.0,,122.0540453450754,3569.724275477046,98.5472760069905,36.2234697915326,0.0,nan,29.00195947633194,0.4786111111111111,0.0,0.2800687285223368,0.012777777777777779,2.3640681872672786,0.1319661379422844,nonhydro_winter_run014.nc
greedy,96,0,False,230,230.0,,201.4488411691379,141.5540429094998,129.93225139951386,1.0894450098786592,0.0,nan,201.4488411691379,0.0,0.0,0.0,0.8608695652173913,2.594731962796857,0.03627495933284808,nonhydro_winter_run025.nc
greedy,96,1,True,230,230.0,230,81.94859438120093,287.7506413630456,200.66746987985033,1.4339675560534866,0.28479031008590894,0.28479031008590894,5.723432023216501,0.8217391304347826,0.0,0.11049723756906077,0.34782608695652173,0.14921177690709442,0.04633774695989279,nonhydro_winter_run025.nc
greedy,97,0,True,334,334.0,334,96.18674024033263,353.4256774036083,182.89918509420502,1.9323523897691015,0.27215549517215304,0.27215549517215304,1.0784949060387632,0.7574850299401198,0.0,0.05185185185185185,0.5029940119760479,0.14891455738107595,0.0412730935046739,nonhydro_winter_run005.nc
greedy,97,1,False,334,334.0,,41.499300762617864,336.47828743811874,81.04232950538584,4.151883213275075,0.0,nan,11.769796660872773,0.6976047904191617,0.0,0.2515151515151515,0.07784431137724551,0.12029299153239492,0.20625070477728424,nonhydro_winter_run005.nc
greedy,98,0,True,221,221.0,221,6.719633122910435,260.2466369346833,142.85740350552425,1.8217231347384781,0.025820249598833157,0.025820249598833157,2.744164817056054,0.48868778280542985,0.0,0.7818181818181819,0.5972850678733032,0.14683413471749418,0.04351870707227001,nonhydro_winter_run011.nc
greedy,98,1,False,221,221.0,,43.601786252947846,152.85035793934253,43.15143189641816,3.542185072936828,0.0,nan,12.733101980596976,0.8144796380090498,0.39819004524886875,0.34234234234234234,0.7375565610859729,0.5540176299766699,0.03411984296600401,nonhydro_winter_run011.nc
greedy,99,0,False,44,44.0,,60.84815290712382,49.79008142405878,45.95591277073073,1.0834314546738812,0.0,nan,23.19506389061061,1.0,0.0,0.0,0.0,0.05302929503597653,0.1814689448837673,nonhydro_winter_run029.nc
greedy,99,1,True,44,44.0,44,31.80556390121053,54.9008845635848,43.26647057929875,1.2689013878070436,0.5793269845110444,0.5793269845110444,2.7554220664019473,0.9090909090909091,0.0,0.0,0.06818181818181818,0.14124749999960784,0.03795304556217394,nonhydro_winter_run029.nc
stochastic,0,0,True,779,779.0,779,278.1506912282311,815.1712961127389,475.2262380974101,1.715333099822759,0.3412174748480872,0.3412174748480872,4.066080062239882,0.7086007702182285,0.0,0.2938718662952646,0.5673940949935815,0.14975654535452065,0.04842797580778724,nonhydro_winter_run026.nc
stochastic,0,1,False,779,779.0,,65.96094892145089,738.2998053350775,41.23463277017145,17.904847351257438,0.0,nan,56.65830812277924,0.5147625160462131,0.0,0.15753424657534246,0.0,1.6339031291902586,0.22109096682705898,nonhydro_winter_run026.nc
stochastic,1,0,False,838,838.0,,67.04110777533738,881.558679880196,89.27494240052654,9.874648542758361,0.0,nan,25.62252710836821,0.568019093078759,0.0011933174224343676,0.5058309037900874,0.48568019093078757,0.8038509578020765,0.0488668600041815,nonhydro_winter_run015.nc
stochastic,1,1,True,838,838.0,838,215.98167067237966,935.1851282986369,421.78135978018605,2.2172272591325854,0.2309507114011861,0.2309507114011861,1.693320235788905,0.5835322195704057,0.0,0.2924901185770751,0.3042959427207637,0.047176328235728704,0.04902843811771962,nonhydro_winter_run015.nc
stochastic,2,0,False,3600,3600.0,,327.7413696405902,3434.1407938927623,545.1163355733818,6.299831008147195,0.0,nan,4.675943068819827,0.6283333333333333,0.0019444444444444444,0.49039926851569643,0.2452777777777778,0.617873971478474,0.21826400347567998,nonhydro_winter_run026.nc
stochastic,2,1,False,3600,3600.0,,96.43099952120069,3311.3058685353953,64.20774149303686,51.57175430153538,0.0,nan,84.2546232326788,0.4608333333333333,0.0,0.3409480296973158,0.09444444444444444,0.6300583812451137,0.1207351969314705,nonhydro_winter_run026.nc
stochastic,3,0,True,150,150.0,150,57.99633419679201,201.73562011324992,152.99132069813797,1.318608266094308,0.28748683135003206,0.28748683135003206,5.833636937014573,0.6933333333333334,0.0,0.2786885245901639,0.3466666666666667,0.14188487941355277,0.04109695580522843,nonhydro_winter_run025.nc
stochastic,3,1,False,150,150.0,,20.79846717474991,163.68285130663097,53.26741375298266,3.072851482252894,0.0,nan,11.329541373335717,0.5466666666666666,0.0,0.42567567567567566,0.7866666666666666,0.6500243272831838,0.02346350225046423,nonhydro_winter_run025.nc
stochastic,4,0,False,364,364.0,,376.2072368733783,493.3323501324113,399.56888509821664,1.234661577843197,0.0,nan,32.388847896820074,0.8681318681318682,0.0,0.32231404958677684,0.0027472527472527475,2.2168404017095327,0.15168241375737246,nonhydro_winter_run022.nc
stochastic,4,1,True,364,364.0,364,215.06634493623778,592.2722785266687,514.1322543162747,1.1519842872225736,0.3631207347256483,0.3631207347256483,3.42734712426433,0.7472527472527473,0.0,0.4765957446808511,0.008241758241758242,0.11618362195472542,0.035390110645090345,nonhydro_winter_run022.nc
stochastic,5,0,False,62,62.0,,93.02128327917016,57.293040967211276,28.018008375776137,2.044864866867047,0.0,nan,78.50839540462721,0.5806451612903226,0.0,0.2857142857142857,0.16129032258064516,0.9047879431556325,0.033747602640151086,nonhydro_winter_run021.nc
stochastic,5,1,True,62,62.0,62,37.53441912281046,73.45437456829197,52.47627594834814,1.3997634786544753,0.5109895679244261,0.5109895679244261,1.5110543264422487,0.9354838709677419,0.0,0.09836065573770492,0.22580645161290322,0.12408811798673725,0.01961659950305905,nonhydro_winter_run021.nc
stochastic,6,0,True,56,56.0,56,56.88935350855361,84.6755005267903,75.51814795614557,1.1212602906517588,0.671851399219713,0.671851399219713,1.2400031028181044,0.8928571428571429,0.0,0.037037037037037035,0.125,0.14571761277021267,0.023033900292406262,nonhydro_winter_run014.nc
stochastic,6,1,False,56,56.0,,128.90647192958957,63.86980585602981,53.177095378974066,1.2010773698874042,0.0,nan,86.25656051457841,1.0,0.0,0.07272727272727272,0.4107142857142857,0.5088505676006392,0.008856354925692367,nonhydro_winter_run014.nc
stochastic,7,0,False,3600,3600.0,,649.9576085366115,2871.7321183184135,409.255609849555,7.016964579603639,0.0,nan,340.43104809406327,0.4791666666666667,0.0,0.4532786885245902,0.03194444444444444,1.9691005195032076,0.13067220730670648,nonhydro_winter_run029.nc
stochastic,7,1,False,3600,3600.0,,65.07770211623993,2275.273801732563,143.58106000594805,15.846615156889818,0.0,nan,12.74649359791669,0.4925,0.0,0.3503509891512444,0.8430555555555556,0.8062435778259953,0.056348871073998885,nonhydro_winter_run029.nc
stochastic,8,0,False,45,45.0,,54.922255120373855,56.116755871805196,47.691135806794286,1.1766705682822207,0.0,nan,42.24867546629893,0.6888888888888889,0.0,0.0,0.0,1.507768938208912,0.3137906008839836,nonhydro_winter_run022.nc
stochastic,8,1,True,45,45.0,45,45.484082651021815,79.79203726363026,73.84638814279513,1.0805137430599605,0.5700328530370005,0.5700328530370005,3.3763292929528745,0.9111111111111111,0.0,0.07692307692307693,0.5777777777777777,0.14451897351777632,0.012792567312871372,nonhydro_winter_run022.nc
stochastic,9,0,True,367,367.0,367,123.56788008557244,457.6749001556873,345.8967315926018,1.323154740573664,0.26999051082665526,0.26999051082665526,0.9024929553188059,0.7411444141689373,0.0,0.0,0.6893732970027248,0.1418753125498995,0.005610254094282507,nonhydro_winter_run013.nc
stochastic,9,1,False,367,367.0,,486.9698892677832,390.3635187105212,336.84141507349625,1.1588940707464574,0.0,nan,160.92791328505388,1.0,0.0,0.0,0.7166212534059946,1.4138845631014902,0.005610254094282507,nonhydro_winter_run013.nc
stochastic,10,0,False,3600,3600.0,,328.4239012945333,3312.2284324413768,463.1526220684033,7.151483711026453,0.0,nan,13.170427708417058,0.5483333333333333,0.0,0.1341609931918302,0.17944444444444443,0.5199970284063653,0.043162699609342714,nonhydro_winter_run024.nc
stochastic,10,1,False,3600,3600.0,,188.05555011905793,2268.502708851687,139.41956093939092,16.271050443472998,0.0,nan,179.79280491265723,0.5236111111111111,0.0,0.3282937365010799,0.7877777777777778,1.1516112778504421,0.0647187151918911,nonhydro_winter_run024.nc
stochastic,11,0,True,157,157.0,157,55.705453423348295,149.95343149793428,70.59076739716832,2.1242640791003713,0.37148501949497353,0.37148501949497353,2.9578600430278996,0.8089171974522293,0.0,0.1958041958041958,0.31210191082802546,0.12985546202340004,0.03794821734564369,nonhydro_winter_run005.nc
stochastic,11,1,False,157,157.0,,46.089605378138195,203.7250170113819,126.94331162236497,1.6048503415243303,0.0,nan,12.92097149155634,0.45222929936305734,0.0,0.125,0.1910828025477707,0.6138412935469333,0.06949296846391084,nonhydro_winter_run005.nc
stochastic,12,0,False,3600,3600.0,,27.562947728923138,2949.201678603122,91.30264981714572,32.30138100602302,0.0,nan,16.505317873232908,0.5058333333333334,0.04666666666666667,0.4972043010752688,0.93,0.7399031806382226,0.02113545089428237,nonhydro_winter_run019.nc
stochastic,12,1,False,3600,3600.0,,144.8094174507521,3996.027831067341,393.7862061599954,10.147709006962408,0.0,nan,70.59977545587516,0.5088888888888888,0.12361111111111112,0.3272465160980298,0.08583333333333333,2.627706963577211,0.26183685955679903,nonhydro_winter_run019.nc
stochastic,13,0,False,258,258.0,,138.01485918576225,341.96188747657436,248.40055550702834,1.3766550834742346,0.0,nan,12.439637926739131,0.7790697674418605,0.0,0.4105263157894737,0.7674418604651163,0.803269930446767,0.0070326144954777625,nonhydro_winter_run027.nc
stochastic,13,1,True,258,258.0,258,20.137070407450043,467.3058684439491,459.59192091091256,1.0167843410252893,0.043091841483829725,0.043091841483829725,3.022892628117458,0.5465116279069767,0.0,0.14,0.003875968992248062,0.035452692424684074,0.047692561368478215,nonhydro_winter_run027.nc
stochastic,14,0,True,635,635.0,635,214.35830585441508,873.7331843634564,572.0391892356674,1.5274009207846384,0.24533611597982535,0.24533611597982535,1.7152006747938013,0.6503937007874016,0.0,0.2975206611570248,0.2062992125984252,0.13663932016425662,0.005157087621147083,nonhydro_winter_run005.nc
stochastic,14,1,False,635,635.0,,296.2960705446694,722.6922663108579,300.62519558456614,2.403964394619625,0.0,nan,166.4076782051622,0.5889763779527559,0.0,0.23222748815165878,0.13228346456692913,1.8165275680140311,0.014116509454427217,nonhydro_winter_run005.nc
stochastic,15,0,True,702,702.0,702,203.2020441719045,784.2580447402248,396.5425830740711,1.977739789408018,0.2591010006651733,0.2591010006651733,1.3102412959409966,0.6894586894586895,0.03276353276353276,0.3526315789473684,0.5370370370370371,0.13089158436950754,0.005104905743544386,nonhydro_winter_run028.nc
stochastic,15,1,False,702,702.0,,100.95504928114029,693.4584024992203,130.3190601468091,5.321235448736466,0.0,nan,21.066334457649038,0.7450142450142451,0.01566951566951567,0.5008291873963516,0.8504273504273504,0.6598104433504162,0.019361815175238717,nonhydro_winter_run028.nc
stochastic,16,0,False,158,158.0,,89.30185692233505,164.4092165773083,81.47098280370862,2.0180094914704316,0.0,nan,89.30185692233505,0.17721518987341772,0.006329113924050633,0.37209302325581395,0.0,1.656375463568665,0.23587356693489892,nonhydro_winter_run017.nc
stochastic,16,1,True,158,158.0,158,88.38699606330792,236.52071164407243,204.27427036397694,1.157858555669486,0.3736966435155871,0.3736966435155871,2.172690214849779,0.759493670886076,0.0,0.22,0.4936708860759494,0.12008689928908467,0.018289344932852836,nonhydro_winter_run017.nc
stochastic,17,0,False,68,68.0,,39.091845156015985,80.9072874407499,45.33493255972682,1.7846566184731394,0.0,nan,30.344842370673362,0.6323529411764706,0.0,0.32727272727272727,0.0,0.6351701673440644,0.10228403574904721,nonhydro_winter_run023.nc
stochastic,17,1,True,68,68.0,68,48.697133970214786,85.26186924125916,74.44296601929236,1.14533143694413,0.571147857812267,0.571147857812267,3.224757122627959,0.9705882352941176,0.0,0.0,0.17647058823529413,0.14632899937127775,0.012637469812150526,nonhydro_winter_run023.nc
stochastic,18,0,False,64,64.0,,287.8395908715486,66.67533924876051,50.781577493495014,1.3129828284145257,0.0,nan,266.79181416205506,0.6875,0.0,0.0,0.0,1.6897478653486502,0.18237260562175905,nonhydro_winter_run027.nc
stochastic,18,1,True,64,64.0,64,29.100150752272448,93.8205598820453,81.93422507716636,1.1450716693016172,0.31016816344795045,0.31016816344795045,1.14232710019603,0.8125,0.0,0.25806451612903225,0.015625,0.14394498253278698,0.046895974943290675,nonhydro_winter_run027.nc
stochastic,19,0,False,483,483.0,,144.25421938072498,385.62582998294386,90.55724961123447,4.258365085495081,0.0,nan,144.25421938072498,0.4078674948240166,0.06418219461697723,0.4877384196185286,0.0,1.00171209925103,0.06593936361619146,nonhydro_winter_run018.nc
stochastic,19,1,True,483,483.0,483,13.760239785102403,641.5930558503574,296.4512726252068,2.16424456595773,0.021446989894341666,0.021446989894341666,4.595617117405585,0.4989648033126294,0.0,0.299625468164794,0.5320910973084886,0.14845366575320895,0.013520416922527145,nonhydro_winter_run018.nc
stochastic,20,0,False,140,140.0,,20.574159194352205,155.5002340687074,105.66410675175561,1.471646700558738,0.0,nan,18.091386330035686,0.4714285714285714,0.0,0.39669421487603307,0.0,0.7254075635102737,0.1854116328397588,nonhydro_winter_run027.nc
stochastic,20,1,True,140,140.0,140,67.12760054420819,229.1243609042997,142.26757923326926,1.610517042175966,0.2929745238754684,0.2929745238754684,1.0295232660477496,0.7928571428571428,0.0,0.0761904761904762,0.12857142857142856,0.13950412014613534,0.023672879969284022,nonhydro_winter_run027.nc
stochastic,21,0,True,239,239.0,239,133.92763805229183,362.48158754935054,205.9683095291239,1.7598900936655777,0.369474319944756,0.369474319944756,1.434585740034947,0.7280334728033473,0.0,0.21782178217821782,0.100418410041841,0.01802209067458449,0.04768770953007717,nonhydro_winter_run010.nc
stochastic,21,1,False,239,239.0,,200.0238590128279,258.8926338434801,111.3117743528468,2.3258333213054105,0.0,nan,152.71605894426358,0.4100418410041841,0.058577405857740586,0.06329113924050633,0.401673640167364,1.2946298258715956,0.002679920095195021,nonhydro_winter_run010.nc
stochastic,22,0,True,16,16.0,16,11.485328904564758,14.01899634146751,10.928464770043067,1.2827964985435245,0.8192689850835978,0.8192689850835978,3.0060873244120327,0.9375,0.0,0.0,0.0625,0.10512588774918186,0.04990851579849431,nonhydro_winter_run024.nc
stochastic,22,1,False,16,16.0,,407.07090879313483,20.20071020667811,15.93254462099287,1.2678897619443328,0.0,nan,399.9381544589648,0.625,0.0,0.0,0.0,2.2035959237732996,0.13500576485463622,nonhydro_winter_run024.nc
stochastic,23,0,False,3600,3600.0,,65.51304943591566,2521.7189343950563,120.97933123911416,20.84421287972662,0.0,nan,24.447738364727307,0.5313888888888889,0.009444444444444445,0.205761316872428,0.021388888888888888,2.9705841824055597,0.33305479654174885,nonhydro_winter_run002.nc
stochastic,23,1,False,3600,3600.0,,49.98935515853866,2808.792384401432,201.18798514745217,13.961034414370458,0.0,nan,30.242516308421806,0.43194444444444446,0.01,0.45802398629354657,0.008611111111111111,2.42870368896984,0.18356768629069264,nonhydro_winter_run002.nc
stochastic,24,0,False,3600,3600.0,,33.07944528139917,3601.9508795506617,418.84819498835594,8.599657161351255,0.0,nan,12.943569848886007,0.5755555555555556,0.0005555555555555556,0.24508050089445438,0.02638888888888889,1.320995373883008,0.22414338486556418,nonhydro_winter_run012.nc
stochastic,24,1,False,3600,3600.0,,280.54363847938816,3518.8038731285033,577.9148478349678,6.088792987947855,0.0,nan,26.627234556380174,0.5438888888888889,0.0002777777777777778,0.344449134655973,0.016666666666666666,0.9145691504502551,0.13098647114173234,nonhydro_winter_run012.nc
stochastic,25,0,False,3600,3600.0,,584.2472103899926,3856.4673986046373,471.9632023208666,8.171118806806463,0.0,nan,57.81110331730145,0.5238888888888888,0.0016666666666666668,0.44184752365052865,0.044444444444444446,2.3040650742169504,0.1312052575190259,nonhydro_winter_run016.nc
stochastic,25,1,False,3600,3600.0,,110.37171359115115,3989.7871632085485,233.74516180844978,17.06896148070056,0.0,nan,31.187900188365205,0.4775,0.010555555555555556,0.36720867208672087,0.4502777777777778,1.9929573644724172,0.059808476797901466,nonhydro_winter_run016.nc
stochastic,26,0,False,3600,3600.0,,188.42092347628088,2828.0095622617982,541.4737179555759,5.222801160025677,0.0,nan,9.12351015261891,0.5144444444444445,0.0002777777777777778,0.4712828770799785,0.12361111111111112,0.2780146621772772,0.0732833349450841,nonhydro_winter_run026.nc
stochastic,26,1,False,3600,3600.0,,251.3859488416246,3675.6395159930826,458.9926366661512,8.008057694979023,0.0,nan,66.22715515168035,0.5622222222222222,0.0,0.3956228956228956,0.02722222222222222,1.6800573545796667,0.12555496974935032,nonhydro_winter_run026.nc
stochastic,27,0,True,143,143.0,143,43.7349187030906,158.66500710936157,83.82132975546658,1.892895371288403,0.2756431269873252,0.2756431269873252,3.5608305518665495,0.7342657342657343,0.0,0.06382978723404255,0.14685314685314685,0.1463963757611495,0.022857132238044198,nonhydro_winter_run001.nc
stochastic,27,1,False,143,143.0,,82.24920960861316,175.78550163875656,72.9311152441734,2.410294989322824,0.0,nan,14.11308684741383,0.6013986013986014,0.0,0.16521739130434782,0.4195804195804196,0.6647655106883334,0.0899985519566392,nonhydro_winter_run001.nc
stochastic,28,0,False,12,12.0,,74.07605505031772,17.703825578057035,16.64137366482817,1.0638440031831253,0.0,nan,63.895315917828164,1.0,0.0,0.0,0.0,1.3321847201238484,0.4508265045580878,nonhydro_winter_run020.nc
stochastic,28,1,True,12,12.0,12,10.67275109748768,21.976385324759264,21.89062862419182,1.0039175074430102,0.4856463399130263,0.4856463399130263,1.6609628768161826,0.8333333333333334,0.0,0.0,0.8333333333333334,0.08784557816571237,0.025672404183102127,nonhydro_winter_run020.nc
stochastic,29,0,True,94,94.0,94,60.24762598902445,102.78565457079817,65.96371291776887,1.55821511592187,0.5861481958800605,0.5861481958800605,2.769806414151916,0.9042553191489362,0.0,0.11827956989247312,0.20212765957446807,0.1463053914171013,0.046884961646925905,nonhydro_winter_run029.nc
stochastic,29,1,False,94,94.0,,346.27587445033254,86.97559395429019,59.6410858640856,1.4583167407866522,0.0,nan,346.27587445033254,0.010638297872340425,0.0,0.09259259259259259,0.0,0.8077642445857123,0.06996363891391588,nonhydro_winter_run029.nc
stochastic,30,0,True,67,67.0,67,37.430476455508746,77.09970416701174,43.918034915080405,1.755536292006033,0.48548145365678247,0.48548145365678247,4.365870514385107,0.9701492537313433,0.0,0.19230769230769232,0.6716417910447762,0.1416376251717537,0.0025745389571000254,nonhydro_winter_run004.nc
stochastic,30,1,False,67,67.0,,70.34443304218685,73.14079454009953,51.54528887081081,1.4189617740510498,0.0,nan,33.41908060458568,0.9850746268656716,0.0,0.0,0.0,0.5774636486843008,0.22119397042880928,nonhydro_winter_run004.nc
stochastic,31,0,True,363,363.0,363,21.20998363469815,354.01591171499354,86.65292560887079,4.085446731630633,0.059912515039079954,0.059912515039079954,5.808267555732918,0.5619834710743802,0.0,0.44126984126984126,0.8980716253443526,0.1304861575230163,0.04942709856102678,nonhydro_winter_run017.nc
stochastic,31,1,False,363,363.0,,455.6004245256207,416.1281483760893,303.5324060622828,1.3709513055772458,0.0,nan,215.65138003035116,0.8319559228650137,0.0027548209366391185,0.21897810218978103,0.06887052341597796,2.092903953781743,0.11943077836282934,nonhydro_winter_run017.nc
stochastic,32,0,True,394,394.0,394,89.99275854018795,493.0781813013542,279.19621489402977,1.766063273775056,0.18251214909302008,0.18251214909302008,2.768739137201528,0.6878172588832487,0.005076142131979695,0.25,0.4416243654822335,0.12331217471044198,0.04872752239712064,nonhydro_winter_run027.nc
stochastic,32,1,False,394,394.0,,88.34160600178073,389.81461437166195,164.9588530284591,2.3631021143461166,0.0,nan,16.5622760151139,0.5634517766497462,0.0,0.30180180180180183,0.2563451776649746,1.087026278498648,0.11818092809072911,nonhydro_winter_run027.nc
stochastic,33,0,False,329,329.0,,476.47956224846666,508.46271434867845,411.50160451681325,1.2356275376999253,0.0,nan,233.9245749818675,0.8054711246200608,0.0,0.29896907216494845,0.4072948328267477,1.1635911263386731,0.15862588405708522,nonhydro_winter_run027.nc
stochastic,33,1,True,329,329.0,329,350.00868887035966,575.3336676265192,517.886749266554,1.1109256385519095,0.6083577384134065,0.6083577384134065,3.9509792505936754,0.8693009118541033,0.0,0.15384615384615385,0.513677811550152,0.02683819543011623,0.04454980418174348,nonhydro_winter_run027.nc
stochastic,34,0,True,337,337.0,337,239.32912046608672,504.2528010851554,381.463584898582,1.3218897453061447,0.4746213009646131,0.4746213009646131,2.9158338108023076,0.827893175074184,0.01483679525222552,0.24789915966386555,0.5667655786350149,0.04382023712157235,0.04930482143796566,nonhydro_winter_run002.nc
stochastic,34,1,False,337,337.0,,70.17167430628596,447.5056182338101,217.28818154870635,2.05950279966561,0.0,nan,33.34244236355463,0.5816023738872403,0.0,0.2182741116751269,0.20771513353115728,0.9830976673547482,0.19531619733652472,nonhydro_winter_run002.nc
stochastic,35,0,False,3600,3600.0,,78.87191820740848,3702.5533937415526,432.4565180138821,8.561677855489505,0.0,nan,58.557688327710444,0.46166666666666667,0.0,0.3397150489759573,0.004166666666666667,1.9727441522094935,0.3387970866755988,nonhydro_winter_run004.nc
stochastic,35,1,False,3600,3600.0,,82.8930124461748,2243.8175538190862,152.6432004048402,14.699754380594975,0.0,nan,13.47969479735373,0.3169444444444444,0.008611111111111111,0.3659824046920821,0.024444444444444446,0.6053360775453669,0.1236993589497174,nonhydro_winter_run004.nc
stochastic,36,0,True,591,591.0,591,383.01970888151095,755.6148014778644,482.8208245486309,1.5650004371378496,0.5068981022240224,0.5068981022240224,4.8142361907459055,0.7986463620981388,0.0,0.3430232558139535,0.15905245346869712,0.14527239281041915,0.024420644305965244,nonhydro_winter_run012.nc
stochastic,36,1,False,591,591.0,,50.09391069343616,612.5422853964483,143.02880274130504,4.282649883494782,0.0,nan,45.28596655722657,0.38578680203045684,0.0,0.26480836236933797,0.16412859560067683,1.5479733249304246,0.1751706516554764,nonhydro_winter_run012.nc
stochastic,37,0,False,34,34.0,,262.0194585242265,44.38543007398245,40.91041107963599,1.0849421675959696,0.0,nan,239.51224146458807,1.0,0.0,0.0,0.0,3.055464909683522,0.09494782608209296,nonhydro_winter_run005.nc
stochastic,37,1,True,34,34.0,34,13.118195321863205,27.023733476510376,14.640681508058053,1.8457975102891788,0.4854323823636667,0.4854323823636667,3.2991323227237155,0.9117647058823529,0.0,0.0,0.029411764705882353,0.13087910633137056,0.049297558727688595,nonhydro_winter_run005.nc
stochastic,38,0,True,738,738.0,738,209.67285869749327,1013.0369167665515,650.6632327507579,1.5569297076827515,0.2069745487328683,0.2069745487328683,4.814211486756094,0.6192411924119241,0.0,0.3148148148148148,0.10840108401084012,0.1444984285717439,0.03313720871609116,nonhydro_winter_run008.nc
stochastic,38,1,False,738,738.0,,389.4610991392443,765.4635888544205,248.64104731883356,3.078588982425187,0.0,nan,200.18516703678992,0.5840108401084011,0.0,0.311787072243346,0.0,2.215407010629363,0.29121927207361675,nonhydro_winter_run008.nc
stochastic,39,0,False,3600,3600.0,,377.2725494551172,3772.851573250625,369.49023246736255,10.210964300886857,0.0,nan,22.882768945208966,0.5172222222222222,0.0675,0.4161623353506586,0.3011111111111111,1.2556662482718437,0.026716577464853453,nonhydro_winter_run030.nc
stochastic,39,1,False,3600,3600.0,,331.1009189154577,3242.4299854036253,244.43457558046936,13.265021847681274,0.0,nan,331.1009189154577,0.4583333333333333,0.024166666666666666,0.5993041461293128,0.8627777777777778,1.2863261304309361,0.04325017131773812,nonhydro_winter_run030.nc
stochastic,40,0,True,646,646.0,646,535.0459182449382,951.3866097452035,606.4093284357566,1.5688851822238978,0.5623853781043145,0.5623853781043145,1.7906477859264538,0.8606811145510835,0.0,0.3434343434343434,0.0015479876160990713,0.11606792873275396,0.048107087921913316,nonhydro_winter_run017.nc
stochastic,40,1,False,646,646.0,,216.0165674784657,564.6685385702194,75.36769793970828,7.492182380599392,0.0,nan,214.2451049937105,0.6238390092879257,0.0,0.50625,0.12538699690402477,1.8447341274827807,0.15872525618798927,nonhydro_winter_run017.nc
stochastic,41,0,False,3600,3600.0,,272.8120462694022,3467.845170495138,240.39842730043495,14.425407060426572,0.0,nan,106.04294685266605,0.4275,0.025277777777777777,0.4713249835201055,0.1825,2.065963661792125,0.09637396997448677,nonhydro_winter_run020.nc
stochastic,41,1,False,3600,3600.0,,103.68107507290459,3552.6890887625227,367.43350335550986,9.66893072166346,0.0,nan,2.310074886952018,0.5905555555555555,0.07888888888888888,0.3262935586061246,0.7063888888888888,1.6800847918884045,0.020152895478401156,nonhydro_winter_run020.nc
stochastic,42,0,True,3,3.0,3,5.3259419228638905,4.505792070451745,4.505054380677772,1.0001637471407974,1.0,1.1820212383502016,2.354815679052063,1.0,0.0,0.0,1.0,0.14311579083590686,0.013539804169351966,nonhydro_winter_run003.nc
stochastic,42,1,False,3,3.0,,57.03157426487188,2.8172279407306053,2.8151978984590267,1.0007211010894437,0.0,nan,57.00741521832899,1.0,0.0,0.0,0.0,1.5707196532055008,0.08179628278385809,nonhydro_winter_run003.nc
stochastic,43,0,False,3600,3600.0,,876.5376197644165,2704.8314489734717,390.61095505971025,6.924617484320175,0.0,nan,485.31021796434334,0.7219444444444445,0.0661111111111111,0.39333621808740804,0.01888888888888889,3.4412455166615956,0.271878213324404,nonhydro_winter_run016.nc
stochastic,43,1,False,3600,3600.0,,225.02833805208815,3874.6219991849316,396.84522760335204,9.76355951811427,0.0,nan,211.2401316596942,0.4777777777777778,0.01861111111111111,0.3527724665391969,0.010277777777777778,2.145183948869658,0.14279706016571736,nonhydro_winter_run016.nc
stochastic,44,0,True,26,26.0,26,8.204506073222788,34.93118746802921,32.118150697724126,1.0875840205365377,0.2348762429199399,0.2348762429199399,0.7202035634497973,0.6153846153846154,0.0,0.0,1.0,0.1418644710344097,0.049444499532239616,nonhydro_winter_run021.nc
stochastic,44,1,False,26,26.0,,51.2989785853699,35.163480288127865,29.97709330376636,1.1730116703379603,0.0,nan,30.1102968223112,1.0,0.0,0.0,0.0,1.3449467804385549,0.16946077981106866,nonhydro_winter_run021.nc
stochastic,45,0,True,5,5.0,5,5.8376365304645965,8.319371576538103,7.836650881531107,1.0615978307958875,0.7016920060317563,0.7016920060317563,2.7366497234508373,0.6,0.0,0.0,1.0,0.14192758359527602,0.027753132719324336,nonhydro_winter_run028.nc
stochastic,45,1,False,5,5.0,,26.31887532068811,7.139430860822543,6.178879660762682,1.1554571787762082,0.0,nan,23.237202063184426,1.0,0.0,0.0,0.0,0.38883096956227803,0.06098716263084336,nonhydro_winter_run028.nc
stochastic,46,0,False,39,39.0,,226.17350812644702,60.64343595713706,52.265620022021395,1.1602930555800504,0.0,nan,226.17350812644702,0.07692307692307693,0.0,0.0,0.8205128205128205,1.4331130910554037,0.03081113649959033,nonhydro_winter_run016.nc
stochastic,46,1,True,39,39.0,39,8.64526887489224,48.745182377024086,41.03507807829636,1.18789057215918,0.1773563756111243,0.1773563756111243,4.008162394721848,0.5897435897435898,0.0,0.2647058823529412,0.8717948717948718,0.1271809130035919,0.047362022740781495,nonhydro_winter_run016.nc
stochastic,47,0,False,3600,3600.0,,205.97335147168872,2972.069456023185,210.15191938268052,14.142480662339958,0.0,nan,12.563303700374254,0.6305555555555555,0.21666666666666667,0.43403908794788276,0.6377777777777778,0.4704184766706092,0.05973935172111733,nonhydro_winter_run003.nc
stochastic,47,1,False,3600,3600.0,,512.0119241285695,3797.3681571663924,571.1298526269475,6.648870024391406,0.0,nan,38.60076809566376,0.6177777777777778,0.06444444444444444,0.2708585247883918,0.4086111111111111,0.42931003096398257,0.05899928949352229,nonhydro_winter_run003.nc
stochastic,48,0,False,3600,3600.0,,382.42890865012197,3840.883666580513,731.1683340743291,5.253077147334524,0.0,nan,40.76194355408444,0.525,0.0008333333333333334,0.28125,0.3313888888888889,0.8051416845402457,0.04541365599030389,nonhydro_winter_run004.nc
stochastic,48,1,False,3600,3600.0,,154.64806130994012,3253.826511108325,447.5031653062846,7.271069264686226,0.0,nan,26.03149003149248,0.4538888888888889,0.0,0.2797385620915033,0.2808333333333333,2.276545417680076,0.007367556502277828,nonhydro_winter_run004.nc
stochastic,49,0,False,59,59.0,,33.041621522841155,63.96466683326953,32.04162446343752,1.9962991235434762,0.0,nan,5.059871410495735,0.7457627118644068,0.01694915254237288,0.2558139534883721,0.3898305084745763,0.5076989363130906,0.030335228322322383,nonhydro_winter_run002.nc
stochastic,49,1,True,59,59.0,59,55.373529757665615,88.60073065159395,86.80190797598894,1.0207233080187892,0.6249782518770847,0.6249782518770847,4.1547275454968355,0.9830508474576272,0.0,0.0,0.01694915254237288,0.018545112373068662,0.04858363221431394,nonhydro_winter_run002.nc
stochastic,50,0,False,162,162.0,,89.71951943625653,209.71700757635733,93.10678420619642,2.252435301727458,0.0,nan,57.2693586423994,0.5061728395061729,0.0,0.018518518518518517,0.30864197530864196,2.1543746106992927,0.09277056210472356,nonhydro_winter_run024.nc
stochastic,50,1,True,162,162.0,162,26.301029833519035,147.57753420363764,27.460408492202777,5.374192967505979,0.1782183851725498,0.1782183851725498,0.7188443825903487,0.5493827160493827,0.0,0.4322033898305085,0.006172839506172839,0.028204887094524622,0.04834072412947621,nonhydro_winter_run024.nc
stochastic,51,0,False,3600,3600.0,,385.15295163037155,3447.1012932699396,140.07539925463274,24.60889857614261,0.0,nan,385.15295163037155,0.4986111111111111,0.0325,0.4615654615654616,0.0,3.320619675884849,0.36648427842333453,nonhydro_winter_run012.nc
stochastic,51,1,False,3600,3600.0,,142.45016361246093,3757.2341373240224,605.2846687622219,6.207383618368174,0.0,nan,106.98062660229678,0.4102777777777778,0.0030555555555555557,0.33458788106887466,0.1361111111111111,3.111810216365413,0.3500526997418748,nonhydro_winter_run012.nc
stochastic,52,0,True,17,17.0,17,6.3923121932077,24.137872688537644,21.022274989543714,1.14820459253547,0.26482500242215706,0.26482500242215706,3.8887091661699467,0.5882352941176471,0.0,0.0,0.058823529411764705,0.037857991386488266,0.04846305653322158,nonhydro_winter_run029.nc
stochastic,52,1,False,17,17.0,,12.958596140922346,25.52950239986968,22.857818724350864,1.1168827046770051,0.0,nan,4.684241369115237,0.7647058823529411,0.058823529411764705,0.07142857142857142,0.6470588235294118,0.41410124685309313,0.027852134523227434,nonhydro_winter_run029.nc
stochastic,53,0,True,27,27.0,27,24.087794697656598,24.566065570144172,24.384225852721066,1.007457268421044,0.9805312384629946,0.9805312384629946,4.450991443643268,0.9629629629629629,0.0,0.0,0.037037037037037035,0.12696285798740092,0.04745693545404783,nonhydro_winter_run023.nc
stochastic,53,1,False,27,27.0,,201.38652126670289,27.275167900737912,18.462993981246978,1.4772884575731073,0.0,nan,188.64022335441112,0.8518518518518519,0.0,0.0,1.0,1.9638299633280027,0.01669860579136251,nonhydro_winter_run023.nc
stochastic,54,0,False,29,29.0,,243.7905508119414,29.404949944811964,22.609311967455632,1.3005681016360928,0.0,nan,234.49593929796507,0.9310344827586207,0.0,0.24,0.0,3.7321628659649306,0.38165170481749366,nonhydro_winter_run010.nc
stochastic,54,1,True,29,29.0,29,2.099853649836796,43.74685636308004,37.52286044684619,1.1658721068200701,0.04800010387966889,0.04800010387966889,2.099853649836796,0.4482758620689655,0.0,0.6071428571428571,1.0,0.1473481947249411,0.008436070975411991,nonhydro_winter_run010.nc
stochastic,55,0,False,96,96.0,,134.09695864732817,148.0567751684826,122.41656825967077,1.209450463064964,0.0,nan,89.60924062061021,0.59375,0.0,0.25,0.0,0.8568465963358207,0.0934871042979667,nonhydro_winter_run029.nc
stochastic,55,1,True,96,96.0,96,87.06747361328013,95.75291691768007,92.65066775920991,1.033483289797032,0.9092931726365379,0.9092931726365379,2.3261540800519263,1.0,0.0,0.0,0.010416666666666666,0.03463691988410034,0.049261527629232305,nonhydro_winter_run029.nc
stochastic,56,0,False,97,97.0,,235.80672592611737,104.39462309984212,37.93885865116607,2.7516542882776864,0.0,nan,227.8926024529682,0.6082474226804123,0.0,0.36363636363636365,0.0,1.3540547502012785,0.1838902389267436,nonhydro_winter_run012.nc
stochastic,56,1,True,97,97.0,97,51.637507590160766,139.650649309998,106.13581043649346,1.3157731470242853,0.3697620300750287,0.3697620300750287,3.7681100058040276,0.8762886597938144,0.0,0.07692307692307693,0.010309278350515464,0.07206769282327485,0.04729320921384539,nonhydro_winter_run012.nc
stochastic,57,0,False,286,286.0,,336.3393753284035,340.23312804166363,94.42411764871851,3.603243922356961,0.0,nan,282.2637169546944,0.486013986013986,0.0,0.2830188679245283,0.0,2.1964546784086636,0.08750957607811793,nonhydro_winter_run002.nc
stochastic,57,1,True,286,286.0,286,12.371705897982238,326.9824244471791,115.68037939536862,2.8266022825671175,0.037835996594920256,0.037835996594920256,1.6680610906070332,0.479020979020979,0.0,0.37755102040816324,0.0979020979020979,0.14412979574804297,0.049917536962953424,nonhydro_winter_run002.nc
stochastic,58,0,False,65,65.0,,81.206395567752,62.49313658644087,50.88759096184381,1.2280623901669672,0.0,nan,55.77242596587638,0.9846153846153847,0.0,0.0,0.0,0.6419027762211726,0.1974996879771953,nonhydro_winter_run016.nc
stochastic,58,1,True,65,65.0,65,69.92813182600145,78.77504526227459,70.71095605538063,1.114042994986211,0.8876939593393045,0.8876939593393045,4.026125231485894,0.9846153846153847,0.0,0.0,0.015384615384615385,0.08465597758924304,0.04893189546156729,nonhydro_winter_run016.nc
stochastic,59,0,False,3600,3600.0,,93.84998094649599,3728.2823875159247,200.2204622069365,18.620885929543924,0.0,nan,8.187680281980176,0.5569444444444445,0.11416666666666667,0.3635547576301616,0.275,2.224654158358682,0.141524467960355,nonhydro_winter_run024.nc
stochastic,59,1,False,3600,3600.0,,352.4045034310588,2710.2126301673193,78.34071051658692,34.59520104293018,0.0,nan,313.4188706505687,0.3402777777777778,0.0,0.27232017912118667,0.0,1.4623117587998067,0.27792460805334585,nonhydro_winter_run024.nc
stochastic,60,0,True,413,413.0,413,48.16166808595784,511.40546469110814,368.73851688718264,1.386905466259103,0.094175114290278,0.094175114290278,3.610286132796114,0.5399515738498789,0.002421307506053269,0.38,0.3220338983050847,0.03147463110076387,0.047465509972186126,nonhydro_winter_run006.nc
stochastic,60,1,False,413,413.0,,87.94796716885928,313.9517022015393,98.95898383714307,3.172543714860796,0.0,nan,76.38320868713005,0.3171912832929782,0.0,0.02464788732394366,0.026634382566585957,0.5367051742774152,0.2776095471471116,nonhydro_winter_run006.nc
stochastic,61,0,True,210,210.0,210,14.324622636885179,293.7933252317366,216.93110134404836,1.3543162940282423,0.048757481558120104,0.048757481558120104,2.526918595559093,0.6142857142857143,0.0,0.13829787234042554,0.24761904761904763,0.03702959641238124,0.04768901491433686,nonhydro_winter_run013.nc
stochastic,61,1,False,210,210.0,,50.830107686881405,205.7645862658413,82.34642676423353,2.498767637543848,0.0,nan,2.5627485110403923,0.4857142857142857,0.004761904761904762,0.4318181818181818,0.46190476190476193,0.013941067902713655,0.11216402140453308,nonhydro_winter_run013.nc
stochastic,62,0,True,362,362.0,362,390.6587645876124,673.5346009105693,618.9826023732943,1.0881317153795802,0.580012911080545,0.580012911080545,2.980417754476019,0.8977900552486188,0.0,0.3560606060606061,0.20165745856353592,0.14238225476481858,0.026072431773145333,nonhydro_winter_run014.nc
stochastic,62,1,False,362,362.0,,95.17488079258307,601.1440180345181,361.2412755867363,1.6641066751248907,0.0,nan,12.207463494555038,0.5469613259668509,0.0,0.20540540540540542,0.049723756906077346,1.8135286421374843,0.18275416438479997,nonhydro_winter_run014.nc
stochastic,63,0,True,75,75.0,75,35.8770531974533,65.46190899113067,39.50677544443055,1.6569792967084367,0.5480599901587689,0.5480599901587689,2.0494021301007272,0.84,0.0,0.09230769230769231,0.21333333333333335,0.13561885682055674,0.04578415674385772,nonhydro_winter_run014.nc
stochastic,63,1,False,75,75.0,,62.10620513583713,89.7807961003344,52.80049623108977,1.7003778848477953,0.0,nan,62.10620513583713,0.0,0.0,0.33783783783783783,0.92,1.2391236777957246,0.052177819070292064,nonhydro_winter_run014.nc
stochastic,64,0,False,849,849.0,,376.65752783160946,807.5587060726448,67.81112943109305,11.908940506488003,0.0,nan,376.65752783160946,0.4381625441696113,0.07302709069493522,0.3217391304347826,0.4016489988221437,2.3042538872474267,0.12662251695158766,nonhydro_winter_run016.nc
stochastic,64,1,True,849,849.0,849,114.30186322374387,892.4284423093375,219.9211253498712,4.057947779639534,0.12807958353273108,0.12807958353273108,1.9463163541370387,0.6042402826855123,0.0,0.41739130434782606,0.7491166077738516,0.14765834673327305,0.03137669090711204,nonhydro_winter_run016.nc
stochastic,65,0,True,210,210.0,210,72.48185956163597,281.3360794232592,153.48603168469555,1.8329751335366102,0.2576344268044975,0.2576344268044975,2.8370399998874425,0.6761904761904762,0.0,0.39080459770114945,0.6523809523809524,0.14795032875453273,0.006149847579904777,nonhydro_winter_run006.nc
stochastic,65,1,False,210,210.0,,82.39098018402655,300.5331228619598,169.50952813298136,1.7729571085006475,0.0,nan,4.505610307607387,0.7714285714285715,0.004761904761904762,0.12269938650306748,0.10952380952380952,0.1798130037716703,0.059478141133985085,nonhydro_winter_run006.nc
stochastic,66,0,False,3600,3600.0,,275.89032132676607,4217.086176760837,419.9599624771965,10.041638616895108,0.0,nan,120.29427760224553,0.5108333333333334,0.006666666666666667,0.3289850461342666,0.2222222222222222,1.6850965998090786,0.16325967440272038,nonhydro_winter_run029.nc
stochastic,66,1,False,3600,3600.0,,129.41624764575843,2925.3545460043833,175.6972988861179,16.649968807434636,0.0,nan,79.59652898722986,0.49583333333333335,0.07,0.5067357512953368,0.8344444444444444,1.0398097261475527,0.013463130428158054,nonhydro_winter_run029.nc
stochastic,67,0,True,51,51.0,51,41.47822793222136,65.21492497270073,63.98981263362908,1.0191454278212373,0.6360235475174485,0.6360235475174485,3.363735976589511,0.803921568627451,0.0,0.0,0.29411764705882354,0.12860371979209617,0.008625944661248441,nonhydro_winter_run024.nc
stochastic,67,1,False,51,51.0,,59.50626427694848,53.516052510864746,42.520460761477246,1.258595310409931,0.0,nan,20.643848807656695,1.0,0.0,0.041666666666666664,0.21568627450980393,0.5067840344842693,0.03084489278456992,nonhydro_winter_run024.nc
stochastic,68,0,False,3600,3600.0,,37.69650677060662,2049.7916756575933,156.45028826056827,13.101872156628188,0.0,nan,37.69650677060662,0.4288888888888889,0.0,0.12098765432098765,0.0,1.6662809120302953,0.3944107076670412,nonhydro_winter_run015.nc
stochastic,68,1,False,3600,3600.0,,57.26553668032155,3313.2351050315383,70.66877564828673,46.88400321977085,0.0,nan,23.97745293115877,0.44472222222222224,0.025833333333333333,0.08020050125313283,0.07555555555555556,0.965092051508492,0.09333832398649011,nonhydro_winter_run015.nc
stochastic,69,0,False,124,124.0,,24.152525634853546,157.3530317218683,108.75728612006823,1.4468274939129162,0.0,nan,12.295116678080303,0.27419354838709675,0.0,0.4024390243902439,0.31451612903225806,0.7510327257479261,0.1264144433954808,nonhydro_winter_run002.nc
stochastic,69,1,True,124,124.0,124,56.10432410268892,148.14085355725427,129.6408729869867,1.142701758666224,0.3787228354331401,0.3787228354331401,7.750322083220243,0.8306451612903226,0.0,0.021052631578947368,0.1693548387096774,0.1354065565680429,0.035400018451748894,nonhydro_winter_run002.nc
stochastic,70,0,False,53,53.0,,74.39116659089069,90.002514802303,80.71886483614576,1.1150121472223682,0.0,nan,62.0246522936252,0.5094339622641509,0.0,0.0,0.0,1.0759544407593964,0.30858054511689026,nonhydro_winter_run020.nc
stochastic,70,1,True,53,53.0,53,14.542235868628723,119.49750609730542,114.7220610610945,1.0416262137555896,0.12169489007399996,0.12169489007399996,2.3462770666258588,0.6037735849056604,0.0,0.35714285714285715,0.018867924528301886,0.1232378397906686,0.04923689395763642,nonhydro_winter_run020.nc
stochastic,71,0,False,7,7.0,,46.25046203475551,5.8047472646107146,4.470603782626685,1.2984257936631904,0.0,nan,45.48682264649474,0.2857142857142857,0.0,0.0,0.0,0.444544353047057,0.18193635492122184,nonhydro_winter_run029.nc
stochastic,71,1,True,7,7.0,7,7.270694846484107,10.983194836157384,10.982977017160318,1.0000198324185443,0.6619835990297205,0.6619835990297205,4.112674217128996,0.8571428571428571,0.0,0.0,0.14285714285714285,0.10174839545420866,0.046229778768186236,nonhydro_winter_run029.nc
stochastic,72,0,True,64,64.0,64,49.00278790395686,67.46343069105359,50.63136295558715,1.3324435044387646,0.7263607468817204,0.7263607468817204,1.876495962670923,0.984375,0.0,0.0,0.03125,0.08950482682440253,0.045441230307931346,nonhydro_winter_run029.nc
stochastic,72,1,False,64,64.0,,55.00621096948536,79.57044743166026,60.48168908109395,1.3156121900790845,0.0,nan,5.187075349098971,0.96875,0.0,0.0,0.015625,0.154121053531469,0.048988868968936616,nonhydro_winter_run029.nc
stochastic,73,0,True,166,166.0,166,54.484707967509145,240.89152374026713,178.5303254726351,1.3493031119645311,0.22617943181037528,0.22617943181037528,3.276940368732826,0.6746987951807228,0.0,0.028846153846153848,0.4759036144578313,0.08689099421304292,0.04911470947125418,nonhydro_winter_run025.nc
stochastic,73,1,False,166,166.0,,486.72554257166604,262.6642588761449,211.4089851768947,1.2424460514597466,0.0,nan,289.6451631673371,1.0,0.0,0.41025641025641024,0.0,1.914822499067995,0.09534852336772581,nonhydro_winter_run025.nc
stochastic,74,0,True,22,22.0,22,11.064834250023528,27.086634996002484,18.275878645578704,1.4820975517122552,0.408497927175395,0.408497927175395,4.2045399170329185,0.6363636363636364,0.0,0.2631578947368421,1.0,0.14249130376164487,0.005674010080061187,nonhydro_winter_run006.nc
stochastic,74,1,False,22,22.0,,417.1299973913944,29.58920165464891,23.462506023628467,1.2611270775956502,0.0,nan,394.239647065925,0.9545454545454546,0.0,0.42857142857142855,0.0,1.6074327390462884,0.07708843981163316,nonhydro_winter_run006.nc
stochastic,75,0,False,136,136.0,,119.15688672069626,216.4908950903275,202.09677781133286,1.071223883106302,0.0,nan,94.38231059511529,0.5441176470588235,0.03676470588235294,0.034782608695652174,0.38235294117647056,1.5800643152351412,0.01721509017937517,nonhydro_winter_run020.nc
stochastic,75,1,True,136,136.0,136,87.73703583139894,140.27500805201572,120.45867169361578,1.1645073457957629,0.6254644861532637,0.6254644861532637,4.26763003333013,0.9264705882352942,0.0,0.0,0.15441176470588236,0.13734200804670849,0.02241103391867383,nonhydro_winter_run020.nc
stochastic,76,0,False,221,221.0,,151.44409411340817,256.12953648225374,180.58314207859564,1.4183468818522267,0.0,nan,14.780713124593845,0.8642533936651584,0.0,0.17613636363636365,0.06334841628959276,0.6503213818397455,0.15464189290224217,nonhydro_winter_run017.nc
stochastic,76,1,True,221,221.0,221,123.21974667422205,386.5524507987091,288.613670210034,1.3393421403684784,0.3187659175866582,0.3187659175866582,4.6499725120530835,0.7692307692307693,0.0,0.04424778761061947,0.3393665158371041,0.0631545838861527,0.04515276281134761,nonhydro_winter_run017.nc
stochastic,77,0,False,3600,3600.0,,227.15577605030666,3337.2840556685323,398.0854538802846,8.38333584696151,0.0,nan,45.023629647917645,0.48333333333333334,0.20444444444444446,0.4036178631995478,0.03611111111111111,3.5657301113535667,0.2150654603995592,nonhydro_winter_run002.nc
stochastic,77,1,False,3600,3600.0,,152.98944368478223,3562.7923020971275,41.53001565001463,85.78836887810978,0.0,nan,129.94753578664663,0.5016666666666667,0.009444444444444445,0.4345843563661873,0.023333333333333334,1.1483727669425647,0.173386960785479,nonhydro_winter_run002.nc
stochastic,78,0,False,129,129.0,,29.425077814404656,189.92558698279652,153.47348183926636,1.237514029828988,0.0,nan,29.425077814404656,0.13953488372093023,0.0,0.2625,0.5968992248062015,0.9031194658301587,0.05930458954132778,nonhydro_winter_run022.nc
stochastic,78,1,True,129,129.0,129,42.49199860909304,185.77147399745837,130.04069123112473,1.4285641843235197,0.2287326342131214,0.2287326342131214,2.50884871491889,0.6356589147286822,0.0,0.19658119658119658,0.49612403100775193,0.14261195787000247,0.03695726167178526,nonhydro_winter_run022.nc
stochastic,79,0,True,30,30.0,30,7.5727654249378675,58.76209247647713,55.67155527483268,1.0555137571851092,0.12887160932822972,0.12887160932822972,2.688392142256712,0.5666666666666667,0.0,0.5833333333333334,0.7666666666666667,0.13787370878694816,0.011701568301048293,nonhydro_winter_run004.nc
stochastic,79,1,False,30,30.0,,30.4529504170783,45.35291890188096,45.01173041455063,1.0075799904644422,0.0,nan,26.649789469805807,0.36666666666666664,0.0,0.0,0.03333333333333333,0.6069222784559187,0.0470362237398384,nonhydro_winter_run004.nc
stochastic,80,0,False,314,314.0,,26.766388836206076,290.43107159097497,148.47613448502662,1.9560791543927492,0.0,nan,26.766388836206076,0.09554140127388536,0.0,0.40460526315789475,0.5668789808917197,0.9394183629832824,0.00690750027210707,nonhydro_winter_run028.nc
stochastic,80,1,True,314,314.0,314,83.68698477908858,408.2438320934202,222.72041282933924,1.8329879462204453,0.20499264949075363,0.20499264949075363,1.8171386550417725,0.678343949044586,0.0,0.24299065420560748,0.2961783439490446,0.14012830924454533,0.04549505579549251,nonhydro_winter_run028.nc
stochastic,81,0,True,1669,1669.0,1669,18.332861201169976,1748.4789098888245,382.3428474104372,4.573065565973223,0.010485034218877512,0.010485034218877512,3.5060017529582437,0.5554224086279209,0.0017974835230677051,0.3583855254001392,0.29418813660874776,0.14206455379063243,0.04311017296469832,nonhydro_winter_run002.nc
stochastic,81,1,False,1669,1669.0,,76.52172249250741,1746.7924426681257,510.0546228052606,3.424716421666573,0.0,nan,3.1610736078024297,0.5224685440383463,0.12402636309167166,0.30682670667666917,0.45835829838226483,0.22789794716173617,0.04756564144475017,nonhydro_winter_run002.nc
stochastic,82,0,False,3600,3600.0,,48.68404469800641,4011.5892020807787,678.8129077124524,5.9097126122712185,0.0,nan,34.31084691814,0.48444444444444446,0.0002777777777777778,0.2711959573273442,0.0475,2.9101990642818905,0.39801144176162817,nonhydro_winter_run022.nc
stochastic,82,1,False,3600,3600.0,,98.30255121374343,2048.9611488927503,407.7949597515549,5.02448865513458,0.0,nan,66.30354030533923,0.7711111111111111,0.0,0.28547439126784213,0.07166666666666667,1.6697534023177951,0.22000243612999393,nonhydro_winter_run022.nc
stochastic,83,0,True,159,159.0,159,42.42605470599869,161.86185511751393,61.489401501611354,2.632353725434655,0.26211274222204356,0.26211274222204356,3.618727711549881,0.6792452830188679,0.0,0.1564625850340136,0.2578616352201258,0.1280123735714085,0.021840619706619324,nonhydro_winter_run023.nc
stochastic,83,1,False,159,159.0,,66.35999969299411,187.56493631567946,113.11020932118619,1.6582493962421434,0.0,nan,53.985832299384484,0.4716981132075472,0.0,0.3,0.7672955974842768,0.3673309263528637,0.04311146047985426,nonhydro_winter_run023.nc
stochastic,84,0,False,416,416.0,,112.27623787450904,435.7939522429525,137.8925541863938,3.16038784555311,0.0,nan,112.27623787450904,0.5192307692307693,0.0,0.25,0.2692307692307692,0.7546046578880592,0.06803672215083667,nonhydro_winter_run020.nc
stochastic,84,1,True,416,416.0,416,25.350007127792146,547.8885545813471,369.62047212102317,1.4823003483474648,0.04626854661558427,0.04626854661558427,2.905836057917447,0.4879807692307692,0.002403846153846154,0.48760330578512395,0.30528846153846156,0.05879420197255314,0.0470696054478823,nonhydro_winter_run020.nc
stochastic,85,0,True,53,53.0,53,35.032956104140524,75.57583311936328,72.60605269581326,1.0409026563665713,0.46354707130796724,0.46354707130796724,1.357758502233825,0.8301886792452831,0.0,0.0,0.018867924528301886,0.14483249931730313,0.04718382935621168,nonhydro_winter_run022.nc
stochastic,85,1,False,53,53.0,,61.80602845508819,72.14287895151068,60.40968811009025,1.194226972667661,0.0,nan,22.315058468655657,0.9433962264150944,0.0,0.0,0.0,2.0978577100514926,0.21530475010315742,nonhydro_winter_run022.nc
stochastic,86,0,True,432,432.0,432,182.03880648553744,585.1806133257353,343.4140422553791,1.7040089842644437,0.3110814034849224,0.3110814034849224,3.0002020760541654,0.7129629629629629,0.0,0.3589041095890411,0.32407407407407407,0.03654821775175776,0.04773273193880789,nonhydro_winter_run029.nc
stochastic,86,1,False,432,432.0,,799.2486463175718,428.3915983844521,78.79915141082331,5.436500148980172,0.0,nan,638.2272456399872,0.6898148148148148,0.0,0.12987012987012986,0.0,3.258884481625529,0.13380779684010713,nonhydro_winter_run029.nc
stochastic,87,0,True,46,46.0,46,40.95338294667317,61.561327795002974,59.48417289298827,1.0349194550582639,0.6652452832571526,0.6652452832571526,3.939861904548327,1.0,0.0,0.0,0.021739130434782608,0.12277152044272555,0.04563901255017544,nonhydro_winter_run019.nc
stochastic,87,1,False,46,46.0,,45.981254269231734,48.71017509561477,27.213322315885247,1.789938565023395,0.0,nan,42.24658853488479,0.6521739130434783,0.0,0.18181818181818182,0.0,1.8705928612418177,0.28336098729732495,nonhydro_winter_run019.nc
stochastic,88,0,False,3600,3600.0,,19.69356344803223,2294.131329626217,431.11452063306587,5.321396565945917,0.0,nan,15.400654325807789,0.5472222222222223,0.0002777777777777778,0.16507177033492823,0.0425,0.6164875396182552,0.11590862676201763,nonhydro_winter_run016.nc
stochastic,88,1,False,3600,3600.0,,438.261820261556,1744.5020581961487,140.11201793137099,12.450766778982747,0.0,nan,350.36641383596964,0.7722222222222223,0.005833333333333334,0.4334862385321101,0.025833333333333333,2.3924557249767844,0.14858481628598663,nonhydro_winter_run016.nc
stochastic,89,0,True,130,130.0,130,76.94397958708085,146.23699049149292,106.8040578199057,1.3692081881203382,0.5261594848777809,0.5261594848777809,1.0603923195484102,0.9076923076923077,0.0,0.0625,0.2,0.13621359894811746,0.004692954729505261,nonhydro_winter_run026.nc
stochastic,89,1,False,130,130.0,,32.666572924271115,159.85879627779906,101.89347794567212,1.568881536883382,0.0,nan,16.685269601125253,0.5307692307692308,0.0,0.38028169014084506,0.046153846153846156,0.40603400391403,0.09694000360580479,nonhydro_winter_run026.nc
stochastic,90,0,False,36,36.0,,131.43300466500526,36.16089079890045,15.485620931888269,2.3351269515087574,0.0,nan,129.54050941822774,0.5277777777777778,0.05555555555555555,0.2727272727272727,0.7222222222222222,1.3272230671087542,0.03596204122749258,nonhydro_winter_run020.nc
stochastic,90,1,True,36,36.0,36,27.353884041465943,37.36665603314939,32.23299852450624,1.159267140621128,0.7320399239685581,0.7320399239685581,3.459187355557516,0.9444444444444444,0.0,0.0,0.027777777777777776,0.11963301705002749,0.04868737319462002,nonhydro_winter_run020.nc
stochastic,91,0,True,268,268.0,268,56.737737776843126,317.80465936282826,63.85936197178292,4.976633801998434,0.17853022636797566,0.17853022636797566,1.1679344402852738,0.6305970149253731,0.0,0.05673758865248227,0.0037313432835820895,0.12586187145458183,0.049735880154295975,nonhydro_winter_run023.nc
stochastic,91,1,False,268,268.0,,193.36831441455269,403.45139141901836,287.30032678642203,1.4042844849213922,0.0,nan,36.97936188730747,0.753731343283582,0.0,0.2786885245901639,0.26865671641791045,0.6253625393139473,0.029523155239670418,nonhydro_winter_run023.nc
stochastic,92,0,True,13,13.0,13,12.406938710091808,18.73998810644749,18.713110394578262,1.0014363038160143,0.662056914850613,0.662056914850613,3.369288420036183,0.6923076923076923,0.0,0.0,0.3076923076923077,0.14654165902329908,0.029043467187573224,nonhydro_winter_run014.nc
stochastic,92,1,False,13,13.0,,42.7423859942809,26.40450153484327,25.465766653784787,1.03686262007427,0.0,nan,39.11091803003177,0.6923076923076923,0.0,0.0,0.0,0.7823746552237267,0.3529563368681675,nonhydro_winter_run014.nc
stochastic,93,0,False,86,86.0,,77.35250483407884,117.18348327613646,87.29674832130651,1.3423579403533807,0.0,nan,41.89126094219892,0.5581395348837209,0.0,0.17647058823529413,0.5465116279069767,0.9094004937736244,0.03533857837512522,nonhydro_winter_run029.nc
stochastic,93,1,True,86,86.0,86,33.084734348639365,89.02348291771368,39.46781865893881,2.255596735330376,0.37164052971529205,0.37164052971529205,3.8725910525410963,0.7325581395348837,0.0,0.2972972972972973,0.1744186046511628,0.12708851043749547,0.006482280378162231,nonhydro_winter_run029.nc
stochastic,94,0,False,237,237.0,,72.8544208329871,338.2269592830336,195.35720404648382,1.7313257575213605,0.0,nan,6.003466821157159,0.6582278481012658,0.0,0.11931818181818182,0.0,0.8148789564157681,0.1276169719099739,nonhydro_winter_run002.nc
stochastic,94,1,True,237,237.0,237,17.434483652506525,272.4052521383486,141.99349799242444,1.9184346888396384,0.06400200993060125,0.06400200993060125,4.432325862840104,0.5147679324894515,0.0,0.44019138755980863,0.7172995780590717,0.13890769161167782,0.04695812209043493,nonhydro_winter_run002.nc
stochastic,95,0,False,3600,3600.0,,13.15831318273353,2154.223708491131,179.52312562099414,11.999700322949412,0.0,nan,5.636227172970553,0.6052777777777778,0.2747222222222222,0.5769971126082772,0.9236111111111112,1.0425471883924189,0.007821541708572965,nonhydro_winter_run014.nc
stochastic,95,1,False,3600,3600.0,,122.0540453450754,3848.3057675995747,482.78220208559975,7.971101152807722,0.0,nan,26.885234345056045,0.5930555555555556,0.013055555555555556,0.3655878467635403,0.29833333333333334,1.1424370572588103,0.13308117938640407,nonhydro_winter_run014.nc
stochastic,96,0,False,245,245.0,,201.4488411691379,218.22215146099876,76.10501375376138,2.867382064564878,0.0,nan,161.33060800596533,0.4897959183673469,0.0,0.21649484536082475,0.2897959183673469,2.5466714809314723,0.07981132738633478,nonhydro_winter_run025.nc
stochastic,96,1,True,245,245.0,245,81.94859438120093,303.1445160454577,203.51217641086936,1.489564513493489,0.2703284738586939,0.2703284738586939,6.120667829821316,0.7591836734693878,0.004081632653061225,0.13,0.27755102040816326,0.047264502857913726,0.04797246707052061,nonhydro_winter_run025.nc
stochastic,97,0,False,257,257.0,,96.18674024033263,252.6690384507724,96.01074679526698,2.631674545658551,0.0,nan,30.58161136752319,0.6964980544747081,0.0,0.16666666666666666,0.669260700389105,1.2203403772188182,0.0017202924598387348,nonhydro_winter_run005.nc
stochastic,97,1,True,257,257.0,257,41.499300762617864,296.02629440786774,85.67193510185122,3.455347355653125,0.1401878871795076,0.1401878871795076,2.80639966009927,0.642023346303502,0.0038910505836575876,0.24206349206349206,0.11284046692607004,0.13284511199588422,0.033827183974789565,nonhydro_winter_run005.nc
stochastic,98,0,True,242,242.0,242,6.719633122910435,275.9299926629567,144.8726376263767,1.904638427130553,0.024352673872312026,0.024352673872312026,1.7366726917367497,0.5,0.004132231404958678,0.5974025974025974,0.6900826446280992,0.12357681506112783,0.0348576756036969,nonhydro_winter_run011.nc
stochastic,98,1,False,242,242.0,,43.601786252947846,240.10255157316374,67.72419483147031,3.545299463074488,0.0,nan,2.96585867886865,0.6363636363636364,0.08677685950413223,0.38613861386138615,0.5743801652892562,0.3801625239552777,0.03490859243136546,nonhydro_winter_run011.nc
stochastic,99,0,False,52,52.0,,60.84815290712382,63.90139340977246,50.990076935705545,1.253212335614772,0.0,nan,22.93233050260389,0.9230769230769231,0.0,0.0,0.0,0.000979708559711412,0.1825989059406321,nonhydro_winter_run029.nc
stochastic,99,1,True,52,52.0,52,31.80556390121053,63.53493179295687,49.92380822564667,1.2726379266940206,0.5005996387130193,0.5005996387130193,1.1394840388342096,0.8846153846153846,0.0,0.0,0.21153846153846154,0.1340357502325702,0.019177976188358703,nonhydro_winter_run029.nc
